client_id,amount,transaction_type,country,latitude,longitude,timestamp
C00049,823.8,virement,ES,-88.85794,-67.323199,2025-06-02 02:18:04
C00183,4814.12,achat,FR,-1.112476,170.503861,2025-06-16 12:45:04
C00097,3338.83,versement,IT,-55.722362,-76.764936,2025-06-16 06:25:04
C00028,3956.08,virement,JP,18.477242,145.283698,2025-06-04 13:53:04
C00041,1130.4,virement,ES,-19.063458,39.317616,2025-06-10 02:16:04
C00106,35.09,versement,FR,31.953386,75.57875,2025-06-12 22:41:04
C00173,3101.33,versement,US,-16.411491,145.695541,2025-05-29 00:18:04
C00100,2149.07,paiement,CN,67.785883,7.812871,2025-06-02 20:18:04
C00041,3711.49,paiement,DE,-79.493082,-84.206718,2025-05-18 08:16:04
C00095,546.89,virement,JP,-51.616558,-81.553046,2025-05-31 08:31:04
C00190,4132.24,paiement,CN,-81.141565,45.787731,2025-06-13 13:06:04
C00063,1696.93,versement,DE,49.584629,166.961189,2025-06-06 18:01:04
C00001,4360.24,paiement,US,27.943533,-160.545759,2025-06-11 20:28:04
C00119,4056.0,paiement,ES,36.92917,-7.195011,2025-06-16 10:00:04
C00063,98.97,versement,ES,57.337831,-140.761012,2025-05-24 20:09:04
C00153,1776.42,versement,IT,-88.490863,173.421566,2025-05-28 07:31:04
C00153,3535.65,virement,IT,-21.182312,-2.321791,2025-05-18 17:33:04
C00115,2489.67,paiement,ES,-6.221874,-26.136514,2025-05-23 00:26:04
C00004,1022.08,versement,IT,3.104552,0.827417,2025-05-24 14:15:04
C00078,2220.2,paiement,CN,-24.208881,126.440658,2025-06-15 15:19:04
C00050,709.87,paiement,UK,-44.168413,-41.543099,2025-06-14 21:02:04
C00080,3305.76,achat,DE,12.420023,51.818843,2025-06-06 01:20:04
C00063,2796.65,achat,DE,19.432496,-110.756238,2025-05-28 21:58:04
C00105,3025.04,versement,UK,-76.810942,16.455003,2025-06-08 22:16:04
C00154,2152.54,virement,DE,28.794532,141.37954,2025-05-24 20:35:04
C00183,4992.27,retrait,FR,-80.76608,31.548036,2025-06-15 15:31:04
C00154,717.02,retrait,IT,6.852516,18.793035,2025-05-25 17:43:04
C00013,1866.3,retrait,IT,-57.49417,-142.317518,2025-05-28 01:08:04
C00161,87.72,paiement,ES,-24.422257,-66.980378,2025-05-26 13:12:04
C00010,4926.67,paiement,IT,45.834851,-101.410834,2025-06-14 01:58:04
C00143,515.27,versement,UK,2.951696,-153.621721,2025-06-01 23:53:04
C00151,2037.82,paiement,JP,44.79453,149.867297,2025-06-04 23:18:04
C00078,3552.79,achat,FR,-67.733822,174.633958,2025-05-27 20:40:04
C00133,335.38,virement,FR,-19.490887,-14.906072,2025-05-29 09:22:04
C00147,1355.81,versement,DE,64.262662,164.419289,2025-05-26 18:31:04
C00076,2581.41,virement,ES,54.994503,155.140252,2025-06-12 02:50:04
C00166,1167.25,retrait,ES,-86.345385,-50.901725,2025-06-05 11:59:04
C00142,145.09,versement,ES,-28.175808,-99.013393,2025-06-01 13:59:04
C00067,4141.59,versement,FR,37.355252,-55.618466,2025-06-14 13:23:04
C00199,1145.95,paiement,FR,36.197001,-106.314493,2025-05-30 07:19:04
C00003,3655.13,virement,US,-10.569881,176.452561,2025-06-05 00:47:04
C00113,1112.32,achat,IT,71.419483,-139.865168,2025-06-02 12:47:04
C00090,775.42,versement,ES,-14.385442,-155.658523,2025-06-14 09:47:04
C00121,896.96,paiement,ES,6.444871,-44.219683,2025-05-31 11:12:04
C00116,4071.66,virement,UK,52.907657,-40.043246,2025-05-29 03:49:04
C00098,3260.94,paiement,JP,-2.78269,1.393242,2025-06-16 06:59:04
C00003,2420.47,retrait,UK,26.771533,-26.122459,2025-05-29 19:33:04
C00020,1395.51,virement,ES,52.334284,-114.879494,2025-06-06 03:36:04
C00137,3237.74,versement,CN,37.261557,111.995157,2025-05-27 06:54:04
C00012,2802.74,achat,UK,-46.36254,175.180392,2025-06-03 18:13:04
C00197,4152.35,virement,JP,-24.917385,61.68066,2025-05-31 11:33:04
C00036,2643.76,retrait,FR,-29.341069,-3.548912,2025-06-16 22:18:04
C00156,2017.52,achat,IT,-40.536161,65.263579,2025-05-23 13:09:04
C00071,3356.98,retrait,ES,55.011366,59.166505,2025-06-08 09:31:04
C00058,4439.54,virement,IT,59.264018,179.375066,2025-05-21 19:27:04
C00061,3889.91,retrait,US,-85.289005,44.238689,2025-06-09 13:20:04
C00143,4426.37,achat,FR,-87.637856,-105.117271,2025-06-15 05:10:04
C00080,974.18,paiement,DE,53.494855,127.34666,2025-06-11 03:27:04
C00143,1927.32,retrait,FR,-68.179211,-86.958603,2025-05-27 19:08:04
C00164,4847.76,achat,IT,50.244654,-178.275815,2025-05-19 16:08:04
C00165,2148.01,versement,DE,-25.58898,101.858743,2025-05-27 21:26:04
C00184,2259.68,versement,IT,75.204344,-107.589972,2025-06-14 20:11:04
C00103,3975.16,versement,UK,-16.165175,93.131848,2025-05-21 17:03:04
C00098,248.23,versement,JP,67.927643,-167.981996,2025-06-09 15:20:04
C00040,3917.52,virement,UK,88.799426,-130.526745,2025-06-10 15:42:04
C00086,201.3,achat,UK,-2.616898,175.058831,2025-05-29 12:22:04
C00086,3062.73,achat,CN,35.740872,89.766171,2025-05-22 20:34:04
C00042,1806.43,virement,DE,-42.12045,11.829742,2025-06-01 09:22:04
C00152,3376.75,virement,FR,-61.764847,-53.747495,2025-06-10 15:42:04
C00198,3334.22,paiement,UK,-25.585739,-94.410845,2025-05-24 22:24:04
C00160,1695.48,retrait,CN,-3.05284,-136.153059,2025-05-25 05:19:04
C00158,3207.62,retrait,JP,71.930874,-6.095817,2025-05-27 20:05:04
C00115,4822.45,paiement,DE,-48.732267,-164.840751,2025-05-25 22:37:04
C00073,4682.38,versement,IT,6.964431,-149.970171,2025-06-09 23:20:04
C00102,4217.4,achat,JP,-28.679359,153.807779,2025-05-30 05:53:04
C00115,2631.3,virement,CN,30.116626,-35.25829,2025-05-18 11:14:04
C00075,2790.57,paiement,IT,-57.121921,157.550874,2025-06-15 10:11:04
C00134,302.45,versement,CN,87.302003,-63.26096,2025-05-19 23:18:04
C00023,571.69,achat,UK,60.31276,54.94676,2025-05-29 07:07:04
C00083,4766.86,paiement,DE,-20.784933,-143.025393,2025-05-23 10:43:04
C00056,2582.07,versement,JP,-0.115053,-174.605828,2025-06-03 12:45:04
C00044,4349.15,versement,FR,-30.739575,67.733035,2025-06-13 13:26:04
C00059,1464.6,paiement,ES,6.235039,122.700347,2025-06-01 12:29:04
C00171,132.7,retrait,FR,-13.154057,60.805104,2025-05-24 22:14:04
C00130,1036.01,versement,FR,25.090212,-159.264589,2025-06-03 16:34:04
C00038,1023.44,paiement,CN,3.229214,-48.771833,2025-05-28 02:59:04
C00148,2120.03,paiement,IT,87.403587,-120.550081,2025-06-09 01:25:04
C00052,4253.12,achat,ES,77.345714,-43.788044,2025-06-05 23:39:04
C00039,4831.06,paiement,CN,82.484728,34.298681,2025-05-18 11:36:04
C00041,131.3,virement,FR,5.737727,-44.738378,2025-05-25 02:37:04
C00067,397.16,versement,US,72.347242,-76.03353,2025-05-28 04:31:04
C00154,2382.81,virement,IT,48.392465,32.418415,2025-06-09 23:29:04
C00146,3429.83,retrait,ES,-7.959125,-170.225367,2025-06-07 07:41:04
C00111,614.11,versement,IT,-40.19294,-144.006345,2025-06-01 08:33:04
C00156,3171.33,achat,DE,-6.924987,124.564201,2025-05-20 01:44:04
C00168,1595.49,retrait,DE,-53.884924,4.779089,2025-06-11 04:19:04
C00147,1195.81,achat,ES,-18.53051,-79.827084,2025-06-09 06:51:04
C00139,4226.86,virement,UK,34.445964,-172.973427,2025-05-30 20:18:04
C00117,390.48,achat,IT,79.109903,-102.816863,2025-06-11 20:34:04
C00022,2399.92,virement,US,-27.874362,16.734417,2025-05-29 13:26:04
C00161,840.97,retrait,US,44.99586,-139.711036,2025-06-14 23:47:04
C00006,4603.0,versement,DE,1.023059,112.11928,2025-05-23 18:10:04
C00014,652.57,retrait,FR,-64.043078,105.037748,2025-05-26 13:56:04
C00186,3620.43,virement,IT,-37.089871,6.006114,2025-05-28 15:20:04
C00029,2141.18,retrait,US,37.669961,111.788297,2025-05-21 08:17:04
C00010,1678.35,paiement,ES,-25.866654,150.41594,2025-06-14 01:06:04
C00151,3219.61,retrait,US,-40.676258,-30.527581,2025-05-27 04:34:04
C00200,4098.84,retrait,IT,-38.804486,27.213886,2025-06-12 12:50:04
C00092,2195.28,virement,FR,-48.390505,31.967888,2025-05-25 19:06:04
C00113,2166.89,versement,IT,-62.647838,-20.651593,2025-05-21 03:31:04
C00155,3178.59,achat,CN,-23.221462,-83.686985,2025-06-04 11:12:04
C00003,3558.62,achat,IT,0.356691,-150.504563,2025-05-29 22:44:04
C00184,1082.83,versement,FR,-5.490814,-72.900687,2025-06-05 18:59:04
C00145,4321.69,achat,ES,-35.915591,-99.904301,2025-05-30 20:58:04
C00164,4859.12,virement,JP,28.615288,33.107901,2025-06-11 02:45:04
C00022,4278.03,achat,IT,44.184312,-137.637036,2025-06-08 06:25:04
C00072,2239.86,achat,DE,-20.35482,53.643778,2025-05-20 11:39:04
C00132,2731.82,achat,UK,84.374765,-119.936054,2025-06-14 16:36:04
C00027,1976.47,virement,ES,53.440882,-62.586489,2025-05-23 06:43:04
C00175,4940.68,paiement,ES,-3.446017,-18.13971,2025-06-04 01:17:04
C00026,2279.35,paiement,ES,-28.654659,9.33246,2025-05-30 06:39:04
C00189,4234.03,retrait,DE,-64.189892,156.096365,2025-05-23 12:41:04
C00082,4357.41,achat,UK,87.102183,-33.356547,2025-06-05 11:20:04
C00024,2431.73,versement,JP,-18.723714,131.241192,2025-06-05 12:57:04
C00062,2388.75,achat,FR,46.157724,-10.15003,2025-06-08 18:09:04
C00099,958.81,virement,CN,-68.683416,-91.168511,2025-06-12 03:10:04
C00114,1715.79,achat,ES,-63.421208,-62.650585,2025-06-16 15:14:04
C00059,4302.55,retrait,US,-34.863798,57.79356,2025-05-20 10:21:04
C00108,529.24,retrait,IT,-83.026863,-65.024672,2025-05-19 21:49:04
C00096,613.43,versement,FR,61.908928,-123.146134,2025-06-07 21:51:04
C00133,56.83,achat,JP,89.80513,-14.391268,2025-06-07 23:01:04
C00093,1718.3,achat,DE,-74.539162,-77.738633,2025-06-15 21:56:04
C00010,2884.77,virement,UK,64.064524,151.653354,2025-06-04 16:23:04
C00174,1336.47,retrait,FR,42.39768,-129.740194,2025-06-15 14:29:04
C00077,2261.71,achat,DE,-15.103609,-50.34801,2025-05-29 01:42:04
C00194,887.62,achat,IT,-35.339019,20.877555,2025-05-19 09:33:04
C00061,1723.04,versement,DE,67.313709,161.363881,2025-05-29 09:21:04
C00072,3750.74,virement,US,26.753373,-13.240285,2025-06-11 01:19:04
C00087,3247.16,paiement,UK,55.575338,43.654208,2025-05-25 19:02:04
C00191,3578.09,achat,DE,75.186237,-32.014658,2025-05-23 14:44:04
C00182,1235.92,achat,ES,9.010728,9.446432,2025-05-22 09:12:04
C00165,4857.42,achat,JP,-43.401514,-130.472967,2025-06-14 22:03:04
C00050,377.85,versement,FR,39.650733,-116.876814,2025-05-21 07:03:04
C00173,3152.39,retrait,DE,41.242869,63.877105,2025-06-08 07:15:04
C00084,4521.1,virement,UK,-50.569554,8.564302,2025-05-22 05:43:04
C00070,1080.51,achat,FR,80.783081,-57.396054,2025-05-21 05:14:04
C00156,1871.47,virement,JP,-83.755681,-21.872732,2025-06-10 11:38:04
C00005,2646.63,virement,FR,-5.278824,-135.414909,2025-06-02 07:07:04
C00059,4276.09,retrait,UK,-45.130186,106.042176,2025-05-22 11:22:04
C00185,3990.95,retrait,UK,-77.480348,41.054177,2025-06-09 08:23:04
C00066,1359.15,retrait,FR,68.637414,-66.350621,2025-06-05 13:57:04
C00106,4400.27,retrait,DE,-44.809998,-0.246063,2025-05-18 00:21:04
C00133,2881.08,versement,CN,-11.184248,3.85717,2025-06-16 23:43:04
C00091,1254.2,paiement,ES,50.751881,-106.920437,2025-06-07 07:36:04
C00036,1756.46,achat,IT,-1.516037,-47.162091,2025-05-25 13:50:04
C00121,1536.29,paiement,JP,84.798552,25.393482,2025-06-14 20:00:04
C00186,4572.34,versement,US,43.529576,-67.165587,2025-05-28 03:00:04
C00109,3242.96,achat,CN,72.857657,-62.889104,2025-05-28 21:01:04
C00074,2716.22,virement,UK,42.004632,-21.432656,2025-06-10 11:57:04
C00029,2371.15,achat,CN,37.929858,43.433968,2025-05-25 17:01:04
C00057,3116.47,retrait,ES,-86.621899,25.853657,2025-05-31 08:05:04
C00038,2196.66,retrait,US,-89.250472,121.511091,2025-06-12 14:12:04
C00043,4469.21,versement,DE,-49.552728,144.181906,2025-05-19 11:06:04
C00060,3943.19,paiement,CN,44.057444,11.515662,2025-05-30 11:33:04
C00198,4194.99,retrait,DE,-55.487035,-100.581428,2025-05-20 15:53:04
C00195,4142.62,virement,DE,-48.11664,119.942172,2025-06-01 06:02:04
C00084,909.34,retrait,ES,-63.446405,-49.24596,2025-05-24 00:16:04
C00110,3507.21,virement,JP,-69.742079,-168.306946,2025-05-28 22:09:04
C00081,2481.89,paiement,IT,-86.864482,-108.020092,2025-05-21 15:32:04
C00037,337.13,versement,DE,68.562634,-1.386912,2025-05-24 06:15:04
C00189,4329.65,retrait,ES,-58.933532,-153.178441,2025-06-15 03:02:04
C00112,3784.56,achat,IT,33.380655,-51.392483,2025-05-24 20:31:04
C00191,1970.92,paiement,UK,12.101392,45.696842,2025-05-31 09:08:04
C00106,2349.39,achat,UK,63.459214,90.145093,2025-05-25 18:09:04
C00184,2712.65,versement,ES,56.025623,46.820475,2025-05-19 10:50:04
C00178,1139.55,virement,JP,-20.014645,-137.085626,2025-06-01 13:57:04
C00071,3002.85,achat,CN,12.039438,-161.204194,2025-05-31 09:03:04
C00125,3215.89,virement,JP,-24.879042,-27.909399,2025-06-10 05:01:04
C00041,2355.04,virement,CN,-59.36594,100.65953,2025-05-19 02:21:04
C00017,4355.96,retrait,IT,84.789532,-134.176588,2025-06-01 23:40:04
C00006,2333.5,achat,DE,-48.978952,-123.753074,2025-06-12 11:10:04
C00083,384.21,versement,US,49.847745,96.88975,2025-06-11 13:12:04
C00180,355.98,retrait,DE,38.596615,-18.795261,2025-06-07 10:40:04
C00175,1194.35,retrait,CN,71.353209,85.117719,2025-06-07 14:39:04
C00023,1196.38,achat,UK,-21.603509,-163.63596,2025-06-13 07:07:04
C00019,88.2,versement,FR,43.797288,52.294506,2025-05-20 07:18:04
C00029,841.42,versement,JP,-2.451237,130.876604,2025-05-28 17:52:04
C00081,1589.3,virement,CN,39.663859,-39.673721,2025-06-02 07:03:04
C00022,3991.95,achat,US,60.49677,-104.95002,2025-06-04 02:08:04
C00023,3970.17,achat,IT,-87.017557,-139.318287,2025-05-19 18:52:04
C00163,565.29,achat,CN,71.924852,78.016481,2025-05-31 16:09:04
C00073,1530.82,achat,IT,-7.090369,-177.642752,2025-05-26 13:06:04
C00039,4325.63,retrait,UK,33.104183,98.277031,2025-06-09 13:59:04
C00054,1626.46,retrait,CN,78.158127,27.172246,2025-05-30 10:36:04
C00044,2324.55,versement,FR,18.349036,66.676899,2025-06-01 18:14:04
C00136,3684.47,virement,US,-20.871489,142.634488,2025-05-18 22:25:04
C00182,3408.21,virement,CN,-35.836615,62.605019,2025-05-24 01:17:04
C00053,3284.87,paiement,DE,67.393416,69.716532,2025-05-20 09:00:04
C00088,594.87,paiement,IT,-80.328525,42.749495,2025-06-01 19:04:04
C00146,1592.48,achat,UK,-68.643158,-171.4802,2025-06-01 10:55:04
C00008,3867.36,retrait,US,50.269686,-16.962968,2025-06-04 03:20:04
C00043,2164.64,virement,ES,-70.485759,72.247515,2025-06-04 13:41:04
C00009,4974.55,achat,DE,-68.845837,-128.003252,2025-06-03 00:52:04
C00040,2839.0,paiement,CN,88.620792,54.140485,2025-06-14 12:25:04
C00097,1004.75,versement,CN,-66.253636,52.946719,2025-05-31 05:51:04
C00019,770.7,paiement,JP,40.933366,5.647311,2025-06-02 02:21:04
C00199,3190.04,achat,UK,77.43918,-88.575323,2025-05-23 06:55:04
C00078,1158.12,virement,JP,15.317413,48.016077,2025-05-24 01:51:04
C00074,795.96,versement,US,-43.648238,-85.757089,2025-06-11 14:40:04
C00041,174.99,virement,JP,43.948654,-114.347782,2025-06-12 15:07:04
C00122,4728.04,retrait,DE,11.016037,9.321386,2025-06-14 05:50:04
C00096,708.46,virement,JP,47.086999,-50.1393,2025-06-07 08:44:04
C00092,4764.98,retrait,DE,-33.362478,-81.442665,2025-05-18 07:43:04
C00112,2124.01,versement,DE,85.975128,-137.24891,2025-05-26 13:20:04
C00078,1778.24,retrait,UK,-15.865209,57.324943,2025-06-01 11:26:04
C00027,2245.27,retrait,UK,56.365552,-13.607378,2025-05-18 02:09:04
C00148,2312.17,versement,DE,43.618296,167.363013,2025-06-14 03:32:04
C00099,4428.76,paiement,US,13.766591,-57.991397,2025-06-16 22:28:04
C00173,630.99,virement,IT,-16.516917,11.796345,2025-06-01 10:35:04
C00078,3477.78,achat,JP,-78.671427,-43.743666,2025-06-13 04:31:04
C00110,4132.08,retrait,FR,30.732249,65.688593,2025-05-23 06:01:04
C00042,3966.45,virement,CN,51.6756,132.163414,2025-05-29 04:54:04
C00091,1334.53,retrait,FR,-85.527545,-142.072726,2025-06-08 21:56:04
C00050,4956.25,achat,JP,37.728318,146.651871,2025-05-18 07:15:04
C00081,1039.53,paiement,FR,53.250784,164.929143,2025-06-12 21:54:04
C00025,2752.28,paiement,DE,-75.49112,-33.62662,2025-06-08 17:14:04
C00141,3346.01,achat,FR,20.832536,144.811887,2025-06-03 20:01:04
C00094,2677.63,versement,IT,-16.750385,50.613065,2025-05-30 12:35:04
C00107,159.01,retrait,UK,57.303727,48.072228,2025-06-04 01:16:04
C00006,4357.36,achat,CN,64.347408,-48.281723,2025-05-20 23:18:04
C00036,1514.62,virement,US,-30.021933,-134.102447,2025-05-31 22:34:04
C00131,105.29,virement,JP,9.446327,-149.436099,2025-05-29 08:21:04
C00044,2860.19,virement,JP,-55.940027,-56.885192,2025-06-15 14:25:04
C00025,931.99,virement,ES,-23.167519,-137.874805,2025-06-01 06:30:04
C00012,3170.54,retrait,US,-21.265118,-131.21489,2025-06-11 05:35:04
C00042,1632.23,paiement,CN,-57.154951,45.925259,2025-05-27 12:23:04
C00178,2463.6,virement,ES,-63.546537,19.808296,2025-05-18 01:04:04
C00070,3547.57,versement,FR,84.16654,85.811683,2025-05-26 10:44:04
C00118,1232.91,virement,DE,-73.628661,99.880161,2025-05-19 14:17:04
C00118,4367.85,achat,JP,-83.986652,-0.781881,2025-05-25 02:40:04
C00097,3950.44,virement,FR,12.64346,-149.847796,2025-06-08 16:29:04
C00192,478.01,versement,IT,35.978676,-5.072456,2025-05-25 03:19:04
C00193,2206.58,achat,FR,86.475888,132.687073,2025-05-28 06:12:04
C00091,4503.09,achat,FR,18.981742,-127.158009,2025-05-26 12:42:04
C00089,1729.55,virement,ES,-68.075779,-115.149116,2025-06-04 16:35:04
C00024,3720.11,achat,UK,-25.312044,158.457845,2025-05-20 22:47:04
C00016,4403.92,versement,UK,66.367942,-136.358687,2025-06-08 20:15:04
C00148,43.63,achat,IT,-84.441327,-26.133009,2025-05-22 06:58:04
C00009,4207.87,achat,CN,-61.417894,-22.15841,2025-06-05 18:50:04
C00179,2500.95,virement,FR,-38.21541,-59.53673,2025-05-29 02:56:04
C00140,422.39,achat,US,-75.904098,66.471481,2025-06-05 07:42:04
C00075,2744.22,versement,UK,-75.354247,89.247918,2025-05-18 08:33:04
C00045,4130.56,paiement,CN,1.395909,87.49386,2025-06-14 01:59:04
C00194,1837.25,versement,UK,-65.618245,179.649625,2025-05-26 00:30:04
C00090,2603.8,virement,ES,-44.631474,-11.568464,2025-06-10 15:02:04
C00071,3360.36,achat,US,-65.571382,-170.826838,2025-06-03 19:48:04
C00061,2934.26,virement,FR,3.552415,-54.07006,2025-05-27 10:49:04
C00171,3250.36,virement,UK,-19.490104,-74.306361,2025-06-07 16:23:04
C00061,4009.03,retrait,DE,5.658179,78.879171,2025-06-16 07:50:04
C00172,1789.72,retrait,IT,55.138463,8.549389,2025-05-22 03:47:04
C00014,457.39,virement,IT,-29.727775,130.646755,2025-06-14 00:08:04
C00004,4867.98,paiement,JP,34.881498,-4.199071,2025-06-12 21:38:04
C00120,869.53,paiement,ES,42.682651,-25.320528,2025-06-12 16:22:04
C00009,1372.85,paiement,DE,-58.79265,-105.150682,2025-06-05 21:24:04
C00189,817.95,paiement,IT,69.675351,165.270013,2025-05-28 17:40:04
C00180,4265.47,retrait,UK,-32.062908,-68.35511,2025-05-19 10:46:04
C00184,2086.31,versement,CN,71.790857,-127.489161,2025-06-09 01:06:04
C00076,2223.6,versement,ES,6.830551,-145.564532,2025-05-23 00:25:04
C00172,3871.38,versement,US,-87.751822,-58.559996,2025-06-13 13:31:04
C00142,4919.71,virement,JP,-47.621735,-2.682351,2025-06-02 22:38:04
C00022,1818.66,achat,IT,-85.312603,-18.841976,2025-06-06 02:51:04
C00148,3096.12,achat,US,83.316979,127.868663,2025-06-01 03:06:04
C00063,2064.86,virement,CN,7.078789,-72.945629,2025-06-03 23:41:04
C00195,4702.18,versement,ES,34.066791,160.481456,2025-05-23 17:13:04
C00165,3457.78,versement,FR,-41.736313,64.486267,2025-05-20 22:03:04
C00106,3547.04,achat,FR,5.881095,-8.911779,2025-06-04 10:09:04
C00175,1524.66,paiement,IT,-52.453324,104.743538,2025-06-16 23:48:04
C00094,53.07,paiement,UK,39.799845,-111.191863,2025-06-06 20:59:04
C00098,2171.14,paiement,CN,67.963362,149.615156,2025-06-03 20:22:04
C00024,1671.95,achat,UK,-70.98739,-59.013976,2025-05-31 12:51:04
C00058,3056.27,versement,US,-33.075713,-73.057812,2025-05-23 04:33:04
C00092,885.57,achat,ES,75.284417,124.343393,2025-05-23 23:09:04
C00009,4478.54,versement,CN,-89.610368,-157.023457,2025-05-19 06:01:04
C00083,1230.14,versement,CN,45.083038,-23.214373,2025-06-06 15:44:04
C00056,3863.36,achat,ES,-23.50659,68.041212,2025-06-13 04:07:04
C00047,1979.34,virement,UK,-20.968096,-10.79865,2025-05-19 22:55:04
C00112,3446.89,virement,ES,-21.336919,124.896269,2025-05-29 07:38:04
C00115,3730.22,paiement,UK,-6.036188,51.422922,2025-06-01 06:47:04
C00133,1963.93,retrait,FR,-35.937591,70.248203,2025-06-16 18:47:04
C00071,1039.51,virement,FR,54.425391,-154.345262,2025-05-25 02:33:04
C00122,2266.41,paiement,DE,-69.926984,126.6561,2025-05-31 13:50:04
C00153,2783.67,versement,DE,-74.568047,-25.589571,2025-06-15 01:57:04
C00056,4069.72,virement,FR,83.647112,-111.830603,2025-06-08 16:59:04
C00106,3077.61,achat,ES,60.491695,-0.315085,2025-06-01 01:35:04
C00045,552.23,achat,FR,-83.334918,131.985196,2025-06-02 02:48:04
C00082,1457.11,paiement,DE,68.595296,-83.045803,2025-06-01 06:19:04
C00068,4834.4,achat,UK,-20.283259,158.029365,2025-05-31 18:17:04
C00025,1548.59,retrait,FR,42.765639,-167.662238,2025-05-22 22:38:04
C00169,161.29,versement,CN,-85.144457,-151.549355,2025-05-29 07:22:04
C00059,3111.4,virement,DE,65.719376,178.178502,2025-05-31 00:23:04
C00134,2588.33,versement,US,-51.222205,-106.775169,2025-06-08 01:39:04
C00145,2570.79,virement,IT,-13.488397,70.249743,2025-06-08 00:13:04
C00137,2065.07,virement,DE,70.908789,4.573328,2025-06-08 12:18:04
C00009,3319.61,virement,IT,-14.621988,-91.876587,2025-05-25 21:44:04
C00106,1707.05,virement,JP,-87.555467,51.237272,2025-06-02 22:44:04
C00138,3471.89,versement,ES,-24.345796,73.592576,2025-06-13 21:54:04
C00137,2876.62,paiement,CN,9.946247,80.871185,2025-06-07 11:21:04
C00153,1315.39,retrait,JP,58.186767,33.054095,2025-06-04 08:20:04
C00095,2905.38,retrait,IT,17.455907,119.879934,2025-05-23 18:26:04
C00056,2162.67,virement,ES,45.93102,130.260025,2025-05-18 21:51:04
C00125,4729.26,retrait,US,46.880447,151.788433,2025-05-18 03:48:04
C00007,1156.17,versement,US,-89.816334,-67.910512,2025-05-29 22:29:04
C00010,1273.99,paiement,JP,49.871659,118.947344,2025-06-12 02:16:04
C00057,4506.13,virement,JP,9.681148,29.14929,2025-05-22 07:21:04
C00050,636.79,virement,DE,48.717633,59.800771,2025-06-16 01:27:04
C00061,2244.82,virement,US,-80.376039,40.25316,2025-05-26 10:44:04
C00115,2448.83,virement,CN,-87.494976,84.824543,2025-06-07 11:03:04
C00139,864.78,virement,ES,-22.77377,-54.658193,2025-05-29 09:45:04
C00037,701.57,versement,ES,-1.707386,57.667131,2025-06-15 18:10:04
C00072,3968.68,retrait,DE,77.251665,-59.867429,2025-05-26 14:45:04
C00115,1261.79,achat,FR,48.488866,-22.625166,2025-05-31 14:02:04
C00186,3959.94,achat,CN,-38.755007,170.746916,2025-06-11 23:36:04
C00032,3826.45,retrait,IT,24.905652,1.074478,2025-05-26 06:57:04
C00092,2507.25,retrait,DE,13.499154,0.057838,2025-06-10 21:27:04
C00186,339.27,retrait,UK,64.60612,-138.456274,2025-05-18 10:18:04
C00042,305.74,virement,UK,26.508804,132.913747,2025-06-13 08:01:04
C00184,4930.27,versement,IT,12.059178,143.111299,2025-06-03 15:28:04
C00078,100.62,paiement,DE,-45.752885,83.709982,2025-06-11 03:59:04
C00188,4408.12,virement,CN,-41.740039,59.009977,2025-05-20 05:24:04
C00048,2603.04,virement,UK,-89.617575,36.69933,2025-05-22 09:50:04
C00004,4696.29,virement,CN,-12.102112,-24.482882,2025-05-19 06:47:04
C00007,991.89,paiement,ES,-44.23098,-44.170881,2025-06-04 09:52:04
C00011,4201.0,versement,JP,29.689442,43.182445,2025-06-03 13:24:04
C00078,340.56,virement,DE,-19.032739,-174.191507,2025-05-27 01:53:04
C00160,3247.53,virement,US,46.805295,-135.515984,2025-05-18 06:21:04
C00188,946.68,versement,CN,-58.29619,25.899615,2025-05-19 11:02:04
C00035,3665.95,virement,IT,-35.729232,-35.887367,2025-06-08 03:59:04
C00111,928.8,versement,FR,87.010795,-71.877334,2025-06-11 04:48:04
C00020,1476.55,paiement,UK,11.739213,106.594175,2025-06-11 07:59:04
C00150,4511.56,paiement,FR,-40.840319,46.207851,2025-05-19 15:25:04
C00089,2451.65,versement,DE,19.426337,143.766739,2025-05-30 16:55:04
C00018,3434.46,achat,US,87.394786,60.278188,2025-05-26 14:01:04
C00090,664.86,versement,ES,89.420052,15.494802,2025-06-05 12:19:04
C00104,516.32,versement,CN,-40.556353,-56.295372,2025-06-14 03:37:04
C00095,3334.97,virement,US,-25.940859,132.092592,2025-05-24 20:32:04
C00161,3043.4,paiement,DE,3.68813,155.773046,2025-05-19 10:22:04
C00109,1175.34,achat,JP,88.208284,-48.734502,2025-06-14 10:23:04
C00200,4555.75,virement,UK,-79.473513,-157.600572,2025-06-01 18:14:04
C00028,3632.0,achat,UK,-2.5921,97.599199,2025-06-10 00:49:04
C00015,701.95,paiement,FR,76.841202,57.559862,2025-05-27 03:23:04
C00107,1230.09,virement,DE,16.694444,-106.888598,2025-06-13 16:53:04
C00101,3690.74,retrait,DE,63.808687,-120.339623,2025-06-08 10:18:04
C00023,1025.15,paiement,JP,-16.199072,-153.207631,2025-06-09 10:42:04
C00013,1756.09,achat,ES,23.583227,179.255999,2025-06-02 20:54:04
C00007,1526.27,versement,CN,-61.853898,-47.69596,2025-05-25 08:10:04
C00042,4410.67,retrait,US,-9.368257,-63.194935,2025-06-11 17:37:04
C00032,823.64,virement,DE,-71.481406,10.014335,2025-05-30 02:30:04
C00090,3094.81,achat,CN,15.036575,107.800348,2025-06-13 06:54:04
C00173,1073.9,retrait,US,84.144333,-26.401274,2025-06-11 10:02:04
C00031,2708.35,paiement,UK,-40.072252,106.343691,2025-06-05 02:59:04
C00134,3663.74,achat,US,24.47906,95.737892,2025-06-10 05:42:04
C00088,4976.73,virement,FR,28.235857,89.63779,2025-05-19 16:42:04
C00080,2409.53,versement,DE,55.746251,54.737301,2025-06-06 22:26:04
C00085,18.69,paiement,CN,28.252174,34.501024,2025-06-09 10:21:04
C00146,1728.57,retrait,US,14.082988,179.402518,2025-05-30 12:00:04
C00091,1120.09,paiement,DE,36.411603,-25.565786,2025-06-13 03:31:04
C00139,3058.23,retrait,ES,71.609153,30.908247,2025-05-30 16:06:04
C00094,2842.03,virement,DE,-47.716701,127.510978,2025-05-28 18:56:04
C00058,4756.29,achat,CN,-20.813648,81.757002,2025-05-27 19:53:04
C00021,4287.58,versement,ES,61.257256,39.381341,2025-05-22 09:56:04
C00021,790.45,achat,UK,-85.110609,147.66642,2025-06-05 10:16:04
C00057,3021.54,achat,DE,36.586986,124.870337,2025-06-16 12:07:04
C00019,4208.98,versement,CN,-53.816949,-23.442903,2025-05-18 08:36:04
C00180,3258.27,virement,CN,79.201719,33.696352,2025-06-14 11:15:04
C00195,1213.53,paiement,ES,-43.537145,159.419439,2025-05-24 20:36:04
C00027,4319.13,paiement,CN,-17.737467,100.704997,2025-06-13 15:07:04
C00098,3740.56,achat,IT,-60.352869,-173.806506,2025-06-07 00:09:04
C00066,3192.79,versement,IT,-77.750788,121.557002,2025-06-04 20:22:04
C00076,4231.28,paiement,UK,49.449105,-124.998306,2025-06-16 07:57:04
C00177,115.65,versement,IT,0.725977,-134.99069,2025-05-18 10:28:04
C00083,3265.22,virement,FR,47.577391,-100.601351,2025-06-08 10:41:04
C00104,3991.65,retrait,FR,-84.716771,114.670494,2025-05-30 01:37:04
C00061,2157.27,achat,IT,41.46835,-85.568563,2025-05-21 07:30:04
C00122,591.99,virement,IT,-53.90487,-93.202636,2025-05-24 10:03:04
C00144,4786.55,virement,US,-60.714867,179.529631,2025-05-24 18:23:04
C00004,2087.08,retrait,DE,1.763605,-154.438922,2025-06-12 12:29:04
C00080,53.39,paiement,ES,-74.071528,88.92867,2025-06-02 22:18:04
C00138,615.55,retrait,JP,55.250631,54.228541,2025-05-19 15:18:04
C00172,4292.96,versement,ES,56.824337,-54.420617,2025-06-07 21:13:04
C00079,4983.32,virement,US,65.194941,-163.306324,2025-05-20 20:46:04
C00197,1360.47,achat,UK,26.070013,71.502907,2025-06-07 12:22:04
C00154,2618.45,versement,JP,36.726245,-178.689525,2025-05-25 12:56:04
C00191,4541.2,virement,UK,-38.377518,135.096963,2025-05-31 10:14:04
C00073,1670.98,retrait,JP,51.394931,-89.312243,2025-05-30 02:35:04
C00008,1557.26,paiement,DE,-72.621664,-0.534828,2025-06-12 21:11:04
C00048,800.91,retrait,CN,-31.663229,-95.071224,2025-05-23 17:54:04
C00155,4122.14,retrait,IT,81.229299,112.778855,2025-06-03 18:49:04
C00164,4911.63,retrait,DE,-25.709989,65.461172,2025-06-09 13:54:04
C00008,3099.35,retrait,FR,-70.676736,45.217654,2025-06-01 23:59:04
C00112,4193.35,virement,CN,-89.999539,145.273166,2025-05-25 03:35:04
C00179,4162.19,paiement,US,-15.674535,-74.012401,2025-06-07 22:39:04
C00086,3450.9,virement,CN,78.486366,93.294033,2025-06-04 12:45:04
C00194,3275.3,achat,CN,85.438443,130.762726,2025-06-05 18:45:04
C00071,478.87,versement,US,37.27355,157.136754,2025-06-12 15:29:04
C00137,2057.21,versement,UK,56.649614,-165.380384,2025-06-14 01:56:04
C00144,746.48,retrait,UK,-52.706357,-13.642579,2025-06-10 03:00:04
C00116,1806.88,virement,CN,-61.89146,-100.452054,2025-06-08 02:44:04
C00036,2554.64,retrait,US,88.731634,101.291729,2025-05-26 22:44:04
C00143,2001.82,achat,CN,-35.41784,-20.411968,2025-06-04 23:46:04
C00141,423.48,virement,UK,-56.512936,10.465145,2025-05-24 11:20:04
C00114,1638.69,achat,CN,44.761895,154.772815,2025-06-08 23:53:04
C00191,4614.38,paiement,US,39.375822,-137.088468,2025-06-10 18:34:04
C00038,3137.62,virement,ES,62.634343,172.252866,2025-06-13 17:24:04
C00134,4407.32,versement,UK,-87.448107,43.439327,2025-06-15 04:18:04
C00159,2609.62,paiement,UK,-42.034773,-177.063396,2025-05-24 05:35:04
C00142,3961.48,achat,CN,15.699976,-51.651954,2025-06-14 11:08:04
C00160,2104.58,virement,FR,58.137158,162.056576,2025-06-05 19:34:04
C00030,1658.91,virement,US,-76.569125,170.595122,2025-06-01 22:24:04
C00052,2840.93,retrait,ES,-70.671282,95.607137,2025-06-01 22:55:04
C00169,26.78,versement,DE,47.133642,-103.7609,2025-05-23 04:06:04
C00135,822.03,achat,FR,-53.803411,-41.016682,2025-06-15 19:21:04
C00025,4891.68,virement,UK,-30.973611,-54.099482,2025-06-09 13:01:04
C00160,2287.68,versement,CN,-53.690523,88.281139,2025-06-01 13:41:04
C00046,4615.53,versement,ES,30.296644,-79.59094,2025-06-06 15:55:04
C00062,1431.63,achat,DE,-65.998014,-77.342019,2025-05-18 23:15:04
C00129,4072.69,achat,DE,3.02099,108.88278,2025-06-15 02:26:04
C00028,4132.55,achat,JP,24.074335,-111.474533,2025-05-31 14:26:04
C00167,4590.63,paiement,US,-27.629149,123.90348,2025-06-04 13:03:04
C00057,658.83,virement,ES,69.298325,98.744622,2025-06-06 10:00:04
C00193,3872.51,versement,UK,-78.674545,-44.405861,2025-06-01 23:41:04
C00086,3289.02,achat,CN,-41.786165,177.215317,2025-05-24 02:29:04
C00183,35.13,retrait,DE,19.649625,80.883314,2025-05-27 16:54:04
C00030,1891.68,paiement,FR,-60.512951,-17.991451,2025-06-07 06:34:04
C00156,4552.89,retrait,JP,-59.109331,146.374552,2025-05-24 12:49:04
C00172,2112.0,retrait,DE,58.782099,-98.011286,2025-05-18 13:20:04
C00155,1653.12,versement,DE,46.932379,14.22807,2025-05-22 16:41:04
C00109,572.76,virement,FR,74.538059,-56.691947,2025-06-10 23:43:04
C00106,4948.91,retrait,DE,-65.158383,151.585493,2025-05-23 06:30:04
C00059,1482.45,paiement,CN,86.446589,-151.14985,2025-05-23 03:54:04
C00079,4973.53,paiement,DE,33.089587,-123.396982,2025-05-28 05:19:04
C00086,1047.31,virement,CN,-58.254798,39.304636,2025-05-29 04:44:04
C00053,129.94,versement,IT,83.352427,104.109082,2025-05-27 11:05:04
C00120,2548.71,achat,US,21.074469,-114.586606,2025-06-13 11:39:04
C00138,3922.11,virement,IT,32.394474,-167.615477,2025-05-18 11:41:04
C00062,3163.74,virement,JP,54.338221,-12.484231,2025-06-12 18:52:04
C00075,362.56,retrait,FR,51.025268,-132.376076,2025-06-14 03:35:04
C00084,3944.29,versement,JP,-86.337738,102.677859,2025-06-04 06:06:04
C00103,3263.8,achat,IT,-6.400585,-153.564887,2025-06-01 21:17:04
C00026,3035.33,versement,DE,63.197339,-32.131844,2025-06-12 02:04:04
C00005,1091.64,virement,IT,41.197931,-106.58194,2025-05-30 02:59:04
C00160,2014.08,paiement,IT,-24.588311,79.919275,2025-06-11 21:59:04
C00071,4724.58,achat,DE,-0.122897,-10.852511,2025-06-05 16:39:04
C00119,4133.1,versement,US,58.905872,-6.708347,2025-05-30 20:08:04
C00157,318.46,virement,CN,36.887201,168.484087,2025-06-09 15:34:04
C00184,4784.05,achat,UK,-13.921967,-52.213121,2025-06-07 22:55:04
C00020,4468.37,retrait,US,89.790962,67.13864,2025-05-28 06:44:04
C00021,1014.83,retrait,UK,-87.906854,-119.022272,2025-06-07 14:13:04
C00027,2722.66,retrait,ES,89.944294,34.008532,2025-06-05 15:44:04
C00195,3793.33,virement,IT,27.005433,-1.289697,2025-06-15 06:41:04
C00055,845.24,retrait,CN,-56.541564,-103.660215,2025-06-06 00:36:04
C00043,347.14,achat,JP,-45.866274,62.3946,2025-05-24 12:39:04
C00116,249.27,versement,JP,-77.884953,39.768289,2025-05-20 07:11:04
C00109,852.19,achat,JP,36.598504,80.10354,2025-06-05 11:51:04
C00123,4476.95,paiement,US,-76.312573,-167.162307,2025-06-11 21:25:04
C00026,4599.29,retrait,JP,25.549949,-14.30106,2025-06-06 06:44:04
C00189,4436.25,virement,FR,-16.88796,-135.691042,2025-05-20 02:30:04
C00012,3981.48,paiement,DE,76.775284,96.716507,2025-06-06 03:02:04
C00081,2553.22,achat,DE,38.433452,-26.255472,2025-05-19 00:15:04
C00142,1965.7,versement,UK,-61.785645,104.631631,2025-06-04 18:47:04
C00004,2989.1,retrait,UK,-17.437265,78.291506,2025-06-09 05:45:04
C00166,4939.94,paiement,US,62.76735,-153.48386,2025-05-27 12:49:04
C00061,4562.23,versement,FR,-89.092438,14.31697,2025-05-30 00:07:04
C00086,3124.73,paiement,UK,56.575183,-23.922379,2025-06-08 06:25:04
C00150,3131.48,retrait,JP,57.901087,75.668446,2025-05-22 01:08:04
C00148,1293.31,achat,FR,-68.619368,-145.714166,2025-05-25 17:32:04
C00111,4660.14,versement,US,-18.293524,-43.97487,2025-06-11 04:22:04
C00192,2215.95,paiement,IT,88.898869,-112.654486,2025-06-05 01:19:04
C00005,2576.9,versement,FR,65.47181,58.228272,2025-05-26 10:03:04
C00100,2947.96,virement,JP,-67.380191,-135.128447,2025-06-06 21:28:04
C00129,3098.54,virement,US,-70.370633,91.947218,2025-06-15 06:58:04
C00022,1400.13,achat,US,1.315149,163.2394,2025-05-23 15:27:04
C00043,1820.63,virement,UK,-74.74034,-172.548227,2025-06-16 20:36:04
C00009,1179.48,paiement,ES,0.062974,-157.606627,2025-06-08 15:19:04
C00139,469.83,retrait,CN,32.740073,-178.047533,2025-05-28 13:24:04
C00103,3760.25,retrait,DE,63.089148,-134.323543,2025-05-18 02:22:04
C00097,300.77,versement,IT,1.019338,19.620183,2025-06-05 07:29:04
C00098,4588.33,versement,ES,-9.066081,-68.425422,2025-05-30 18:59:04
C00073,3703.42,paiement,FR,-32.165414,-63.059871,2025-05-31 01:46:04
C00185,1322.06,versement,IT,-66.461762,47.065985,2025-06-07 21:52:04
C00153,3211.43,virement,US,-77.156476,-170.006287,2025-05-25 11:21:04
C00129,1964.72,versement,ES,-71.551968,-11.233326,2025-06-06 22:27:04
C00035,613.69,paiement,US,-24.299618,-94.413944,2025-05-18 19:38:04
C00104,2688.91,paiement,UK,80.546314,-113.377287,2025-06-09 18:04:04
C00140,1114.67,virement,JP,-34.639839,-73.403886,2025-05-31 12:38:04
C00061,490.49,virement,JP,75.381263,-129.452531,2025-05-31 17:03:04
C00039,80.2,virement,CN,83.975385,69.282162,2025-06-10 23:44:04
C00194,1588.92,paiement,IT,37.744055,-35.443807,2025-06-08 23:59:04
C00185,4073.55,paiement,IT,11.621724,30.68633,2025-06-07 21:42:04
C00160,1016.86,paiement,DE,29.890218,-57.943094,2025-06-14 16:47:04
C00023,4609.86,retrait,FR,-17.350724,-137.406785,2025-05-19 16:09:04
C00147,2833.19,versement,US,-83.12786,-75.462051,2025-06-13 19:42:04
C00066,1879.96,versement,FR,-75.185964,9.565792,2025-05-27 09:21:04
C00055,4967.12,virement,DE,8.370204,-141.78843,2025-06-12 22:03:04
C00056,3232.31,paiement,DE,-71.693805,-150.564851,2025-05-22 21:41:04
C00061,2075.02,virement,FR,55.491908,124.209029,2025-05-26 15:49:04
C00044,4023.18,retrait,CN,-85.176307,-81.230045,2025-06-11 18:25:04
C00017,1813.07,achat,CN,-59.793359,169.453759,2025-06-16 23:25:04
C00166,1915.42,achat,FR,-42.489277,74.497053,2025-05-18 00:57:04
C00111,398.11,paiement,DE,-47.008673,11.712386,2025-06-08 20:01:04
C00145,3150.46,versement,IT,-41.899363,-101.093046,2025-06-10 20:18:04
C00007,1759.71,retrait,US,-54.838668,112.257024,2025-05-19 11:43:04
C00171,647.72,virement,FR,41.014987,-113.005158,2025-05-24 13:28:04
C00060,2629.95,versement,US,-83.656443,-172.863707,2025-05-21 07:35:04
C00010,4423.76,virement,JP,-60.246606,-78.319723,2025-05-28 16:01:04
C00111,4784.64,achat,US,22.134746,13.977859,2025-05-22 05:19:04
C00037,1215.95,virement,JP,33.327014,61.982521,2025-06-08 16:08:04
C00077,3058.11,paiement,JP,-83.326037,-117.716269,2025-05-29 17:02:04
C00004,1101.33,paiement,ES,51.952185,-4.929667,2025-05-25 18:07:04
C00049,4127.34,retrait,ES,11.652631,-137.900381,2025-05-22 14:25:04
C00066,1671.32,achat,JP,9.719121,71.464064,2025-06-14 16:35:04
C00001,811.84,versement,FR,-54.347753,52.294871,2025-05-28 06:15:04
C00179,1315.0,paiement,JP,-64.796885,154.430105,2025-06-08 21:02:04
C00195,3637.2,virement,IT,87.173509,-125.664435,2025-05-25 13:36:04
C00136,787.35,achat,CN,-84.370592,47.422176,2025-06-06 23:17:04
C00096,1274.47,retrait,JP,48.118922,90.065458,2025-05-22 23:35:04
C00137,3363.45,retrait,JP,-18.409341,-107.14885,2025-06-15 00:47:04
C00169,2865.41,achat,DE,-40.356025,57.732437,2025-05-28 22:56:04
C00029,2954.31,retrait,US,-46.305776,-164.99747,2025-05-20 17:22:04
C00193,2256.14,achat,ES,-17.513583,155.33142,2025-05-28 21:41:04
C00003,684.79,versement,JP,14.952898,3.1818,2025-06-09 15:56:04
C00100,3691.01,retrait,JP,-1.188085,-131.759377,2025-06-11 21:20:04
C00064,4287.24,paiement,ES,64.690057,112.373106,2025-05-18 13:24:04
C00050,2658.12,virement,CN,76.965941,-169.51521,2025-05-19 20:57:04
C00091,2607.44,paiement,DE,-31.562649,96.99192,2025-05-28 00:33:04
C00037,478.58,retrait,US,43.452928,6.444793,2025-06-07 12:01:04
C00060,2700.26,versement,JP,-77.564963,64.553203,2025-05-23 13:24:04
C00014,2335.51,virement,JP,-12.796986,77.083194,2025-05-21 12:36:04
C00060,1513.61,retrait,IT,59.978426,-83.01688,2025-05-29 18:43:04
C00162,243.22,versement,US,-58.809338,-171.945865,2025-06-16 13:06:04
C00039,632.45,retrait,JP,61.992585,91.43817,2025-05-29 11:31:04
C00047,3567.82,achat,FR,49.748911,-106.119294,2025-05-27 10:40:04
C00122,2554.79,retrait,FR,-36.658821,-102.573885,2025-06-04 00:34:04
C00045,3772.26,paiement,FR,-84.992763,-12.495816,2025-06-09 17:24:04
C00045,3114.52,retrait,UK,-82.859607,56.202723,2025-05-21 15:55:04
C00198,1708.05,retrait,CN,-43.573533,-178.55382,2025-06-16 18:09:04
C00039,3938.49,versement,JP,58.226116,-52.696538,2025-06-04 13:32:04
C00024,4230.98,achat,DE,-84.368645,-85.720957,2025-05-19 10:29:04
C00082,1888.96,versement,FR,88.244906,56.942079,2025-05-25 14:23:04
C00162,2319.63,versement,IT,54.196967,-65.925657,2025-05-31 14:02:04
C00143,3267.37,retrait,ES,-1.754691,-95.802092,2025-06-10 06:03:04
C00117,4673.35,paiement,FR,-47.985525,-88.857138,2025-05-31 00:38:04
C00169,1644.91,paiement,UK,33.802148,-6.506436,2025-06-15 07:00:04
C00064,2217.43,achat,ES,60.690665,-152.085682,2025-06-06 16:20:04
C00003,3322.06,paiement,JP,85.354305,-95.134422,2025-05-20 02:33:04
C00142,2040.45,virement,DE,25.27131,76.573319,2025-06-01 06:16:04
C00138,1011.45,paiement,ES,44.530695,145.392657,2025-05-18 15:37:04
C00091,266.92,paiement,US,-23.02421,-138.248371,2025-05-22 21:21:04
C00139,55.82,versement,UK,-52.771867,133.963976,2025-06-05 04:38:04
C00187,1776.06,retrait,US,-87.375797,-62.747777,2025-06-08 21:22:04
C00169,2575.52,retrait,US,-60.366975,-22.293174,2025-05-21 01:14:04
C00064,50.95,paiement,FR,5.003873,-79.079775,2025-05-31 16:42:04
C00115,4830.8,achat,JP,-27.723117,71.994981,2025-06-01 20:57:04
C00049,1295.6,virement,ES,-45.675322,61.653859,2025-05-23 07:21:04
C00190,2743.21,virement,CN,-57.823176,-113.770945,2025-05-21 06:30:04
C00144,2176.54,paiement,IT,-71.736477,67.317194,2025-06-16 14:46:04
C00168,4867.44,achat,JP,-52.98129,8.59704,2025-05-31 08:16:04
C00032,1845.38,retrait,DE,71.246302,61.26268,2025-06-04 04:49:04
C00164,1851.13,paiement,UK,-86.101461,-164.086065,2025-06-16 01:05:04
C00102,2503.22,virement,ES,65.551446,30.289355,2025-05-18 09:24:04
C00074,49.33,virement,JP,19.966589,0.559326,2025-06-12 22:19:04
C00062,4667.79,versement,CN,74.687642,57.426959,2025-06-15 23:41:04
C00094,571.89,paiement,CN,89.714556,160.976978,2025-05-25 16:43:04
C00082,1074.72,versement,JP,78.019484,62.715028,2025-06-16 21:35:04
C00042,3246.95,achat,JP,-72.374465,-5.120499,2025-06-13 21:05:04
C00150,1607.48,paiement,UK,-77.525802,-171.533731,2025-06-04 19:37:04
C00113,207.1,virement,US,-80.480689,-36.204072,2025-05-21 10:52:04
C00078,2484.47,versement,DE,-78.781833,159.223084,2025-05-25 03:19:04
C00116,1764.01,versement,CN,43.332206,-158.809942,2025-05-23 16:33:04
C00014,3530.87,achat,ES,77.765859,109.231774,2025-05-25 06:43:04
C00008,3287.01,retrait,CN,-85.411032,-140.261163,2025-05-25 19:12:04
C00104,2325.75,achat,UK,54.281346,-58.183488,2025-06-03 12:38:04
C00110,2066.23,retrait,FR,50.734532,-95.22282,2025-06-10 06:17:04
C00189,2850.29,virement,UK,24.822904,-145.140431,2025-05-30 04:14:04
C00090,2705.76,versement,ES,-56.529927,126.824973,2025-06-10 09:19:04
C00102,3498.85,versement,ES,-5.929516,-47.977729,2025-05-29 01:49:04
C00160,3587.91,versement,DE,-80.304833,-91.501793,2025-05-29 22:03:04
C00082,4539.12,retrait,DE,46.089886,-54.273654,2025-06-01 15:49:04
C00155,3485.31,paiement,IT,80.560833,-130.656766,2025-06-01 06:43:04
C00073,1714.74,versement,US,-64.93161,32.998098,2025-06-02 18:38:04
C00142,2354.39,versement,IT,88.923223,-84.195132,2025-05-29 07:29:04
C00157,2648.18,versement,CN,50.494225,-153.47729,2025-06-04 12:40:04
C00111,1225.71,virement,FR,67.767371,156.260234,2025-05-21 07:32:04
C00104,2113.55,versement,FR,-60.148054,-116.497983,2025-05-26 06:37:04
C00148,866.47,retrait,ES,-63.001045,55.708844,2025-05-19 22:31:04
C00155,2583.25,retrait,CN,27.277577,125.125265,2025-06-03 19:01:04
C00163,342.65,paiement,FR,36.638537,-84.63194,2025-05-20 02:53:04
C00115,1017.72,versement,DE,22.106308,-61.969422,2025-05-21 14:55:04
C00149,4400.37,achat,IT,56.399531,-3.683295,2025-05-21 13:39:04
C00087,3800.07,versement,CN,20.611981,144.668976,2025-06-10 16:06:04
C00161,4870.63,paiement,US,-4.169921,-8.7295,2025-05-24 14:29:04
C00095,3271.98,virement,US,-63.765864,5.182831,2025-06-03 09:37:04
C00056,2013.67,versement,DE,-63.716308,162.943253,2025-06-06 10:42:04
C00038,3966.12,virement,JP,68.471177,71.438272,2025-05-31 07:43:04
C00007,3123.62,paiement,US,31.461735,-135.599547,2025-06-02 15:40:04
C00126,2429.73,virement,US,-66.943901,112.146385,2025-05-29 14:42:04
C00128,1230.22,versement,FR,-83.305427,-8.953388,2025-06-03 21:54:04
C00118,3188.6,versement,ES,-74.650035,4.431626,2025-06-07 16:05:04
C00183,1362.86,paiement,US,45.410726,93.09906,2025-06-09 06:30:04
C00106,937.97,versement,US,80.081872,114.745727,2025-06-07 06:23:04
C00074,2886.15,paiement,FR,10.340236,-72.92581,2025-05-29 00:51:04
C00092,960.86,retrait,DE,-3.165783,91.940403,2025-06-02 05:02:04
C00072,3555.81,retrait,CN,65.52187,-38.349173,2025-06-10 18:39:04
C00108,4220.09,retrait,FR,-34.001898,98.232372,2025-06-08 14:19:04
C00193,3074.8,virement,US,65.625021,-19.880491,2025-06-09 12:22:04
C00192,4554.52,versement,ES,34.412876,-126.736364,2025-05-27 01:12:04
C00159,4534.99,retrait,ES,-48.837165,101.053959,2025-06-02 20:32:04
C00002,3778.33,versement,FR,-66.456418,147.748609,2025-06-15 16:30:04
C00186,1574.26,retrait,JP,-4.295283,-49.170159,2025-05-29 01:39:04
C00156,454.76,versement,CN,-41.168066,128.642887,2025-05-28 11:05:04
C00019,1221.68,achat,UK,39.844473,-93.352985,2025-05-25 13:22:04
C00039,1791.56,virement,DE,-36.078455,-110.08451,2025-05-20 08:37:04
C00037,787.24,virement,JP,69.906609,-168.265808,2025-06-07 16:56:04
C00145,3160.46,retrait,US,-13.41278,-113.517933,2025-05-19 15:53:04
C00150,2124.85,paiement,JP,-61.12395,130.453361,2025-05-18 14:34:04
C00195,2987.97,versement,US,-40.324127,163.36438,2025-06-02 05:42:04
C00013,1457.91,retrait,IT,18.291171,-166.006668,2025-06-09 01:20:04
C00195,133.2,versement,ES,-85.940181,-2.956121,2025-06-04 10:24:04
C00039,3849.48,versement,IT,15.366839,33.124813,2025-06-05 09:40:04
C00129,3802.19,virement,JP,-48.700137,-31.700257,2025-06-02 07:09:04
C00060,634.75,paiement,JP,-42.848222,-156.852699,2025-05-20 04:06:04
C00120,95.56,virement,ES,71.169143,28.522376,2025-05-20 07:48:04
C00031,2610.78,versement,CN,13.517989,110.442148,2025-05-25 04:07:04
C00007,2617.99,achat,US,-69.237006,-81.524974,2025-06-03 07:42:04
C00123,3887.81,paiement,CN,3.740066,103.034896,2025-05-22 03:08:04
C00130,3138.66,achat,UK,-69.976687,-112.897035,2025-05-18 13:47:04
C00186,932.8,virement,DE,-22.863443,-124.301272,2025-05-27 15:20:04
C00094,3490.89,virement,CN,73.620968,-12.616473,2025-05-23 09:36:04
C00125,2397.57,retrait,UK,-57.355834,168.036407,2025-05-18 20:05:04
C00037,4818.09,retrait,ES,-38.582704,28.145181,2025-06-13 03:21:04
C00059,1834.92,versement,FR,21.65142,96.247947,2025-06-11 12:51:04
C00102,3804.0,versement,IT,-24.039028,-166.290438,2025-05-22 17:17:04
C00151,653.27,paiement,IT,54.325993,-135.336493,2025-05-21 05:07:04
C00086,4811.44,virement,UK,23.01023,100.508569,2025-05-28 13:47:04
C00099,4924.68,versement,UK,-12.231756,94.992846,2025-05-29 06:04:04
C00084,344.13,virement,JP,-36.177309,-65.338299,2025-06-01 05:43:04
C00169,3677.32,achat,DE,24.802709,-139.045382,2025-05-20 15:19:04
C00005,3730.76,achat,ES,-83.444364,27.228203,2025-05-18 22:02:04
C00026,4997.24,retrait,US,-71.638619,171.720466,2025-05-20 23:08:04
C00062,2258.52,virement,UK,61.584726,-139.493649,2025-06-11 01:47:04
C00171,4834.99,versement,DE,-70.319357,-165.361342,2025-06-06 16:08:04
C00102,3056.66,achat,IT,16.403677,17.875454,2025-06-02 14:00:04
C00095,3161.75,virement,CN,-87.161779,-139.320881,2025-05-31 19:55:04
C00047,4312.93,paiement,US,-63.247891,-39.71815,2025-06-04 23:40:04
C00155,1622.56,retrait,CN,19.466612,-148.973495,2025-06-12 01:47:04
C00047,2402.92,retrait,UK,59.676868,-117.711741,2025-06-05 20:07:04
C00125,691.87,versement,FR,50.559636,-162.307755,2025-05-27 03:29:04
C00140,2182.35,virement,ES,72.797927,12.320077,2025-05-22 01:44:04
C00192,4128.75,versement,US,-84.079727,140.820871,2025-06-16 07:21:04
C00200,1134.69,paiement,DE,12.950861,-167.919784,2025-05-25 10:43:04
C00015,1543.4,achat,DE,72.498762,-49.544687,2025-05-18 08:47:04
C00113,3903.11,paiement,IT,-78.426363,141.495638,2025-06-02 04:40:04
C00017,4563.61,achat,JP,39.613998,-151.74504,2025-05-19 19:58:04
C00150,148.36,paiement,US,-74.881933,-41.328589,2025-05-19 02:50:04
C00198,1010.61,versement,IT,48.203298,-85.331697,2025-05-27 05:01:04
C00011,4479.3,virement,US,4.944922,87.386784,2025-06-03 05:38:04
C00040,3037.84,retrait,CN,-67.43394,58.527623,2025-05-31 13:38:04
C00121,4653.13,retrait,JP,-48.209847,74.618536,2025-06-12 20:27:04
C00110,3107.71,retrait,US,-68.431084,115.276264,2025-06-15 00:02:04
C00142,4807.47,versement,ES,-57.909034,-79.68679,2025-06-16 20:26:04
C00008,3086.13,achat,DE,13.848653,148.839714,2025-06-04 12:08:04
C00085,2977.3,paiement,UK,-60.406671,-89.983631,2025-05-24 17:35:04
C00156,2113.57,versement,UK,38.010696,6.142206,2025-05-26 04:18:04
C00089,2536.5,paiement,FR,-80.043891,16.795347,2025-05-22 06:14:04
C00197,192.72,versement,IT,-12.989229,-157.060735,2025-06-09 09:35:04
C00191,3838.86,achat,IT,-38.186952,119.123905,2025-05-22 07:12:04
C00191,2464.54,virement,US,-4.921123,-31.152397,2025-05-19 00:21:04
C00050,4774.24,retrait,CN,-89.091541,-102.398091,2025-06-11 19:43:04
C00175,431.79,versement,ES,71.79646,167.080516,2025-06-12 10:21:04
C00079,3788.38,retrait,FR,-47.144066,-71.014187,2025-05-29 10:28:04
C00104,3433.5,paiement,UK,60.748043,-158.514031,2025-05-27 21:54:04
C00179,180.75,achat,FR,49.724885,0.542234,2025-05-20 04:39:04
C00158,4053.09,paiement,CN,29.790683,-55.247351,2025-05-25 15:03:04
C00192,1660.13,virement,US,46.582914,-104.718033,2025-05-26 18:33:04
C00160,2322.23,retrait,UK,79.520975,-155.34654,2025-05-18 09:39:04
C00084,4077.75,versement,UK,4.043476,88.534334,2025-05-24 01:39:04
C00059,1436.09,paiement,IT,-18.21044,-33.109096,2025-06-08 11:26:04
C00070,4044.55,achat,ES,-63.84231,-78.112294,2025-06-09 20:52:04
C00019,557.84,virement,UK,-68.054958,126.568183,2025-05-26 23:28:04
C00101,3969.77,retrait,CN,-26.834157,-165.473963,2025-06-05 04:18:04
C00016,4508.14,paiement,JP,-36.284267,-50.077977,2025-05-26 15:02:04
C00195,871.73,paiement,DE,80.37833,-155.40025,2025-06-13 15:38:04
C00070,2967.83,achat,FR,-85.484549,127.462573,2025-05-29 13:14:04
C00172,2082.86,achat,DE,-70.728152,87.100082,2025-06-12 11:41:04
C00005,4041.31,versement,FR,-39.465062,-125.680381,2025-05-30 14:05:04
C00048,2228.22,retrait,JP,-15.368873,-75.864367,2025-06-03 05:06:04
C00181,1706.77,versement,CN,58.827643,-72.028909,2025-05-28 23:02:04
C00066,4350.62,versement,US,-58.33292,32.398676,2025-05-24 15:26:04
C00116,1702.39,virement,DE,51.43586,-36.145107,2025-06-11 11:55:04
C00195,1109.83,retrait,CN,31.035051,0.374127,2025-05-28 11:00:04
C00007,3540.05,paiement,ES,-71.65295,89.346179,2025-06-08 06:38:04
C00177,4685.46,paiement,CN,73.651184,88.692511,2025-05-21 14:53:04
C00091,2857.92,paiement,IT,34.147051,-102.645369,2025-06-03 19:32:04
C00184,403.78,retrait,DE,49.958238,-136.532573,2025-06-01 06:54:04
C00099,2460.42,achat,DE,-46.584913,-91.012989,2025-06-05 00:05:04
C00196,1904.7,virement,DE,15.490883,-173.126113,2025-06-11 18:05:04
C00193,2081.96,paiement,JP,46.062111,3.15077,2025-05-23 16:55:04
C00033,4773.93,retrait,ES,40.919349,-24.719191,2025-06-08 04:59:04
C00036,1513.19,paiement,IT,-71.054299,-101.306995,2025-06-13 21:59:04
C00046,2919.8,retrait,JP,7.234838,155.012633,2025-05-19 22:31:04
C00123,295.85,versement,UK,-67.789181,-43.727206,2025-06-13 22:24:04
C00067,1861.84,paiement,JP,-80.768416,-85.823432,2025-06-03 16:53:04
C00005,527.22,virement,DE,78.160728,-1.908287,2025-05-28 08:52:04
C00191,3299.89,retrait,JP,-52.856414,1.405059,2025-06-11 22:53:04
C00132,391.83,retrait,DE,84.595319,84.858626,2025-06-10 12:27:04
C00177,1909.31,retrait,UK,-63.687856,-54.212457,2025-05-22 02:54:04
C00124,2570.05,retrait,US,-46.35925,-74.830761,2025-05-24 12:05:04
C00107,1769.83,versement,US,-63.354163,156.856832,2025-05-27 15:00:04
C00142,1323.1,paiement,ES,12.45984,-16.582282,2025-06-15 02:22:04
C00139,4096.55,paiement,CN,27.85555,-2.715638,2025-06-10 02:43:04
C00140,1306.34,virement,JP,-3.747144,22.820553,2025-06-01 00:59:04
C00126,3664.9,virement,US,-56.014304,141.247657,2025-05-22 20:20:04
C00010,1757.12,versement,DE,13.672319,-77.37056,2025-05-21 19:08:04
C00059,2206.38,retrait,CN,-41.017658,3.073159,2025-05-20 13:51:04
C00051,2618.74,retrait,US,-16.987969,175.729663,2025-06-06 12:12:04
C00122,780.59,virement,FR,23.834195,146.450356,2025-05-18 10:51:04
C00132,2142.82,virement,CN,83.886263,-147.257023,2025-05-27 11:55:04
C00159,3925.9,retrait,IT,-41.847021,-13.022517,2025-05-28 15:00:04
C00037,187.18,retrait,DE,30.484027,69.284917,2025-06-01 05:09:04
C00146,4504.68,paiement,ES,72.217255,-139.346382,2025-05-25 02:31:04
C00047,875.71,versement,ES,87.191586,116.380608,2025-05-18 17:06:04
C00060,3392.28,versement,UK,-47.435048,127.766439,2025-06-02 04:55:04
C00122,1951.45,retrait,DE,17.193784,8.346331,2025-05-23 04:00:04
C00083,408.0,retrait,FR,67.293445,-15.037318,2025-05-25 21:15:04
C00052,356.46,virement,CN,51.322636,118.254511,2025-06-05 10:34:04
C00072,331.05,achat,UK,64.815801,-18.484967,2025-06-05 14:18:04
C00127,1618.08,retrait,FR,-1.339326,-140.316186,2025-06-04 01:38:04
C00127,3065.71,versement,US,75.048294,-126.090653,2025-06-14 22:10:04
C00080,680.7,paiement,JP,-66.552506,39.894524,2025-05-19 05:41:04
C00171,384.33,paiement,DE,-73.388998,32.439028,2025-06-11 03:46:04
C00109,1034.79,virement,DE,-61.54669,24.686465,2025-06-07 18:18:04
C00002,2716.41,retrait,US,-48.915167,-163.514931,2025-06-15 02:08:04
C00044,4418.55,virement,ES,-28.385268,-173.777751,2025-06-07 05:38:04
C00131,41.51,versement,UK,-62.288878,29.628156,2025-06-13 06:53:04
C00166,2167.64,retrait,CN,2.465362,112.046431,2025-05-19 01:28:04
C00158,421.16,virement,CN,49.861856,-81.245059,2025-06-15 20:19:04
C00079,1150.36,virement,ES,-31.457791,47.606972,2025-05-26 07:14:04
C00007,742.15,paiement,JP,34.179789,-143.752003,2025-06-07 17:51:04
C00160,1391.85,virement,JP,0.078314,80.759103,2025-05-23 18:06:04
C00134,4176.68,achat,CN,59.32228,29.157665,2025-05-24 22:56:04
C00026,2520.46,versement,IT,10.913904,22.897732,2025-06-10 16:16:04
C00180,3443.7,versement,JP,53.187395,-63.085108,2025-05-23 20:04:04
C00136,3377.29,virement,US,-21.262642,16.139185,2025-05-21 19:31:04
C00120,1096.66,retrait,CN,73.218854,-90.984239,2025-05-31 03:16:04
C00055,3344.27,paiement,UK,46.075807,-4.301191,2025-05-26 04:16:04
C00055,670.95,retrait,ES,-24.681296,-87.394906,2025-06-12 04:30:04
C00128,4489.61,virement,FR,-23.433945,-81.925661,2025-05-30 17:48:04
C00092,1668.96,paiement,US,-83.926713,78.734106,2025-05-21 11:05:04
C00166,4352.35,paiement,IT,56.44842,67.919412,2025-06-08 08:46:04
C00118,2733.79,versement,ES,48.220147,-32.294963,2025-06-16 22:49:04
C00182,686.18,retrait,DE,37.007803,100.954757,2025-06-12 13:30:04
C00013,4579.24,paiement,JP,-5.023307,3.382108,2025-06-14 12:29:04
C00173,4759.05,retrait,FR,4.209746,144.953391,2025-06-13 07:34:04
C00189,4358.51,retrait,DE,-56.094178,123.274215,2025-05-31 10:05:04
C00097,2949.95,retrait,US,24.958477,-59.628074,2025-06-15 18:22:04
C00123,1242.12,virement,UK,-61.097719,-31.841724,2025-06-12 19:21:04
C00055,1581.88,versement,UK,37.768486,-173.308198,2025-06-08 23:02:04
C00144,3553.88,virement,DE,55.185332,81.607056,2025-06-03 02:12:04
C00022,4306.74,paiement,UK,53.999196,89.942251,2025-05-30 20:08:04
C00014,1250.72,paiement,IT,59.395167,-179.411249,2025-05-24 12:54:04
C00044,1335.96,virement,ES,12.086244,18.236532,2025-06-06 01:09:04
C00104,2848.06,virement,FR,70.07039,32.478131,2025-06-08 12:18:04
C00130,1358.9,retrait,DE,72.391866,-156.228276,2025-06-04 07:46:04
C00149,4397.0,paiement,DE,56.451609,110.970978,2025-05-25 09:33:04
C00009,1143.2,virement,CN,-79.214132,88.057393,2025-05-24 03:23:04
C00144,3036.89,retrait,ES,87.749007,-3.313164,2025-05-20 23:45:04
C00146,2229.08,achat,IT,-82.24142,90.138226,2025-06-08 00:41:04
C00141,1487.87,achat,IT,-60.448278,-120.86889,2025-05-27 03:25:04
C00126,1809.61,virement,ES,21.931939,159.408818,2025-06-02 22:16:04
C00131,4502.28,paiement,CN,66.782212,-144.35826,2025-06-08 19:58:04
C00006,4391.66,retrait,DE,13.284435,5.418495,2025-05-25 09:26:04
C00061,2112.21,retrait,UK,2.385209,-80.507263,2025-05-19 21:33:04
C00010,195.46,versement,IT,65.698282,-65.133701,2025-05-26 15:03:04
C00003,4105.45,retrait,FR,62.329196,-167.703609,2025-05-19 15:35:04
C00010,3561.86,versement,DE,26.599863,-160.026761,2025-06-16 16:23:04
C00136,4386.99,paiement,JP,51.534892,-73.233218,2025-05-31 09:12:04
C00152,1560.49,retrait,FR,82.889948,118.798075,2025-06-13 21:03:04
C00181,2060.23,retrait,US,-61.789312,-100.438652,2025-05-30 08:29:04
C00170,3539.89,achat,IT,76.25862,106.195104,2025-06-03 07:27:04
C00200,2957.37,retrait,DE,9.250297,-118.998192,2025-05-19 11:03:04
C00052,1911.42,paiement,DE,55.985775,-150.818884,2025-05-21 19:16:04
C00123,3965.02,paiement,JP,1.567273,21.046452,2025-06-01 12:40:04
C00002,3318.17,versement,CN,-87.973171,78.031065,2025-05-21 02:03:04
C00126,417.35,virement,DE,64.615688,7.042015,2025-06-11 05:45:04
C00013,2973.16,retrait,DE,-62.292633,-89.102838,2025-06-12 03:52:04
C00068,4198.9,versement,UK,3.322612,161.209113,2025-06-02 10:37:04
C00182,4064.63,retrait,US,67.222962,-12.348472,2025-05-25 16:02:04
C00184,2727.08,achat,CN,30.712856,-74.964213,2025-06-13 00:31:04
C00066,837.98,achat,ES,-87.36302,-160.58234,2025-06-13 10:16:04
C00021,3092.21,paiement,DE,-36.177036,68.684653,2025-05-21 23:27:04
C00044,3442.12,versement,FR,-66.267073,-127.054215,2025-06-02 12:03:04
C00055,4646.17,achat,JP,-84.042847,-151.226416,2025-06-13 19:17:04
C00200,3608.54,achat,UK,41.018581,-18.742615,2025-05-20 21:26:04
C00096,134.91,achat,IT,70.405073,74.522693,2025-06-13 03:21:04
C00138,4188.19,versement,DE,74.629723,33.087569,2025-06-14 03:15:04
C00071,3049.71,virement,ES,67.755752,150.056487,2025-06-16 04:40:04
C00163,4194.64,retrait,US,-68.962085,144.93067,2025-05-29 20:55:04
C00184,3203.58,virement,ES,18.761456,39.464542,2025-06-01 17:14:04
C00092,3718.61,versement,UK,58.710014,178.056022,2025-05-30 03:15:04
C00077,3818.65,achat,CN,47.564437,86.08059,2025-06-04 09:07:04
C00162,1559.2,versement,FR,-76.913272,45.872455,2025-05-31 18:59:04
C00100,3220.66,virement,US,-12.552444,24.651709,2025-05-27 12:12:04
C00171,164.97,achat,ES,-69.255266,3.749711,2025-06-04 16:38:04
C00100,379.1,achat,ES,35.931878,-74.865296,2025-05-20 04:02:04
C00031,4360.52,virement,CN,-28.78298,-133.357037,2025-05-26 10:09:04
C00092,3705.22,virement,CN,-64.476873,-59.076783,2025-06-12 07:46:04
C00172,4269.26,retrait,IT,-83.566151,-9.457574,2025-06-03 16:40:04
C00017,333.7,retrait,ES,-88.368764,-64.632359,2025-06-06 12:26:04
C00047,2392.56,virement,IT,-48.073693,-37.038604,2025-06-04 05:10:04
C00056,1970.91,achat,UK,14.488792,-146.286734,2025-05-19 21:01:04
C00040,4715.25,paiement,IT,-20.454989,143.847794,2025-06-16 21:09:04
C00088,1298.57,virement,FR,79.747397,163.201069,2025-06-11 14:50:04
C00091,4791.2,paiement,CN,68.558626,144.402,2025-06-06 03:50:04
C00139,363.27,virement,FR,-61.131672,-140.733236,2025-06-04 03:43:04
C00095,1066.54,paiement,JP,28.798186,74.626083,2025-05-25 15:07:04
C00040,533.57,paiement,CN,-19.799454,-155.878238,2025-06-14 23:59:04
C00071,1614.22,virement,FR,62.568868,156.864608,2025-06-02 03:57:04
C00142,2747.93,versement,ES,81.296175,-100.399951,2025-06-10 00:12:04
C00149,1534.51,virement,IT,73.013795,-42.064683,2025-06-08 10:08:04
C00126,3701.49,paiement,DE,-22.55191,88.65663,2025-05-18 04:09:04
C00049,659.37,paiement,DE,22.416884,-150.069014,2025-06-14 18:14:04
C00135,3748.22,retrait,ES,-52.63196,28.804773,2025-06-12 00:00:04
C00164,4751.48,paiement,FR,2.741274,-65.565909,2025-05-21 07:29:04
C00017,3086.18,versement,DE,44.097322,142.434149,2025-05-25 01:39:04
C00093,3120.23,retrait,JP,70.74453,-135.757567,2025-05-25 18:38:04
C00146,3155.54,achat,DE,31.925283,-38.928257,2025-06-07 08:37:04
C00190,4187.56,paiement,ES,-53.953704,-11.220559,2025-06-07 07:45:04
C00126,498.32,retrait,CN,61.77047,-82.988298,2025-06-12 21:18:04
C00029,712.83,retrait,CN,-35.856235,177.274402,2025-05-29 09:04:04
C00143,3571.43,versement,ES,-73.576143,172.439571,2025-06-05 12:35:04
C00036,1424.7,achat,JP,34.298956,-76.875467,2025-06-12 17:52:04
C00096,2705.68,paiement,JP,54.560497,-88.077735,2025-05-19 17:42:04
C00082,1090.79,retrait,FR,-24.387629,121.710227,2025-06-10 23:52:04
C00188,3865.41,versement,IT,-59.546549,-130.052771,2025-05-31 02:04:04
C00106,2366.83,achat,ES,42.060792,26.673562,2025-06-09 04:47:04
C00192,2350.57,virement,US,-46.538705,-108.335379,2025-06-07 14:44:04
C00153,578.81,paiement,JP,27.555151,-179.052325,2025-05-20 14:07:04
C00117,247.95,retrait,UK,78.485992,-33.96388,2025-06-04 04:40:04
C00192,3968.38,virement,US,6.060352,0.241781,2025-05-27 07:23:04
C00055,4576.43,achat,DE,82.121525,-148.619161,2025-06-10 04:09:04
C00159,1400.06,retrait,DE,10.590211,53.33628,2025-06-16 16:39:04
C00118,3543.52,retrait,JP,-41.05672,-106.096192,2025-06-13 20:00:04
C00039,3665.08,retrait,JP,-73.971526,19.891303,2025-05-28 07:25:04
C00140,472.55,versement,CN,68.817745,-40.781074,2025-05-31 03:13:04
C00181,2319.44,virement,UK,-49.769465,110.734697,2025-05-28 23:24:04
C00118,3585.78,retrait,JP,22.91815,66.0913,2025-05-22 23:16:04
C00093,2107.55,versement,CN,-12.45395,147.631862,2025-06-01 07:24:04
C00018,1163.05,paiement,FR,36.846651,26.280891,2025-05-28 07:14:04
C00058,4915.25,versement,US,86.277152,156.810832,2025-06-09 13:27:04
C00060,3141.59,virement,CN,-42.708805,58.627007,2025-06-07 01:19:04
C00041,3034.16,retrait,IT,-65.913788,117.841411,2025-06-10 22:18:04
C00133,3429.74,achat,FR,-16.457331,-33.847717,2025-06-11 20:10:04
C00162,3081.03,virement,IT,-51.467088,37.591977,2025-05-29 16:25:04
C00030,2001.55,versement,ES,-19.681662,-137.999069,2025-05-20 00:39:04
C00130,475.01,retrait,DE,53.346237,128.598288,2025-06-05 19:04:04
C00140,4562.93,achat,DE,-15.563695,37.437036,2025-06-16 08:07:04
C00174,4679.46,retrait,DE,70.266901,176.802262,2025-05-31 17:44:04
C00097,2197.75,paiement,FR,-66.017031,-164.397122,2025-05-31 06:35:04
C00055,3674.04,virement,IT,70.885222,-116.672051,2025-06-15 06:54:04
C00186,2584.28,versement,CN,5.071933,-84.358549,2025-05-31 07:27:04
C00057,404.94,versement,JP,68.194149,179.333725,2025-05-27 18:23:04
C00195,3575.97,virement,UK,-65.445703,-45.976636,2025-06-13 21:28:04
C00164,50.12,versement,FR,-85.310418,-178.067372,2025-05-29 15:08:04
C00154,1932.91,paiement,JP,46.886839,-162.682018,2025-06-01 22:03:04
C00015,1921.62,achat,JP,73.2582,46.078223,2025-06-03 05:42:04
C00052,906.01,achat,UK,1.331028,-10.82582,2025-06-13 05:39:04
C00118,4615.41,virement,JP,13.605997,-116.955799,2025-05-20 08:49:04
C00098,3008.55,paiement,DE,-79.178983,173.278088,2025-06-01 08:06:04
C00098,1946.57,versement,ES,-28.014207,16.786827,2025-06-11 13:18:04
C00176,842.59,virement,DE,-61.845936,37.132354,2025-05-20 21:09:04
C00051,3537.8,retrait,CN,-84.43408,-132.010419,2025-05-21 12:12:04
C00108,4626.7,retrait,JP,-72.014551,-105.350634,2025-06-08 13:12:04
C00124,3380.46,achat,UK,-39.102301,-32.596433,2025-05-21 18:35:04
C00124,934.47,virement,IT,-52.527495,152.849839,2025-06-03 23:01:04
C00043,4263.74,paiement,ES,-5.119487,-81.11874,2025-06-11 01:37:04
C00082,718.97,versement,IT,-35.882268,-151.2242,2025-05-29 15:20:04
C00032,4062.78,virement,CN,33.078706,60.298305,2025-05-31 12:30:04
C00102,4300.86,virement,CN,-6.497014,174.674034,2025-05-21 13:42:04
C00147,49.44,achat,ES,8.944081,-112.676973,2025-06-14 10:29:04
C00120,1065.86,versement,JP,53.601832,-44.334229,2025-06-15 21:11:04
C00051,4815.88,versement,JP,26.680864,156.957438,2025-05-18 19:48:04
C00064,4111.53,achat,IT,57.079181,-106.591095,2025-06-09 08:28:04
C00137,1594.26,retrait,US,74.512345,145.536566,2025-06-06 22:00:04
C00104,816.7,retrait,US,45.270243,-153.01647,2025-05-28 06:37:04
C00037,4039.44,paiement,ES,31.491765,-35.182665,2025-05-22 16:16:04
C00165,1924.6,paiement,DE,60.309014,-5.959039,2025-06-10 11:31:04
C00067,4820.83,virement,DE,8.739949,-46.169639,2025-05-22 06:11:04
C00176,3679.6,retrait,JP,-0.885517,-166.561091,2025-06-13 05:16:04
C00011,4451.3,virement,FR,-71.932055,40.096391,2025-05-20 18:37:04
C00055,1050.61,retrait,IT,-27.34583,-62.505407,2025-06-04 11:05:04
C00156,4308.03,achat,JP,-26.999862,176.300441,2025-05-22 15:52:04
C00177,4505.42,virement,DE,42.085491,4.896292,2025-05-28 16:14:04
C00058,4062.29,versement,DE,-64.709535,170.455387,2025-05-28 20:48:04
C00117,1157.74,versement,US,12.271654,-128.422739,2025-06-03 15:01:04
C00122,2992.26,versement,ES,-41.109083,127.713378,2025-05-25 11:02:04
C00129,624.83,retrait,DE,58.717856,26.509089,2025-05-31 15:06:04
C00172,950.59,achat,JP,20.703766,-91.339337,2025-06-11 17:46:04
C00168,1933.04,versement,FR,65.360321,156.925949,2025-06-05 04:00:04
C00031,2167.1,retrait,ES,39.645392,112.847687,2025-05-31 04:26:04
C00039,2863.8,virement,IT,36.28674,-76.438458,2025-05-29 11:32:04
C00071,3053.54,virement,DE,-24.595727,108.550078,2025-06-10 23:48:04
C00085,932.87,achat,IT,36.654356,-93.474383,2025-06-06 06:00:04
C00168,933.61,retrait,JP,-50.761252,70.22854,2025-06-01 03:29:04
C00031,269.7,paiement,FR,-43.190015,78.102059,2025-05-31 21:18:04
C00018,85.31,retrait,IT,-11.926616,-21.939379,2025-05-18 09:08:04
C00048,3403.63,retrait,IT,-66.946534,-84.150774,2025-05-21 07:01:04
C00086,4726.18,achat,CN,-53.287062,33.786631,2025-06-04 21:46:04
C00021,4660.33,paiement,UK,61.151962,151.661281,2025-06-16 01:47:04
C00068,4327.38,paiement,CN,87.992893,66.1135,2025-06-02 16:56:04
C00185,2769.16,paiement,CN,-84.005108,-137.42867,2025-06-06 02:02:04
C00157,2348.56,versement,IT,44.547762,-115.409088,2025-05-22 15:56:04
C00093,920.13,versement,US,57.501263,-12.059739,2025-06-10 19:02:04
C00086,1785.46,paiement,US,82.161288,55.537046,2025-06-12 06:30:04
C00026,3026.38,retrait,UK,-76.353704,-140.181203,2025-05-22 04:20:04
C00119,4467.84,achat,JP,83.162352,76.053934,2025-05-19 15:00:04
C00178,2832.84,retrait,JP,88.239185,-163.64132,2025-05-22 14:59:04
C00107,3529.37,retrait,US,66.955593,-48.764086,2025-05-28 03:44:04
C00110,2092.3,achat,IT,-80.738674,28.343041,2025-06-11 00:31:04
C00125,1274.79,achat,DE,72.457692,-116.678784,2025-06-01 00:20:04
C00182,287.33,versement,DE,-5.270368,-167.457029,2025-06-11 00:12:04
C00125,4841.53,virement,JP,-38.531785,127.042608,2025-06-09 15:57:04
C00037,194.38,retrait,CN,-22.202047,-17.427,2025-06-13 20:23:04
C00049,1831.16,versement,DE,19.211376,89.945034,2025-05-20 23:34:04
C00025,3161.5,virement,DE,63.945295,7.027742,2025-06-15 05:27:04
C00052,3773.71,achat,CN,49.922544,-38.612547,2025-06-09 13:58:04
C00189,1284.03,achat,US,-79.650602,86.492611,2025-06-05 23:42:04
C00008,3026.37,virement,DE,-84.082313,-73.708903,2025-05-18 04:15:04
C00021,1084.54,achat,UK,21.508416,148.001266,2025-06-02 01:36:04
C00094,3408.84,retrait,FR,75.007416,148.173658,2025-06-11 20:18:04
C00120,1706.57,paiement,CN,-49.463508,0.095206,2025-05-20 22:55:04
C00189,2667.88,virement,DE,3.244863,87.341116,2025-05-26 23:28:04
C00074,501.31,versement,UK,53.930346,-55.764808,2025-05-30 02:06:04
C00120,114.92,versement,JP,24.395333,101.29506,2025-05-22 13:18:04
C00145,1172.41,retrait,FR,48.942697,179.90413,2025-06-05 08:36:04
C00073,4750.55,versement,US,-69.446131,-169.610772,2025-05-28 04:46:04
C00076,3362.98,achat,DE,-35.218242,131.933506,2025-05-31 01:25:04
C00016,2089.87,virement,IT,81.752982,-168.229409,2025-06-03 14:14:04
C00086,2500.03,retrait,FR,25.801931,114.171135,2025-05-28 10:36:04
C00091,3942.61,paiement,US,66.807641,112.845593,2025-05-29 10:12:04
C00169,237.23,versement,US,-30.293672,155.206382,2025-05-23 20:48:04
C00094,3985.01,paiement,DE,-24.027478,-173.212244,2025-06-12 21:36:04
C00078,4618.06,retrait,DE,27.086375,-144.229789,2025-06-09 19:41:04
C00027,1919.26,virement,UK,66.491139,-94.268142,2025-06-09 04:45:04
C00172,512.76,achat,CN,15.420915,3.921981,2025-05-25 06:02:04
C00120,1404.79,retrait,UK,-87.089232,103.876908,2025-06-01 23:21:04
C00085,4205.11,paiement,CN,-79.668798,-122.856115,2025-06-05 03:12:04
C00160,578.76,retrait,ES,-67.789574,26.113833,2025-05-28 08:26:04
C00120,1789.41,paiement,ES,28.464689,108.197334,2025-06-06 23:45:04
C00013,4425.76,achat,IT,11.384025,1.632692,2025-06-10 11:02:04
C00066,596.4,versement,DE,-10.657647,27.854603,2025-06-16 20:23:04
C00199,2512.25,achat,CN,27.625887,-52.19657,2025-06-08 14:24:04
C00002,1104.22,paiement,DE,86.396888,-177.238848,2025-06-03 16:30:04
C00196,418.9,achat,JP,60.965831,-103.892167,2025-05-29 07:51:04
C00158,1365.63,achat,UK,-42.264215,139.490008,2025-06-05 01:42:04
C00005,4850.87,paiement,CN,42.590575,56.360751,2025-05-24 18:45:04
C00036,360.33,achat,DE,39.54738,-160.254073,2025-06-16 05:59:04
C00038,1797.83,paiement,DE,74.426848,-63.514189,2025-06-09 10:48:04
C00071,145.35,versement,UK,72.161947,114.659626,2025-05-30 02:41:04
C00194,3299.84,virement,UK,34.591485,168.109031,2025-05-26 13:12:04
C00141,3799.67,achat,US,27.633166,23.13985,2025-06-04 21:35:04
C00113,1880.23,retrait,JP,-77.624724,6.970582,2025-06-12 10:15:04
C00048,1013.11,versement,DE,-15.224005,-21.174993,2025-06-06 21:37:04
C00125,2799.12,virement,FR,-29.993062,23.149554,2025-06-03 03:40:04
C00167,4618.74,virement,UK,25.54178,-72.501912,2025-05-19 06:39:04
C00142,3527.3,virement,US,-83.458749,122.927226,2025-06-02 23:24:04
C00151,4689.68,paiement,CN,53.031319,121.347097,2025-06-11 07:08:04
C00160,3590.81,paiement,US,0.290724,24.725576,2025-05-27 22:43:04
C00191,3511.41,virement,CN,51.208444,-8.586327,2025-05-18 09:38:04
C00174,398.28,retrait,ES,-47.143713,-68.383178,2025-05-22 09:37:04
C00067,4370.67,versement,US,30.789837,165.298574,2025-06-01 14:37:04
C00149,2866.24,versement,CN,-15.809204,11.243831,2025-06-04 04:34:04
C00162,2597.02,virement,CN,80.987214,-24.63316,2025-06-02 07:37:04
C00114,266.88,retrait,DE,-8.589664,-63.728369,2025-05-23 21:27:04
C00020,3100.31,paiement,JP,4.442817,-170.192632,2025-05-18 21:52:04
C00028,4926.33,retrait,US,45.009973,-23.485749,2025-06-04 01:11:04
C00173,2578.37,achat,US,-75.951129,19.388223,2025-06-10 05:57:04
C00115,1740.88,virement,ES,-47.546211,137.533504,2025-06-08 06:35:04
C00147,3012.04,paiement,IT,-25.195616,-142.638936,2025-06-14 03:41:04
C00070,3795.71,retrait,ES,7.725954,41.546062,2025-05-22 10:45:04
C00097,2577.14,versement,US,29.049171,-10.589577,2025-06-11 08:18:04
C00076,2777.67,achat,UK,54.915413,141.585194,2025-05-24 00:02:04
C00185,3635.59,virement,US,-5.474369,-65.775316,2025-06-06 00:48:04
C00127,205.91,retrait,US,-59.936412,16.574698,2025-05-18 03:44:04
C00122,2107.72,paiement,CN,-68.71899,114.675556,2025-05-19 15:31:04
C00093,1136.28,versement,US,28.89361,-12.467585,2025-05-19 18:15:04
C00160,3682.63,versement,ES,-67.376317,-171.538019,2025-06-05 07:26:04
C00183,128.28,versement,ES,-21.073758,-68.154308,2025-05-18 19:21:04
C00193,4902.6,versement,CN,6.643676,62.575974,2025-05-25 12:53:04
C00099,3570.28,achat,JP,77.579081,172.356076,2025-06-06 16:52:04
C00083,1086.7,paiement,IT,-33.456698,-104.686649,2025-06-12 11:05:04
C00195,2242.19,retrait,IT,3.236595,-159.205383,2025-06-14 19:14:04
C00121,427.66,achat,FR,85.303605,-177.464559,2025-06-11 09:18:04
C00145,212.98,virement,ES,-47.167858,148.631344,2025-05-20 08:34:04
C00152,2006.99,virement,IT,-38.729425,43.533938,2025-05-24 05:07:04
C00095,2985.39,versement,CN,20.517944,-44.275469,2025-05-21 02:58:04
C00077,2360.14,achat,IT,-7.966462,-158.514439,2025-06-05 18:48:04
C00069,2372.57,achat,IT,42.374659,-153.438577,2025-06-09 23:10:04
C00088,4994.42,achat,US,12.555606,-172.434662,2025-05-26 03:55:04
C00141,4954.2,achat,US,17.412513,-137.449431,2025-06-15 22:43:04
C00135,4713.54,virement,IT,-87.774759,156.942063,2025-06-04 06:05:04
C00058,790.56,paiement,DE,67.571614,-146.432087,2025-06-07 04:32:04
C00047,4507.64,virement,FR,-42.308028,-146.061492,2025-05-30 08:01:04
C00181,4906.64,versement,CN,47.794223,128.563249,2025-06-02 21:14:04
C00116,122.94,virement,IT,19.760804,25.762366,2025-05-27 19:42:04
C00193,3791.1,virement,DE,39.010181,-100.154103,2025-05-25 16:58:04
C00001,4713.74,achat,IT,42.282301,159.707516,2025-06-11 04:30:04
C00137,1399.87,versement,CN,-12.795501,-32.94804,2025-05-26 06:34:04
C00133,2563.99,paiement,IT,5.769314,58.132487,2025-06-01 05:46:04
C00119,2149.32,retrait,DE,83.1918,171.789317,2025-06-07 02:23:04
C00194,2336.42,paiement,US,46.322955,-25.492327,2025-05-19 10:20:04
C00143,2491.96,paiement,FR,-26.034538,-141.398509,2025-06-15 22:15:04
C00115,3966.71,paiement,IT,71.385178,20.745567,2025-06-15 10:38:04
C00084,4300.31,paiement,IT,29.213768,90.688298,2025-06-16 21:29:04
C00057,2363.21,achat,UK,-76.78729,134.810017,2025-05-25 03:05:04
C00028,4549.97,paiement,IT,15.583788,135.906544,2025-05-22 04:39:04
C00165,3407.66,paiement,DE,-28.255999,-90.984426,2025-06-04 14:30:04
C00071,1172.21,versement,CN,-49.783777,-60.319292,2025-05-28 06:34:04
C00096,3117.33,retrait,IT,86.491057,-94.033327,2025-05-27 09:25:04
C00082,1602.51,achat,JP,72.899831,68.844216,2025-05-29 01:42:04
C00028,3569.39,paiement,UK,39.017922,101.172871,2025-06-13 18:08:04
C00033,1139.8,retrait,DE,-35.93538,-38.836172,2025-06-03 03:03:04
C00132,1022.63,paiement,DE,-35.46321,138.918343,2025-05-31 06:37:04
C00015,3512.9,virement,FR,17.424669,-12.00611,2025-05-28 20:42:04
C00025,4536.7,achat,UK,60.661902,38.984046,2025-05-20 19:24:04
C00159,3568.59,paiement,DE,74.609574,-121.395601,2025-05-23 11:48:04
C00195,237.97,versement,JP,-7.997752,-91.952457,2025-06-16 01:32:04
C00107,1288.42,retrait,JP,-78.467049,53.358471,2025-05-25 14:48:04
C00021,4136.69,versement,IT,12.885653,-170.554134,2025-05-24 16:44:04
C00025,2884.26,achat,IT,-5.931299,-13.991366,2025-05-24 18:39:04
C00127,3442.49,retrait,US,32.183296,-21.93423,2025-06-16 22:37:04
C00052,2287.61,paiement,UK,72.941582,137.481736,2025-05-27 14:25:04
C00032,1113.53,retrait,FR,43.44842,24.776064,2025-06-10 06:15:04
C00040,2509.95,paiement,IT,78.453681,-45.505241,2025-06-01 08:14:04
C00133,2439.52,paiement,FR,39.855489,-55.081767,2025-06-04 20:19:04
C00076,613.3,achat,DE,-75.561593,-144.640189,2025-06-01 19:46:04
C00198,4835.7,virement,DE,-28.686653,-118.014875,2025-05-19 06:46:04
C00106,1868.26,virement,JP,5.476319,72.489029,2025-06-10 08:53:04
C00008,1025.81,retrait,UK,33.411493,85.907862,2025-06-10 01:56:04
C00094,4276.9,versement,IT,29.913199,-69.631374,2025-06-12 04:41:04
C00105,3330.23,versement,ES,-0.032387,-27.811886,2025-05-24 19:41:04
C00050,3194.24,paiement,CN,-65.036328,110.843818,2025-06-08 07:59:04
C00191,3127.75,paiement,JP,29.952624,-85.802693,2025-05-19 23:23:04
C00064,593.02,achat,JP,29.418609,53.980662,2025-05-18 12:59:04
C00154,243.83,retrait,FR,-12.843395,27.792829,2025-06-05 15:00:04
C00147,3682.98,versement,IT,7.210739,-128.15748,2025-06-11 00:40:04
C00011,1720.92,retrait,US,-32.63902,-141.695669,2025-05-22 16:53:04
C00198,555.59,versement,IT,-49.244236,-137.524237,2025-06-10 04:58:04
C00037,3333.35,achat,ES,48.525368,-119.302542,2025-06-04 06:42:04
C00077,4999.35,versement,JP,-71.72182,124.758146,2025-06-10 04:46:04
C00097,4104.27,achat,CN,36.77717,-124.591174,2025-06-05 08:40:04
C00133,2300.67,retrait,JP,-66.799806,-104.694002,2025-06-12 14:20:04
C00114,1728.95,retrait,FR,71.199599,31.593384,2025-06-15 06:53:04
C00119,3740.64,versement,CN,-86.041233,143.051151,2025-05-20 12:47:04
C00179,3654.82,paiement,US,-19.448774,-35.966282,2025-06-01 01:11:04
C00057,761.28,virement,FR,69.803495,50.609082,2025-05-18 22:09:04
C00021,2924.21,achat,ES,-62.573208,11.456134,2025-06-11 02:13:04
C00199,2995.8,versement,UK,87.188612,102.492449,2025-05-20 12:58:04
C00019,2794.31,versement,FR,1.659833,-66.90783,2025-06-08 09:49:04
C00183,1589.81,retrait,UK,-17.012682,69.127736,2025-06-09 21:18:04
C00189,1767.86,achat,IT,-37.83196,12.013829,2025-06-15 20:18:04
C00037,3172.88,retrait,ES,18.912652,-113.637657,2025-06-03 22:53:04
C00044,1429.6,paiement,JP,-77.293467,172.165598,2025-05-24 13:59:04
C00122,3129.47,virement,JP,18.991926,-82.961327,2025-05-29 14:32:04
C00066,4656.03,virement,US,16.107238,171.064726,2025-06-04 15:50:04
C00083,440.6,retrait,CN,-35.156539,49.78654,2025-06-10 08:48:04
C00028,3138.37,retrait,CN,25.575822,122.167241,2025-05-28 06:01:04
C00161,964.99,paiement,ES,-60.14601,121.655402,2025-05-26 14:46:04
C00091,1054.25,paiement,DE,-25.156733,-151.015046,2025-06-09 09:29:04
C00104,4044.89,virement,US,46.059098,7.111161,2025-05-25 17:59:04
C00030,4201.99,virement,FR,6.08999,-143.13604,2025-06-16 22:40:04
C00121,282.05,virement,UK,69.229235,-1.553274,2025-05-30 03:09:04
C00188,3574.56,achat,US,-79.86147,-76.827101,2025-06-06 03:42:04
C00111,2167.34,achat,JP,-75.38651,-107.126962,2025-06-04 07:59:04
C00028,3769.28,achat,JP,68.144487,-19.207146,2025-05-24 17:11:04
C00028,654.92,virement,JP,49.100232,-78.888358,2025-05-18 17:41:04
C00093,2072.45,paiement,DE,-15.488409,-76.056462,2025-06-15 08:46:04
C00062,3140.71,retrait,UK,-66.028531,-43.308923,2025-06-07 11:13:04
C00106,1088.14,versement,JP,58.976527,32.549813,2025-06-16 20:07:04
C00128,195.55,versement,IT,88.451508,46.19197,2025-06-06 10:31:04
C00160,4872.97,virement,UK,-76.329072,-127.751379,2025-05-23 14:11:04
C00170,272.19,virement,FR,-87.406157,-27.092507,2025-06-10 07:13:04
C00162,3542.77,versement,JP,-0.511747,-36.606941,2025-06-03 00:35:04
C00050,1385.77,achat,CN,47.85699,-101.904328,2025-06-11 11:28:04
C00195,1664.02,paiement,IT,-75.420919,179.907303,2025-06-03 15:53:04
C00109,3335.31,paiement,ES,-47.612643,-0.223929,2025-05-22 09:51:04
C00194,2246.29,paiement,CN,-44.943113,18.658746,2025-05-24 11:51:04
C00111,19.33,achat,UK,-83.906545,-10.171096,2025-05-27 09:35:04
C00044,220.02,virement,UK,-74.448822,74.783322,2025-06-05 16:15:04
C00008,1693.1,paiement,IT,86.565621,-170.416682,2025-06-12 10:57:04
C00004,447.67,virement,UK,-68.352546,123.45676,2025-05-25 19:49:04
C00150,4535.57,versement,DE,42.299298,-57.543283,2025-06-11 21:19:04
C00060,449.8,virement,UK,-7.605392,144.409846,2025-06-16 07:31:04
C00086,4525.74,versement,CN,-61.656543,-57.3633,2025-05-26 15:43:04
C00200,4217.07,versement,FR,31.027227,-93.885971,2025-06-04 17:32:04
C00065,2603.66,virement,FR,31.136198,22.059903,2025-05-31 14:12:04
C00078,1931.49,virement,UK,-25.640114,52.539816,2025-06-09 04:35:04
C00047,4526.95,versement,CN,88.267898,7.498328,2025-05-21 10:53:04
C00084,276.18,retrait,JP,27.838221,-117.642087,2025-05-26 20:17:04
C00146,4118.63,achat,IT,-75.924853,35.966268,2025-05-31 12:31:04
C00061,1826.4,versement,FR,9.178989,-126.481595,2025-06-04 06:28:04
C00114,3686.22,paiement,ES,-64.540303,-35.283153,2025-05-18 22:20:04
C00133,2977.74,paiement,FR,46.498359,-103.762558,2025-05-24 17:32:04
C00158,1264.73,achat,UK,-62.228094,158.060336,2025-06-10 07:05:04
C00069,2888.61,achat,ES,-49.036408,-129.922835,2025-05-30 10:41:04
C00069,2814.1,paiement,FR,86.278548,-78.670119,2025-06-03 02:31:04
C00151,3897.03,achat,JP,-89.367192,-143.239186,2025-05-18 01:49:04
C00176,751.18,paiement,ES,0.399733,-21.555487,2025-06-02 03:04:04
C00156,2671.89,virement,FR,59.053942,-7.081482,2025-06-05 16:35:04
C00107,719.82,retrait,FR,-54.070324,-154.085377,2025-06-11 15:28:04
C00002,2758.15,retrait,ES,-68.813946,23.742949,2025-05-24 07:11:04
C00176,3842.12,versement,CN,88.600993,-115.6868,2025-06-08 14:43:04
C00152,4577.72,versement,UK,39.348237,-92.251309,2025-06-11 06:21:04
C00121,4939.07,retrait,JP,12.906141,96.853509,2025-05-30 14:55:04
C00133,505.8,versement,UK,2.638615,126.604085,2025-05-29 15:56:04
C00066,3880.59,versement,IT,-43.550314,24.947081,2025-06-13 07:41:04
C00125,4238.45,versement,US,3.263077,-94.040678,2025-05-27 20:53:04
C00190,709.0,virement,IT,58.89706,87.182419,2025-05-21 16:16:04
C00092,2163.01,versement,DE,-18.23817,-159.832783,2025-06-04 23:02:04
C00197,3402.77,retrait,ES,-14.956354,156.48456,2025-05-29 09:43:04
C00167,1233.41,virement,UK,-13.148895,179.746191,2025-06-02 20:12:04
C00163,1929.15,paiement,DE,35.534215,103.445347,2025-05-23 08:06:04
C00089,909.15,achat,IT,75.832063,148.258908,2025-05-23 18:53:04
C00145,4583.77,paiement,JP,18.04364,-122.47993,2025-05-26 17:08:04
C00009,4446.68,virement,IT,-89.782722,156.182956,2025-05-20 19:23:04
C00124,4860.68,achat,UK,32.624705,94.054148,2025-06-09 01:31:04
C00102,4287.41,retrait,FR,12.954603,-105.084745,2025-06-01 19:12:04
C00100,2534.34,versement,FR,-43.859191,67.834932,2025-06-15 03:42:04
C00053,3632.02,versement,UK,56.356114,-56.74013,2025-05-22 16:12:04
C00182,423.72,paiement,US,50.277388,-8.234512,2025-05-22 13:12:04
C00005,4110.8,achat,JP,-81.738181,68.441243,2025-06-11 02:47:04
C00114,3968.83,paiement,IT,21.47323,-132.734467,2025-05-29 02:24:04
C00081,4088.79,paiement,CN,-80.403018,-26.987054,2025-05-27 23:04:04
C00151,2172.62,paiement,UK,48.463725,115.885925,2025-06-12 19:07:04
C00120,2923.45,paiement,CN,-15.353536,-95.804163,2025-05-18 15:09:04
C00011,4402.96,achat,CN,55.947279,-177.372382,2025-05-26 10:54:04
C00085,4690.87,achat,CN,79.315453,-58.851657,2025-06-06 17:43:04
C00124,4722.96,versement,JP,-84.22321,-147.654359,2025-05-22 20:07:04
C00064,3891.63,paiement,UK,48.295594,143.346747,2025-05-27 02:38:04
C00078,3717.85,virement,JP,-89.471132,173.781824,2025-06-14 08:07:04
C00049,4105.34,paiement,ES,-77.334389,124.612079,2025-05-23 03:55:04
C00103,2897.42,versement,FR,-3.103524,-163.79018,2025-06-03 06:27:04
C00128,1484.44,paiement,ES,-84.477526,96.620633,2025-06-15 01:54:04
C00022,4471.4,paiement,ES,-69.221079,-70.20655,2025-06-09 16:39:04
C00157,887.59,retrait,CN,-28.813847,70.037169,2025-06-04 00:32:04
C00140,4178.62,achat,CN,-65.82694,-23.014294,2025-06-02 06:44:04
C00009,3979.05,virement,US,14.080278,20.106914,2025-05-21 21:38:04
C00073,1853.56,paiement,IT,19.471829,-130.085697,2025-06-03 05:31:04
C00072,2381.29,virement,FR,-56.131765,2.495639,2025-05-28 04:02:04
C00037,4548.42,retrait,CN,74.482942,-136.882374,2025-06-12 01:09:04
C00008,3542.28,achat,ES,-71.637019,-53.545039,2025-05-24 01:13:04
C00080,3304.63,achat,UK,39.998922,-105.789911,2025-05-23 19:27:04
C00048,1953.67,versement,FR,17.295732,102.970595,2025-05-22 04:16:04
C00035,1874.59,paiement,US,-41.046052,170.333162,2025-06-05 09:04:04
C00084,486.52,paiement,US,-12.8207,32.357438,2025-05-31 20:08:04
C00061,4439.48,versement,ES,-69.997301,157.007807,2025-05-28 16:35:04
C00084,319.18,achat,FR,43.725394,167.850605,2025-05-27 12:04:04
C00140,2786.54,versement,DE,-40.518591,-159.444597,2025-06-07 00:11:04
C00043,1164.86,paiement,JP,31.569514,-79.99921,2025-06-12 10:53:04
C00123,2775.39,versement,CN,37.550991,157.46962,2025-05-23 16:54:04
C00032,4674.89,achat,UK,39.08185,174.78336,2025-05-27 06:42:04
C00145,2297.28,paiement,ES,42.364351,-61.359781,2025-06-15 20:25:04
C00094,3985.44,versement,UK,4.714871,-170.867728,2025-05-30 22:21:04
C00198,1654.74,virement,ES,-6.343624,53.694252,2025-06-11 13:12:04
C00004,1683.1,versement,FR,-39.585878,152.475635,2025-05-20 14:05:04
C00057,3375.9,paiement,FR,61.460773,-164.138134,2025-06-10 20:49:04
C00195,3402.63,retrait,FR,61.008563,138.057223,2025-05-28 12:38:04
C00021,1910.76,retrait,JP,71.295591,131.127706,2025-05-18 15:39:04
C00039,3627.77,versement,CN,62.175816,-129.665415,2025-05-18 00:38:04
C00006,3970.99,virement,FR,-37.867408,-53.693481,2025-06-03 04:46:04
C00056,4430.96,retrait,ES,-70.650272,77.639049,2025-05-26 03:27:04
C00170,1435.48,achat,JP,12.843036,-128.309711,2025-06-06 18:43:04
C00129,3533.89,versement,US,-58.76081,-161.965263,2025-05-23 20:50:04
C00188,1049.65,retrait,JP,23.061152,-81.92436,2025-06-09 17:21:04
C00104,563.47,virement,JP,24.94424,107.913502,2025-05-18 17:56:04
C00181,1992.22,achat,ES,-56.879197,80.630125,2025-06-12 14:34:04
C00187,4212.7,virement,FR,-74.828574,26.670653,2025-05-30 04:51:04
C00068,1691.95,retrait,IT,16.10128,-98.361716,2025-05-28 16:00:04
C00055,2414.9,virement,DE,82.664184,170.808253,2025-05-29 04:33:04
C00166,2755.06,paiement,ES,-29.817631,-157.759228,2025-05-30 07:52:04
C00163,2254.18,virement,CN,-20.97623,-101.019111,2025-05-18 06:23:04
C00058,4842.31,retrait,FR,72.04041,-6.158072,2025-05-23 17:17:04
C00024,2397.56,retrait,JP,-2.551732,36.317481,2025-06-16 14:48:04
C00054,4694.15,paiement,CN,11.524361,-113.30761,2025-05-25 20:52:04
C00062,3031.11,paiement,DE,-32.759992,104.766207,2025-05-27 02:38:04
C00113,547.43,paiement,IT,78.511553,135.651983,2025-06-10 08:35:04
C00086,3844.47,virement,UK,6.298997,104.296706,2025-06-02 20:02:04
C00092,2840.63,versement,US,-15.691581,-101.770686,2025-06-05 11:56:04
C00141,4305.81,achat,JP,17.241281,-50.999975,2025-06-13 19:33:04
C00181,4828.89,paiement,DE,-33.645011,-0.814767,2025-05-18 19:29:04
C00176,3239.17,virement,US,4.294386,6.890663,2025-05-29 19:39:04
C00092,4836.52,virement,UK,-61.753191,133.268069,2025-05-26 14:57:04
C00131,1374.43,paiement,IT,-58.752411,-177.64912,2025-05-24 19:23:04
C00045,3270.4,achat,CN,22.1249,-170.644358,2025-06-13 00:54:04
C00117,3877.29,paiement,US,-78.10784,59.953238,2025-06-12 07:05:04
C00081,4997.57,retrait,DE,-39.220269,-58.62077,2025-06-03 04:11:04
C00114,4519.23,virement,FR,59.083068,-105.322276,2025-05-31 08:18:04
C00056,4234.19,paiement,CN,83.408344,-125.96154,2025-06-10 08:10:04
C00008,943.14,retrait,CN,3.11306,160.928017,2025-06-16 06:29:04
C00183,2470.73,virement,ES,59.199964,-138.057961,2025-06-12 00:03:04
C00002,2414.81,virement,FR,4.753749,-49.022934,2025-06-12 08:33:04
C00032,903.6,versement,ES,87.120048,161.516847,2025-05-29 16:15:04
C00081,2790.88,retrait,CN,-45.929692,161.044732,2025-05-30 15:42:04
C00102,530.31,paiement,DE,-36.057588,-26.126907,2025-05-30 19:26:04
C00175,4039.22,retrait,ES,-52.981303,-75.842907,2025-06-16 11:59:04
C00091,3707.19,retrait,IT,-49.366225,-118.189205,2025-06-08 10:10:04
C00015,4032.34,virement,DE,35.661973,-29.243966,2025-05-21 10:12:04
C00041,1384.46,paiement,JP,-23.354239,-5.361466,2025-06-16 08:34:04
C00064,893.22,achat,ES,-65.227986,-35.86001,2025-05-24 04:41:04
C00169,3037.26,retrait,DE,-80.149954,-136.914884,2025-06-04 20:40:04
C00123,82.99,versement,US,34.918239,-67.810981,2025-06-16 06:52:04
C00111,2419.97,retrait,ES,-7.650584,-33.851032,2025-06-12 21:33:04
C00066,835.07,achat,US,15.130979,21.303376,2025-05-19 09:41:04
C00122,3721.13,versement,DE,55.189238,-12.848871,2025-06-03 20:05:04
C00113,2460.63,retrait,US,31.946314,132.52249,2025-05-26 06:04:04
C00028,4273.05,achat,DE,64.20369,20.844829,2025-06-09 21:24:04
C00195,909.53,achat,US,-58.073915,34.871201,2025-06-13 16:18:04
C00077,176.86,virement,DE,53.000201,151.562845,2025-06-06 12:30:04
C00091,4977.93,versement,UK,-2.02652,33.926118,2025-05-18 09:45:04
C00131,1644.84,retrait,UK,60.728991,160.910493,2025-06-03 09:04:04
C00130,4198.6,virement,DE,21.726474,-46.534319,2025-06-08 01:57:04
C00039,3455.6,paiement,CN,-13.604102,112.852821,2025-05-20 18:42:04
C00049,4454.13,paiement,FR,-7.916759,160.575448,2025-05-24 18:19:04
C00046,1410.62,versement,FR,-77.544752,-41.215767,2025-06-12 09:30:04
C00152,4827.06,retrait,UK,-64.80364,-85.0546,2025-06-15 11:12:04
C00056,1000.91,paiement,FR,-52.629363,117.661384,2025-06-16 19:54:04
C00031,1520.25,paiement,CN,24.677393,-132.454463,2025-05-31 14:55:04
C00188,989.58,versement,US,29.492887,-37.539388,2025-05-28 05:38:04
C00047,3178.7,versement,CN,-42.916149,86.220742,2025-06-11 18:04:04
C00114,4850.58,versement,IT,87.939188,148.001647,2025-06-01 01:15:04
C00152,2116.07,versement,US,86.715024,118.45041,2025-06-13 04:05:04
C00006,2182.85,retrait,CN,-85.612572,-179.445384,2025-06-12 00:14:04
C00186,4598.23,virement,JP,24.173803,-130.813008,2025-05-23 20:19:04
C00062,3375.45,paiement,JP,-59.019571,178.435369,2025-05-23 16:40:04
C00034,1405.19,achat,IT,-40.386625,-103.888866,2025-05-30 22:19:04
C00143,3819.28,retrait,IT,43.065866,-55.85471,2025-06-16 06:51:04
C00061,3499.86,virement,US,29.932624,177.434751,2025-05-25 19:55:04
C00024,1384.27,retrait,CN,-19.794677,106.216484,2025-06-11 21:32:04
C00132,1027.46,paiement,ES,-89.575634,-61.440305,2025-06-10 07:47:04
C00054,2856.04,paiement,IT,15.215613,-14.724308,2025-06-12 21:11:04
C00027,1899.21,versement,UK,0.845522,113.705996,2025-06-14 10:19:04
C00018,1464.58,retrait,CN,38.451847,104.314057,2025-05-23 11:35:04
C00086,3819.94,achat,DE,5.036842,-148.109959,2025-05-20 15:48:04
C00139,4544.84,versement,UK,16.447337,-40.918203,2025-05-25 19:30:04
C00168,2067.27,versement,CN,3.692624,155.108862,2025-05-26 03:00:04
C00011,4098.35,virement,IT,5.697843,-60.533154,2025-06-16 01:21:04
C00029,4915.64,retrait,UK,-45.462521,-6.853678,2025-06-12 20:36:04
C00015,1633.97,achat,IT,33.334673,27.415228,2025-05-20 12:03:04
C00076,3277.97,versement,IT,73.653129,-28.136656,2025-05-22 00:38:04
C00064,1352.72,retrait,JP,14.158916,0.26887,2025-06-16 23:46:04
C00089,4150.23,achat,ES,22.634881,77.545953,2025-05-31 15:19:04
C00009,2164.69,retrait,DE,-50.747887,4.745238,2025-05-28 17:40:04
C00015,4153.25,virement,IT,-87.482921,-175.234618,2025-05-21 21:52:04
C00083,4502.92,versement,US,-58.46168,-31.867513,2025-06-02 17:28:04
C00072,2493.55,achat,FR,68.577085,90.495876,2025-06-15 03:51:04
C00068,1342.54,paiement,JP,24.679198,-134.38349,2025-06-15 12:28:04
C00087,1539.05,paiement,DE,-64.630795,-47.371673,2025-05-29 21:39:04
C00188,2167.71,versement,DE,56.359158,0.759442,2025-06-14 17:46:04
C00059,2092.38,virement,ES,-0.617363,-89.105705,2025-05-25 00:05:04
C00128,2487.35,achat,CN,-15.351505,-166.615331,2025-05-20 10:49:04
C00119,4175.36,paiement,CN,2.804408,-125.862754,2025-06-11 20:40:04
C00033,100.92,retrait,DE,-84.646947,-60.391325,2025-05-30 21:39:04
C00196,4323.65,virement,JP,-56.466827,90.554077,2025-06-05 18:08:04
C00126,2576.45,versement,DE,-38.896788,-173.436063,2025-06-09 19:35:04
C00107,2009.64,retrait,IT,-74.702079,121.510661,2025-06-01 04:32:04
C00196,2101.59,achat,JP,-21.306678,157.264131,2025-05-30 00:24:04
C00029,4987.31,achat,JP,29.556287,96.683907,2025-06-09 23:57:04
C00010,2008.59,retrait,US,-70.919781,150.690247,2025-06-05 01:22:04
C00113,3444.94,versement,US,-52.381966,78.100579,2025-05-29 13:31:04
C00090,310.56,achat,CN,30.476345,96.934752,2025-05-19 12:42:04
C00113,3666.99,versement,US,-85.948658,32.714667,2025-05-22 20:32:04
C00150,492.87,versement,DE,-26.598741,121.72155,2025-06-09 18:22:04
C00039,116.21,achat,IT,-41.616085,129.465594,2025-06-11 17:19:04
C00091,3111.93,paiement,ES,-84.071046,-35.987038,2025-06-02 16:05:04
C00131,838.2,versement,JP,37.492624,59.53611,2025-06-16 10:56:04
C00049,3753.51,versement,IT,-33.384593,-174.883499,2025-05-25 00:25:04
C00092,3665.42,paiement,CN,-69.256671,33.112243,2025-05-20 11:20:04
C00186,4977.26,virement,IT,31.950945,-142.528047,2025-06-10 19:26:04
C00005,4561.51,paiement,IT,26.0123,-7.118271,2025-05-22 01:28:04
C00154,4624.12,retrait,FR,20.701589,69.805533,2025-05-25 08:55:04
C00086,3876.12,versement,JP,-64.16615,88.175265,2025-06-02 08:05:04
C00014,1877.33,paiement,US,20.193796,-17.250426,2025-05-29 20:15:04
C00123,2365.31,paiement,DE,-68.413156,145.526694,2025-05-31 18:40:04
C00155,1677.8,virement,ES,37.315863,59.112222,2025-06-05 00:09:04
C00189,1264.04,paiement,DE,-1.718584,-55.446098,2025-05-19 18:52:04
C00093,3949.58,retrait,JP,-54.280405,10.743708,2025-05-24 11:43:04
C00018,1673.6,paiement,FR,30.071454,-161.040836,2025-06-11 07:04:04
C00122,1467.38,achat,DE,-37.995722,98.25665,2025-05-19 02:33:04
C00051,4857.48,paiement,JP,-11.891617,-11.123573,2025-06-04 08:05:04
C00194,105.19,retrait,UK,-1.813731,87.09395,2025-06-15 10:34:04
C00068,1852.6,retrait,CN,-43.995366,46.705797,2025-05-19 12:41:04
C00027,3117.2,virement,DE,-17.713029,162.074856,2025-05-22 08:33:04
C00128,4282.42,versement,IT,87.049643,4.745067,2025-05-26 05:36:04
C00198,3631.76,paiement,FR,-6.758889,33.68184,2025-06-08 01:25:04
C00161,4730.17,versement,DE,-47.226224,163.027068,2025-05-24 20:56:04
C00083,1482.49,achat,FR,-51.998436,114.235062,2025-06-14 02:42:04
C00138,802.54,retrait,IT,-3.042713,-4.045375,2025-06-07 05:46:04
C00196,2704.73,retrait,UK,-20.31473,-38.757877,2025-05-30 11:34:04
C00068,3390.34,versement,JP,-7.009076,93.076415,2025-06-08 13:24:04
C00188,3684.87,paiement,IT,28.677557,25.111862,2025-05-29 12:55:04
C00114,3542.24,retrait,UK,-67.412292,121.195328,2025-05-24 15:55:04
C00017,63.45,paiement,CN,-67.086846,-179.900387,2025-05-22 00:07:04
C00062,4210.1,retrait,CN,-35.467933,73.319847,2025-05-23 01:27:04
C00140,3283.61,paiement,UK,70.579147,-27.535756,2025-05-24 05:03:04
C00079,133.0,versement,US,-50.510526,149.454479,2025-06-08 06:28:04
C00075,587.53,versement,ES,61.321649,-160.517586,2025-06-06 18:12:04
C00009,3459.39,paiement,UK,-4.204721,0.500447,2025-05-29 03:45:04
C00079,414.24,versement,ES,3.054145,36.633873,2025-06-01 11:54:04
C00023,3312.89,paiement,DE,39.354581,47.426458,2025-06-10 18:28:04
C00187,1026.51,achat,US,69.724197,92.217956,2025-06-02 13:20:04
C00029,3515.68,versement,JP,-60.113589,43.711722,2025-06-02 12:42:04
C00041,3065.62,retrait,US,-43.116702,157.777938,2025-05-21 11:56:04
C00132,1896.8,virement,IT,28.65705,-83.384192,2025-06-13 16:24:04
C00053,3852.65,achat,CN,-56.131057,170.169693,2025-05-20 15:30:04
C00027,1733.91,versement,ES,-24.952959,108.428148,2025-06-05 02:07:04
C00160,4835.16,versement,FR,81.485111,3.983023,2025-06-14 17:02:04
C00159,3289.61,virement,FR,6.883297,167.019917,2025-05-24 04:29:04
C00139,2508.94,paiement,FR,88.170685,143.475225,2025-05-22 16:19:04
C00060,242.89,achat,US,14.344311,-123.467608,2025-05-21 18:10:04
C00037,3823.62,virement,UK,26.568491,73.571827,2025-05-20 01:49:04
C00181,4025.84,virement,US,-0.671765,84.23389,2025-06-07 14:43:04
C00050,2370.78,achat,FR,-55.70319,-64.336929,2025-05-25 01:56:04
C00149,2033.18,paiement,FR,50.081679,27.301459,2025-06-07 12:39:04
C00193,280.47,versement,IT,-49.105525,174.305266,2025-05-20 11:07:04
C00023,3503.2,virement,US,-3.488076,-138.237821,2025-05-31 04:03:04
C00147,4217.84,versement,DE,-37.751093,-110.870378,2025-06-10 13:17:04
C00175,2537.68,achat,JP,75.865993,-67.622867,2025-05-25 06:32:04
C00193,3243.77,virement,FR,14.360794,-71.572652,2025-06-01 06:11:04
C00091,4829.52,retrait,US,22.123597,-140.960342,2025-06-12 04:09:04
C00002,466.03,virement,CN,-1.113021,-47.551601,2025-05-26 19:34:04
C00053,4016.12,retrait,FR,0.979278,155.869152,2025-06-01 11:50:04
C00045,3830.57,virement,DE,88.203749,88.725589,2025-05-18 01:35:04
C00083,2552.28,achat,FR,-69.433905,133.181613,2025-06-05 19:06:04
C00179,260.46,achat,ES,24.752864,-118.723051,2025-06-04 07:57:04
C00053,552.87,paiement,US,-3.622431,-87.81138,2025-06-07 11:56:04
C00084,1520.36,versement,UK,21.861625,173.055055,2025-06-12 21:25:04
C00133,2228.23,retrait,ES,-63.408432,-27.65229,2025-05-18 12:14:04
C00014,3549.76,achat,UK,-34.618836,-142.988467,2025-05-30 14:27:04
C00056,2376.43,virement,ES,-4.413297,-65.941801,2025-05-20 03:07:04
C00118,3783.57,paiement,CN,-75.283503,15.815408,2025-05-18 05:41:04
C00164,2128.52,virement,ES,-19.310475,-112.831625,2025-06-03 12:59:04
C00184,2385.71,versement,ES,-52.787276,7.60436,2025-05-22 01:25:04
C00194,1516.45,retrait,FR,10.383557,75.840564,2025-05-24 15:02:04
C00047,3410.5,versement,JP,-42.193555,-133.491898,2025-05-28 00:49:04
C00121,1566.02,versement,ES,14.211783,-56.552375,2025-06-03 02:13:04
C00049,3424.01,retrait,US,-62.603086,122.05941,2025-06-13 15:43:04
C00124,3089.58,versement,CN,79.57452,163.058594,2025-05-21 02:06:04
C00042,3174.63,retrait,US,85.72763,118.573556,2025-06-08 19:19:04
C00025,286.18,paiement,IT,22.773303,-125.745798,2025-06-12 22:13:04
C00043,3225.11,versement,US,-79.726323,31.292251,2025-06-08 06:14:04
C00184,360.32,retrait,IT,-71.113795,-97.872168,2025-06-14 21:16:04
C00185,4721.88,versement,DE,72.03649,49.741197,2025-06-02 04:03:04
C00111,1141.71,achat,JP,-37.272893,72.465141,2025-06-16 20:57:04
C00190,2806.09,retrait,ES,75.205718,159.120635,2025-05-31 11:31:04
C00022,3269.41,retrait,CN,24.827209,-167.454876,2025-06-13 10:57:04
C00088,2827.63,achat,IT,-83.990107,11.757595,2025-06-02 08:06:04
C00051,4450.02,paiement,UK,-57.228456,-66.814703,2025-05-26 16:47:04
C00081,404.74,versement,IT,54.8889,-17.927941,2025-05-30 03:36:04
C00164,4512.62,achat,CN,61.847681,-97.886875,2025-05-28 15:02:04
C00101,1829.4,retrait,DE,71.718089,118.820709,2025-06-14 08:51:04
C00080,1528.18,paiement,JP,53.137258,32.986703,2025-05-31 09:27:04
C00051,3450.8,paiement,CN,-44.369867,92.700822,2025-06-10 17:51:04
C00193,4841.17,retrait,CN,6.639692,48.921289,2025-06-09 21:44:04
C00165,697.7,paiement,ES,70.355354,98.850781,2025-06-03 12:53:04
C00114,780.3,achat,US,-7.44966,87.139244,2025-05-19 01:40:04
C00118,928.66,achat,ES,-68.844734,8.26623,2025-05-21 17:18:04
C00061,3385.4,retrait,US,-57.030809,-154.30744,2025-06-06 07:06:04
C00013,1296.93,achat,FR,-74.655619,131.863679,2025-05-18 08:44:04
C00192,4134.21,virement,FR,-32.748391,27.492883,2025-06-06 07:44:04
C00103,3691.46,virement,JP,5.89615,66.495732,2025-06-16 04:09:04
C00160,1354.1,achat,ES,10.300662,-85.404238,2025-06-10 02:37:04
C00092,2741.55,paiement,FR,74.939444,74.278417,2025-06-14 05:33:04
C00062,128.97,paiement,FR,86.128179,-15.420863,2025-06-03 12:49:04
C00178,2362.49,achat,IT,-6.848463,-175.053209,2025-06-15 01:45:04
C00122,2295.02,retrait,ES,-24.691016,52.857569,2025-05-29 02:34:04
C00116,1768.57,achat,FR,-54.241278,-103.978409,2025-06-06 10:24:04
C00081,4714.31,versement,JP,-18.401717,106.68549,2025-05-25 04:57:04
C00117,109.35,versement,CN,84.658806,108.991919,2025-05-22 12:51:04
C00196,635.6,virement,IT,-44.517035,-80.61455,2025-06-11 16:39:04
C00177,1753.62,paiement,US,65.774726,176.375601,2025-06-10 16:06:04
C00154,185.91,virement,UK,14.805825,-50.6248,2025-06-09 23:02:04
C00152,4365.16,virement,US,-77.613862,-150.87365,2025-05-18 20:06:04
C00002,4802.54,paiement,FR,-30.310736,150.425734,2025-06-07 23:30:04
C00120,4098.47,virement,US,88.154856,169.884913,2025-05-31 10:38:04
C00017,2937.13,achat,CN,-69.140045,-69.97991,2025-06-13 18:35:04
C00184,2263.95,paiement,CN,-44.704729,155.471085,2025-06-14 18:43:04
C00094,271.94,retrait,CN,63.038783,66.786074,2025-05-31 07:13:04
C00020,1192.72,retrait,US,-3.338098,-178.84362,2025-05-19 15:42:04
C00083,683.19,versement,JP,-55.989479,-166.000658,2025-05-22 11:02:04
C00150,2822.2,virement,US,56.882116,53.971285,2025-06-03 11:39:04
C00189,1470.68,achat,ES,-61.159818,63.621724,2025-06-06 15:49:04
C00023,1440.94,versement,JP,70.968473,-90.938009,2025-06-14 11:43:04
C00014,156.01,virement,DE,-20.032592,116.203594,2025-06-03 09:28:04
C00140,3151.26,retrait,UK,-39.621414,-82.21113,2025-06-05 02:50:04
C00012,4944.16,versement,IT,75.473384,-158.04544,2025-06-01 04:25:04
C00151,1272.06,versement,JP,18.585534,106.323012,2025-06-06 23:51:04
C00114,1105.65,retrait,DE,-26.070732,29.970017,2025-05-28 07:45:04
C00053,1232.23,virement,CN,-20.785966,160.825178,2025-06-01 20:59:04
C00029,3690.93,achat,IT,35.683259,-100.452417,2025-06-10 20:17:04
C00005,53.3,versement,JP,-58.148929,-98.645985,2025-06-02 13:05:04
C00001,1268.74,achat,DE,-70.623108,175.303146,2025-05-26 12:45:04
C00075,3587.53,retrait,CN,-4.239696,-176.838041,2025-05-23 02:17:04
C00139,1897.07,versement,DE,-61.340579,-46.246105,2025-05-18 08:54:04
C00072,885.66,achat,IT,51.968643,138.194078,2025-06-14 10:42:04
C00050,240.14,retrait,CN,22.62825,-37.520507,2025-06-06 04:50:04
C00044,4682.0,virement,ES,15.092919,-52.975946,2025-05-24 04:50:04
C00024,4412.32,virement,ES,14.81429,-178.64865,2025-06-02 05:58:04
C00190,1785.81,paiement,CN,62.453904,46.924569,2025-05-20 16:12:04
C00162,4527.41,paiement,FR,53.784673,-154.14288,2025-05-22 16:58:04
C00030,1836.47,retrait,IT,-35.962929,-108.819574,2025-05-27 09:23:04
C00062,1257.63,paiement,UK,-82.981467,-143.845632,2025-05-26 06:45:04
C00150,2784.35,virement,JP,-43.876679,-124.464353,2025-05-26 00:48:04
C00187,3790.59,paiement,CN,43.710894,77.82175,2025-05-29 15:37:04
C00067,2029.33,paiement,JP,-85.051786,-42.328045,2025-06-16 22:03:04
C00114,2305.36,paiement,IT,-43.559058,-132.936074,2025-05-22 07:30:04
C00129,4551.17,retrait,ES,35.854309,-7.291381,2025-06-12 21:12:04
C00101,1333.58,retrait,ES,-52.501821,-17.019532,2025-05-22 08:51:04
C00159,2912.79,versement,IT,-3.779742,-123.355795,2025-05-27 02:13:04
C00180,3355.97,retrait,UK,-80.015657,-160.821888,2025-06-07 20:48:04
C00140,2688.06,paiement,FR,84.761825,7.533798,2025-05-22 18:50:04
C00050,3618.42,paiement,US,87.878575,43.670006,2025-06-01 06:27:04
C00005,1310.53,versement,CN,2.830361,32.343264,2025-06-03 11:05:04
C00198,1186.24,paiement,ES,53.695327,35.6315,2025-06-02 01:24:04
C00083,2553.69,virement,UK,0.269416,19.11781,2025-06-13 16:51:04
C00102,194.44,achat,ES,61.64907,48.960347,2025-06-11 00:02:04
C00002,794.94,versement,IT,-42.557052,90.447183,2025-05-24 12:36:04
C00123,417.55,virement,ES,38.111458,-127.952572,2025-05-24 08:09:04
C00120,44.41,paiement,CN,85.710609,178.304632,2025-06-10 10:08:04
C00104,1099.13,achat,IT,9.267504,-169.396689,2025-06-08 06:03:04
C00082,1699.23,versement,DE,-42.340136,-18.420492,2025-06-16 07:41:04
C00055,1853.27,versement,FR,8.165933,106.511599,2025-05-27 10:01:04
C00073,4022.59,paiement,FR,16.96252,-104.856441,2025-06-10 09:42:04
C00085,620.49,paiement,DE,-57.044589,119.875721,2025-06-11 04:40:04
C00198,1545.43,paiement,DE,-67.187539,-57.806713,2025-06-08 07:14:04
C00065,4098.11,retrait,DE,-55.977844,-24.322154,2025-06-03 16:20:04
C00027,4519.0,virement,US,28.877648,-159.284686,2025-06-11 05:03:04
C00190,1948.02,retrait,UK,-83.522782,25.571803,2025-05-31 11:31:04
C00115,2062.5,virement,UK,-25.385639,-128.407163,2025-05-30 00:34:04
C00110,3731.83,paiement,IT,43.06571,-82.81744,2025-06-08 08:28:04
C00066,1959.99,retrait,JP,-59.501571,-153.875304,2025-05-31 07:11:04
C00050,409.42,achat,US,42.856012,167.066421,2025-06-12 10:42:04
C00179,4596.79,virement,FR,17.557123,175.980578,2025-06-06 03:12:04
C00116,763.11,versement,JP,-24.094166,-5.976294,2025-05-27 05:43:04
C00075,2629.59,virement,DE,-49.920772,-154.971862,2025-05-26 13:01:04
C00090,449.09,achat,ES,-35.465024,33.528938,2025-05-31 00:32:04
C00131,4696.72,paiement,FR,49.359525,60.862326,2025-05-30 20:31:04
C00156,2100.41,virement,IT,84.36161,-179.997505,2025-06-15 00:19:04
C00042,2399.37,virement,US,48.518386,-141.539647,2025-06-07 13:55:04
C00092,479.6,paiement,FR,-38.239572,122.370949,2025-06-10 14:58:04
C00200,3681.57,retrait,IT,-38.963744,147.726503,2025-05-27 05:26:04
C00081,1666.8,virement,US,71.849838,-95.00715,2025-05-21 21:46:04
C00165,2455.49,virement,JP,34.803236,-76.180376,2025-06-14 04:46:04
C00154,3219.29,achat,UK,-45.978682,-4.359828,2025-06-05 10:56:04
C00073,2250.97,achat,DE,44.071397,-23.021237,2025-06-02 20:42:04
C00192,632.64,paiement,ES,61.132708,136.46264,2025-05-24 01:51:04
C00087,229.82,achat,DE,-12.207103,-63.62816,2025-06-15 18:27:04
C00111,3343.32,retrait,ES,21.880856,55.912233,2025-06-12 18:09:04
C00037,1526.34,achat,UK,-75.765395,-32.744939,2025-06-06 17:14:04
C00009,4301.72,retrait,JP,-31.453135,169.039186,2025-06-05 23:48:04
C00135,882.14,versement,UK,-37.52673,107.54667,2025-06-02 20:17:04
C00199,3005.04,virement,DE,-11.269631,153.675907,2025-06-02 06:56:04
C00181,4453.24,retrait,ES,37.662972,70.564841,2025-05-31 09:23:04
C00084,2851.47,retrait,ES,-89.965476,-134.381266,2025-05-21 17:05:04
C00100,2999.63,paiement,UK,-26.784246,78.51622,2025-05-22 10:38:04
C00197,3204.69,versement,FR,20.237894,108.785227,2025-05-20 06:46:04
C00081,855.2,versement,JP,17.354545,-81.236439,2025-05-31 05:04:04
C00174,1702.46,versement,CN,-48.345314,-78.634433,2025-05-23 14:16:04
C00012,4886.82,paiement,US,-42.057028,47.005195,2025-05-23 21:17:04
C00055,2204.52,retrait,DE,69.943528,-150.18693,2025-06-05 05:17:04
C00067,2517.41,virement,FR,-46.63447,-28.099613,2025-05-28 13:24:04
C00096,2827.21,achat,UK,-30.679105,49.680509,2025-05-26 19:32:04
C00157,2522.11,virement,ES,2.690804,164.996523,2025-05-20 05:43:04
C00100,744.26,virement,DE,-9.594471,103.521446,2025-05-27 02:53:04
C00053,3875.38,paiement,JP,20.623189,0.907908,2025-05-29 02:45:04
C00090,4369.15,achat,CN,-34.027297,73.629507,2025-05-18 15:54:04
C00092,1838.41,versement,US,24.288165,-109.524664,2025-05-18 06:06:04
C00157,3425.98,virement,FR,26.147605,71.718082,2025-06-03 19:00:04
C00180,353.09,versement,FR,9.539908,69.32431,2025-06-15 19:13:04
C00060,3299.87,achat,CN,-1.017795,-158.492522,2025-06-09 01:25:04
C00181,3272.27,versement,FR,-46.761431,36.887351,2025-05-19 03:34:04
C00022,1342.79,achat,UK,-85.697984,25.777899,2025-06-01 20:25:04
C00042,1318.76,virement,UK,-43.595431,45.0894,2025-05-29 06:02:04
C00014,1706.59,versement,FR,72.952258,-120.646345,2025-05-19 18:09:04
C00038,516.62,paiement,IT,-78.577998,-55.722872,2025-05-25 07:16:04
C00165,2441.16,paiement,FR,-58.319738,-17.819673,2025-06-02 12:32:04
C00123,3419.79,virement,FR,-38.208312,-153.088616,2025-06-08 01:31:04
C00115,286.8,versement,JP,-8.266842,52.122099,2025-06-14 09:06:04
C00014,4701.49,virement,CN,43.708203,-112.050404,2025-05-19 05:45:04
C00029,1997.31,retrait,IT,-14.589932,-17.974366,2025-06-03 12:28:04
C00171,4926.09,paiement,JP,-75.10697,118.073037,2025-06-10 15:14:04
C00163,3778.91,versement,FR,60.615965,-99.314534,2025-06-10 12:55:04
C00134,4262.39,retrait,CN,8.320125,-5.389069,2025-06-08 16:44:04
C00037,2714.11,versement,FR,-19.27303,127.057586,2025-06-06 10:01:04
C00037,3225.51,paiement,CN,-27.079613,100.020761,2025-05-28 10:45:04
C00008,1226.9,achat,JP,7.827808,93.217944,2025-05-18 00:44:04
C00080,1800.07,paiement,IT,79.562194,-30.026334,2025-06-04 22:10:04
C00185,1880.25,paiement,UK,67.509949,-47.280984,2025-05-20 12:09:04
C00105,4652.69,versement,ES,40.441948,-170.167496,2025-06-03 05:55:04
C00133,4606.28,versement,DE,27.70486,-117.457889,2025-05-22 15:07:04
C00109,862.64,retrait,JP,-6.955979,146.933222,2025-06-04 02:37:04
C00123,89.25,achat,JP,42.680496,-91.319909,2025-05-26 20:02:04
C00138,4136.06,paiement,CN,50.452746,178.857064,2025-05-21 16:39:04
C00070,4226.86,achat,FR,68.924503,5.924091,2025-05-25 16:12:04
C00144,2400.19,versement,FR,45.950056,-106.385953,2025-05-22 23:49:04
C00057,2835.34,achat,IT,-28.094655,54.379451,2025-05-25 19:46:04
C00165,2227.02,retrait,ES,7.762474,-139.370588,2025-06-16 07:37:04
C00166,842.71,versement,ES,3.386487,-40.130082,2025-06-08 01:43:04
C00070,421.97,paiement,FR,47.164855,-167.749351,2025-05-23 07:44:04
C00052,4704.7,virement,ES,-42.111034,174.318717,2025-06-13 06:30:04
C00193,1615.46,paiement,UK,75.840979,136.25165,2025-05-25 07:24:04
C00097,4253.36,virement,FR,81.641045,-102.843081,2025-06-12 08:47:04
C00164,2827.44,achat,DE,-41.196675,-129.47331,2025-06-08 05:01:04
C00200,3883.71,paiement,ES,-33.871417,-112.855934,2025-06-03 20:23:04
C00158,2522.29,achat,JP,31.912018,-160.875661,2025-06-03 01:21:04
C00079,3179.62,paiement,DE,4.316668,-20.717233,2025-05-21 22:51:04
C00163,1902.96,versement,DE,-27.325052,144.566211,2025-06-01 07:07:04
C00063,442.28,achat,JP,83.263251,-77.431173,2025-05-31 12:14:04
C00164,2860.94,virement,DE,-11.458791,37.388032,2025-05-31 17:09:04
C00158,4158.55,virement,ES,88.910762,-20.680146,2025-06-13 14:27:04
C00089,3289.75,paiement,CN,-59.459822,-156.270487,2025-05-27 16:55:04
C00099,484.6,achat,DE,-4.31636,7.056515,2025-05-31 02:29:04
C00024,1548.56,retrait,ES,-67.780134,-32.158058,2025-06-12 11:48:04
C00182,447.33,virement,FR,-60.085689,-27.06538,2025-06-09 19:18:04
C00037,2805.3,retrait,JP,-76.895123,122.203847,2025-05-27 04:58:04
C00180,1051.36,versement,ES,-57.367547,21.456434,2025-05-19 08:04:04
C00140,3585.19,paiement,UK,-35.22665,-133.862688,2025-05-18 20:19:04
C00150,545.63,retrait,CN,-67.957843,-125.670348,2025-06-15 23:05:04
C00005,2113.02,virement,UK,-8.987475,59.446896,2025-06-06 00:32:04
C00107,2860.51,versement,ES,-45.823898,40.409627,2025-06-04 08:51:04
C00087,52.6,versement,JP,18.353404,-170.14574,2025-05-31 11:27:04
C00016,1299.93,versement,IT,5.727763,149.65232,2025-06-10 09:05:04
C00022,4443.37,retrait,IT,87.395994,-171.867957,2025-05-25 01:27:04
C00116,4422.49,paiement,DE,87.328412,149.470354,2025-06-10 11:37:04
C00026,1032.3,versement,US,-65.679932,0.132567,2025-06-05 23:22:04
C00189,2618.07,virement,UK,5.032203,22.457078,2025-06-14 01:41:04
C00167,2331.18,virement,UK,11.593063,-161.77948,2025-06-09 13:06:04
C00063,243.74,achat,FR,-68.440851,145.733996,2025-05-27 06:56:04
C00004,1725.29,retrait,JP,61.87838,-116.976011,2025-05-25 22:38:04
C00157,199.59,retrait,CN,-72.654043,-177.13271,2025-05-27 10:37:04
C00099,1741.45,paiement,UK,17.097705,40.793057,2025-06-10 16:22:04
C00056,4040.17,paiement,DE,34.986837,-62.484006,2025-05-23 04:02:04
C00066,4871.45,retrait,FR,-18.548334,-4.42654,2025-06-07 00:39:04
C00120,1312.3,retrait,UK,-31.293996,-158.432741,2025-05-30 20:55:04
C00168,1548.37,achat,DE,43.474881,141.336719,2025-06-09 09:24:04
C00114,2576.81,paiement,JP,-47.523401,179.275235,2025-05-31 03:28:04
C00012,3574.73,versement,FR,-82.690227,108.34425,2025-06-08 14:03:04
C00180,4162.05,retrait,DE,77.502275,63.763216,2025-06-12 17:20:04
C00137,4957.46,achat,CN,-23.811865,-131.1645,2025-06-02 03:58:04
C00082,2625.58,versement,US,40.476885,25.713831,2025-05-23 22:01:04
C00119,3146.53,paiement,UK,51.161954,-44.900324,2025-06-02 19:17:04
C00117,1117.36,versement,UK,-71.332583,-5.281333,2025-05-28 15:15:04
C00021,4793.83,achat,JP,4.175078,-125.696321,2025-05-25 00:10:04
C00007,591.98,achat,FR,79.484912,121.421524,2025-05-20 12:07:04
C00058,186.87,versement,ES,-16.447403,-0.440858,2025-06-05 22:30:04
C00054,2063.98,achat,JP,-47.226995,-95.608992,2025-05-27 20:58:04
C00089,867.29,virement,UK,-71.90059,136.318574,2025-05-19 06:00:04
C00156,4548.04,achat,DE,79.28274,155.571173,2025-06-05 06:05:04
C00162,349.56,paiement,DE,61.640422,83.214073,2025-05-31 08:21:04
C00137,3947.7,versement,CN,47.753044,-2.011988,2025-05-30 10:50:04
C00026,3495.91,versement,FR,66.353533,-145.106174,2025-05-21 19:09:04
C00178,3825.02,achat,IT,87.585033,-41.118549,2025-06-14 13:29:04
C00132,3285.7,virement,CN,78.404392,46.960257,2025-06-06 09:48:04
C00104,4684.92,achat,UK,32.48036,82.278661,2025-06-04 16:20:04
C00049,245.19,paiement,DE,6.331893,-176.029395,2025-05-21 02:48:04
C00161,4818.76,paiement,ES,55.050803,-137.14091,2025-06-09 23:39:04
C00056,2288.36,achat,CN,21.037925,80.510184,2025-05-20 11:11:04
C00040,1965.07,achat,CN,60.677106,-159.398541,2025-05-31 01:08:04
C00168,2965.09,paiement,UK,-76.803409,-11.857817,2025-05-18 10:58:04
C00113,1194.67,retrait,CN,-48.717491,-134.452585,2025-06-01 07:20:04
C00037,1008.57,virement,DE,21.451664,-129.270517,2025-05-19 05:12:04
C00020,945.5,paiement,CN,47.080092,54.440037,2025-06-09 13:38:04
C00132,3993.59,achat,UK,-10.442498,-160.047419,2025-05-23 11:11:04
C00093,3587.24,paiement,ES,59.84379,-132.673272,2025-06-09 09:11:04
C00081,2816.97,virement,JP,36.553824,1.38161,2025-06-04 08:58:04
C00041,1818.34,achat,JP,-55.184226,2.599956,2025-06-13 21:43:04
C00122,1547.32,versement,FR,-76.238419,51.621412,2025-05-21 14:06:04
C00020,4112.06,achat,FR,54.893919,97.535305,2025-06-09 18:08:04
C00166,1590.54,virement,DE,2.118709,-159.616835,2025-05-28 16:10:04
C00163,2530.03,retrait,ES,29.790858,-42.695641,2025-05-24 17:18:04
C00172,1543.64,retrait,US,-63.663228,151.448107,2025-05-26 15:52:04
C00190,687.93,retrait,IT,56.105586,10.908747,2025-06-03 15:57:04
C00182,1651.4,versement,IT,-41.057616,114.175024,2025-06-09 15:45:04
C00159,1774.05,retrait,IT,49.939744,-65.57288,2025-05-19 12:34:04
C00077,1682.22,versement,FR,-66.281213,112.780053,2025-05-30 03:27:04
C00038,1478.57,virement,CN,88.564422,0.085677,2025-06-02 15:21:04
C00176,172.57,virement,JP,38.766868,140.994442,2025-06-07 12:27:04
C00104,1036.68,versement,FR,-0.526525,-16.607096,2025-06-13 23:57:04
C00052,2946.16,paiement,JP,65.680099,-83.155927,2025-05-29 10:53:04
C00114,4777.92,versement,UK,-73.712714,145.802073,2025-06-01 05:41:04
C00135,4309.51,versement,CN,-32.662766,171.899731,2025-06-14 23:02:04
C00013,1025.47,paiement,DE,-61.566537,-53.147396,2025-05-30 03:47:04
C00052,2985.75,retrait,US,52.428887,114.932704,2025-06-07 08:01:04
C00012,4163.61,paiement,CN,-75.094398,162.293202,2025-06-13 19:26:04
C00065,542.03,versement,CN,47.211064,99.074584,2025-06-12 16:10:04
C00024,3465.72,virement,CN,79.459646,155.453484,2025-05-27 08:15:04
C00064,1532.88,retrait,FR,-0.07202,-12.006809,2025-05-21 02:21:04
C00064,3828.23,paiement,ES,-87.089357,46.40547,2025-05-28 19:04:04
C00110,2422.54,retrait,ES,43.868883,-97.248711,2025-05-28 13:33:04
C00190,2951.77,retrait,JP,61.373645,-80.490072,2025-05-31 03:21:04
C00079,3289.87,versement,ES,-78.757878,-95.119596,2025-06-13 09:48:04
C00122,2285.73,paiement,DE,76.936709,84.226092,2025-06-08 15:36:04
C00162,190.78,retrait,CN,-15.270499,-136.570988,2025-06-05 12:31:04
C00189,2755.19,achat,IT,46.814334,124.781022,2025-05-22 16:08:04
C00144,3276.75,retrait,DE,-77.917314,-5.422022,2025-05-30 15:58:04
C00014,4591.55,virement,CN,-6.77667,141.02003,2025-05-22 11:43:04
C00089,4121.55,paiement,DE,75.771605,-43.34944,2025-05-28 03:43:04
C00038,4448.08,retrait,JP,-12.146053,-9.646786,2025-06-08 04:41:04
C00132,1792.76,achat,FR,41.712695,-171.428681,2025-05-22 23:23:04
C00167,3719.94,achat,UK,-74.675169,-74.431842,2025-05-23 06:29:04
C00099,390.43,achat,JP,25.218013,-135.370369,2025-05-30 23:58:04
C00064,3355.77,virement,FR,61.962724,41.345241,2025-05-31 20:57:04
C00079,1283.47,achat,UK,10.492582,-63.162445,2025-05-25 07:34:04
C00135,3430.99,versement,ES,-24.948655,39.190498,2025-06-06 10:07:04
C00060,235.02,virement,JP,35.224942,-156.306939,2025-05-28 09:11:04
C00161,127.33,versement,UK,79.683326,-139.022801,2025-05-25 01:48:04
C00010,3087.17,paiement,FR,22.884422,142.089085,2025-06-03 14:46:04
C00073,2649.43,virement,IT,-8.798727,148.904715,2025-06-05 05:16:04
C00173,3594.59,versement,IT,-43.968875,98.28069,2025-06-02 06:52:04
C00070,160.29,achat,FR,72.792183,172.463048,2025-06-01 02:21:04
C00055,2499.67,virement,ES,-17.620406,49.268962,2025-06-04 14:02:04
C00074,1828.16,paiement,CN,-19.954379,159.815549,2025-05-23 21:31:04
C00169,2885.62,achat,JP,-68.151176,-18.965724,2025-06-02 09:29:04
C00119,2692.5,virement,ES,-53.61456,176.822423,2025-06-15 01:39:04
C00146,2519.25,versement,ES,14.322778,44.47936,2025-06-14 10:41:04
C00075,268.95,paiement,JP,-7.816756,-45.694275,2025-06-07 06:52:04
C00055,1580.52,virement,CN,-16.135325,-23.397254,2025-05-19 00:44:04
C00057,4548.6,versement,IT,-78.678277,-71.921398,2025-06-01 00:49:04
C00170,2059.98,retrait,IT,-71.179504,83.552852,2025-05-31 18:35:04
C00142,1659.89,retrait,FR,-84.409296,14.008244,2025-06-06 10:25:04
C00160,1535.58,paiement,US,-27.375423,9.428977,2025-06-11 20:11:04
C00080,3230.66,achat,IT,80.895562,135.968255,2025-06-03 22:02:04
C00072,2317.3,virement,JP,-63.894068,69.843228,2025-05-20 02:57:04
C00060,604.15,retrait,DE,73.07604,-62.820765,2025-06-04 21:59:04
C00183,3507.35,versement,IT,-76.201472,38.110137,2025-05-21 03:26:04
C00004,4241.01,versement,US,-28.550176,-176.144005,2025-05-30 00:11:04
C00036,4505.6,retrait,CN,-38.204486,-19.971378,2025-05-25 20:38:04
C00166,2880.88,versement,UK,48.223662,-171.22264,2025-06-14 07:50:04
C00013,4291.29,versement,DE,52.274393,-154.665821,2025-05-22 05:22:04
C00168,3515.49,paiement,UK,76.387247,14.713824,2025-05-21 22:36:04
C00110,4315.16,retrait,US,60.441151,-138.549344,2025-05-22 10:07:04
C00196,2784.26,virement,UK,6.897823,-148.138832,2025-05-20 10:21:04
C00189,4606.71,achat,JP,2.708341,-136.936241,2025-05-29 10:54:04
C00016,4022.14,versement,JP,-52.955148,-58.604567,2025-06-02 12:42:04
C00132,3612.18,achat,FR,-85.511887,168.656426,2025-06-07 12:15:04
C00163,4390.7,achat,CN,-50.308917,5.291279,2025-05-27 02:58:04
C00154,2566.1,achat,DE,82.442963,51.732867,2025-05-21 09:38:04
C00147,4242.16,virement,UK,34.527411,-79.220369,2025-06-06 20:03:04
C00089,4966.98,achat,DE,54.390058,-58.940496,2025-06-08 17:10:04
C00071,3435.21,virement,DE,48.67396,74.562978,2025-06-05 16:59:04
C00166,1831.43,versement,IT,-50.745369,178.136269,2025-06-02 08:49:04
C00143,1429.03,virement,FR,23.224723,148.612933,2025-06-15 09:49:04
C00041,2900.66,retrait,FR,5.538707,-103.734387,2025-06-01 14:55:04
C00125,885.33,achat,ES,-39.780844,-136.626267,2025-05-26 21:50:04
C00165,3907.59,paiement,UK,-35.159721,-103.083275,2025-06-10 03:51:04
C00097,2795.22,virement,IT,-59.425983,-88.578574,2025-06-04 05:13:04
C00166,4454.03,paiement,JP,-77.67317,-105.567114,2025-06-09 04:53:04
C00036,647.04,versement,JP,-39.648296,-122.037753,2025-06-09 02:21:04
C00149,4569.07,paiement,FR,61.855998,164.963584,2025-05-25 18:33:04
C00058,2605.1,virement,CN,-71.846939,-174.016923,2025-05-24 23:52:04
C00119,3356.37,virement,JP,74.879138,71.248423,2025-06-01 16:19:04
C00057,3975.1,versement,UK,36.536545,134.693203,2025-06-08 20:09:04
C00100,1699.46,versement,DE,-29.887273,-142.123976,2025-06-04 06:03:04
C00001,1550.72,paiement,US,-0.780294,-162.486631,2025-06-05 03:00:04
C00181,1384.18,virement,UK,3.308866,-38.575707,2025-06-14 20:47:04
C00157,2527.6,versement,FR,51.650273,0.101248,2025-05-20 18:18:04
C00028,185.29,retrait,IT,68.348619,-68.171134,2025-06-07 11:52:04
C00199,1186.04,retrait,ES,-41.037104,-112.497426,2025-05-29 23:17:04
C00101,4349.98,versement,CN,4.281384,-19.970309,2025-05-22 03:14:04
C00190,740.05,achat,CN,43.567944,49.760824,2025-06-14 20:29:04
C00065,2652.28,retrait,DE,30.994894,100.866851,2025-06-01 15:44:04
C00156,2662.44,retrait,DE,-14.353431,-115.697522,2025-05-26 22:47:04
C00084,3370.73,virement,CN,24.402835,102.65349,2025-05-30 17:55:04
C00147,2374.66,retrait,ES,-60.519342,-75.693314,2025-05-28 06:58:04
C00163,49.23,retrait,FR,-57.328889,70.756839,2025-05-19 05:12:04
C00110,2147.13,versement,US,56.650176,-118.465911,2025-06-10 07:58:04
C00166,588.92,versement,US,19.08925,43.760737,2025-06-13 10:29:04
C00078,1757.05,versement,UK,37.188148,-149.221658,2025-05-22 17:59:04
C00146,868.88,paiement,US,-2.542692,-131.346574,2025-06-04 05:19:04
C00122,2849.93,virement,US,-28.78434,121.249102,2025-05-25 07:53:04
C00071,4914.22,retrait,US,-68.26683,48.690371,2025-06-04 01:31:04
C00004,1398.08,versement,CN,35.879954,-0.489877,2025-06-03 06:07:04
C00008,1422.47,paiement,IT,-9.236436,-170.277039,2025-06-04 00:58:04
C00152,4618.24,retrait,FR,-80.69258,-42.019544,2025-05-23 15:19:04
C00138,1506.8,retrait,IT,-29.675416,39.358914,2025-06-13 23:55:04
C00055,1650.11,paiement,US,44.163442,93.162346,2025-05-18 20:41:04
C00124,1219.4,virement,US,-37.220964,146.958796,2025-05-18 10:24:04
C00014,4097.5,virement,DE,-81.193495,67.53865,2025-05-28 22:29:04
C00191,1760.86,virement,FR,-3.54357,138.562651,2025-05-26 11:24:04
C00071,1842.51,paiement,US,51.350215,-101.498185,2025-05-27 04:35:04
C00162,3245.08,virement,UK,-9.346748,-86.385425,2025-06-01 16:00:04
C00113,3253.63,paiement,JP,-62.661069,-161.712383,2025-06-15 05:31:04
C00125,2938.32,achat,CN,-70.923695,-25.847352,2025-06-11 00:00:04
C00066,628.25,paiement,ES,72.467822,129.602149,2025-05-24 03:17:04
C00154,1094.01,achat,UK,-31.282034,-0.71869,2025-05-23 07:45:04
C00176,1048.89,versement,IT,-78.973484,-134.320629,2025-06-05 14:47:04
C00052,4936.14,versement,JP,26.613509,75.164246,2025-05-21 14:39:04
C00119,2199.66,virement,UK,-40.709105,61.164994,2025-06-01 09:14:04
C00046,3091.51,achat,CN,15.499807,-145.804365,2025-05-24 04:49:04
C00110,232.66,paiement,CN,-49.983953,151.05399,2025-05-24 10:30:04
C00129,1162.76,virement,DE,-41.553897,1.651013,2025-05-26 18:07:04
C00072,941.53,virement,JP,-17.318151,-103.075913,2025-05-23 13:18:04
C00058,4208.48,paiement,UK,-51.819269,-17.302875,2025-05-31 02:48:04
C00019,3266.96,achat,ES,11.166332,-11.896307,2025-05-27 21:59:04
C00025,1160.74,versement,ES,-11.481436,127.732713,2025-06-02 12:33:04
C00081,673.98,paiement,DE,78.357994,-43.800649,2025-06-07 23:12:04
C00001,4046.13,retrait,JP,-65.098101,44.033353,2025-06-09 04:15:04
C00062,4995.74,achat,FR,-6.549522,163.629295,2025-06-04 10:09:04
C00042,4192.05,achat,FR,28.832239,-101.777263,2025-06-02 06:21:04
C00186,4369.13,retrait,FR,-5.113252,99.522926,2025-06-13 18:38:04
C00057,2133.25,virement,ES,-89.90711,11.871184,2025-06-02 10:45:04
C00033,4344.49,retrait,FR,-72.657611,-117.019631,2025-06-12 10:08:04
C00126,3347.02,versement,IT,-22.263274,113.81306,2025-06-12 15:35:04
C00197,4610.96,retrait,CN,64.220897,157.103214,2025-05-20 06:40:04
C00072,4710.62,paiement,CN,59.664643,128.322625,2025-05-21 18:53:04
C00185,1211.67,virement,UK,78.461739,146.021129,2025-06-01 05:31:04
C00030,3222.68,retrait,JP,-83.982919,58.474207,2025-06-15 22:28:04
C00006,2608.88,virement,US,25.455257,35.8735,2025-06-04 04:00:04
C00114,1324.53,versement,IT,82.977664,9.183443,2025-05-28 23:59:04
C00102,338.72,virement,US,-4.276067,-136.406172,2025-05-25 10:07:04
C00049,904.27,versement,JP,-88.725295,-68.869705,2025-05-24 19:26:04
C00092,1734.45,paiement,UK,27.135491,-102.109608,2025-06-08 12:00:04
C00001,3955.45,versement,JP,-73.049311,-166.206456,2025-05-30 22:44:04
C00047,1502.6,retrait,JP,1.851909,-124.346803,2025-05-23 09:08:04
C00146,1681.78,virement,UK,89.456666,179.623013,2025-05-31 16:05:04
C00143,4016.97,virement,DE,-55.443487,116.044356,2025-06-01 02:30:04
C00170,4436.87,achat,JP,-66.616166,119.304574,2025-05-22 02:25:04
C00127,4479.26,virement,FR,-39.623892,83.201961,2025-06-06 04:17:04
C00082,4535.49,virement,ES,36.718137,3.601403,2025-06-01 22:43:04
C00070,4820.39,paiement,ES,68.019384,-64.949926,2025-06-04 21:37:04
C00174,1950.03,achat,CN,-62.975469,-75.335848,2025-05-22 07:19:04
C00080,3897.59,paiement,DE,-71.453091,145.075122,2025-05-23 06:33:04
C00146,4395.0,achat,IT,-14.285755,-19.877354,2025-05-20 05:07:04
C00095,4744.63,retrait,CN,79.288622,-134.305561,2025-05-18 16:28:04
C00155,4034.43,versement,IT,-25.547563,139.727791,2025-05-30 11:53:04
C00184,670.51,achat,CN,-43.997686,-109.905464,2025-06-05 15:48:04
C00064,2672.84,paiement,IT,18.536355,112.059581,2025-05-28 19:00:04
C00075,3035.82,paiement,JP,41.026981,-169.565064,2025-05-22 15:16:04
C00004,4858.16,achat,DE,46.842924,-84.056018,2025-05-30 15:33:04
C00186,3376.31,retrait,FR,3.555435,59.706421,2025-06-16 23:06:04
C00071,1685.84,achat,JP,49.584413,125.042462,2025-05-24 23:18:04
C00116,1049.35,retrait,UK,25.720906,-79.117165,2025-06-11 12:38:04
C00171,3734.33,paiement,DE,85.727963,52.442745,2025-05-18 02:26:04
C00053,4256.71,retrait,US,67.970525,-40.290581,2025-06-06 03:46:04
C00095,4673.91,paiement,FR,-46.280822,41.544917,2025-06-03 17:30:04
C00027,4468.55,versement,JP,-72.319235,46.062308,2025-05-20 10:26:04
C00154,2167.57,achat,DE,-55.199706,28.232279,2025-05-27 11:06:04
C00009,1756.28,versement,DE,13.237079,-43.031567,2025-06-09 22:23:04
C00174,4593.12,paiement,CN,58.992718,-19.869292,2025-06-15 05:19:04
C00191,4648.26,retrait,IT,81.547283,2.21224,2025-06-05 10:49:04
C00200,2056.44,retrait,US,-45.958439,75.79556,2025-06-12 14:46:04
C00162,1122.22,virement,CN,26.1329,82.483686,2025-06-16 23:33:04
C00107,4443.31,versement,DE,50.616781,131.571932,2025-05-23 19:51:04
C00022,1294.23,retrait,UK,-75.344654,-45.991734,2025-06-15 01:30:04
C00003,1559.14,virement,UK,65.992121,-61.220537,2025-06-12 03:36:04
C00163,575.55,virement,CN,27.314684,-51.201604,2025-06-07 18:04:04
C00029,3626.67,versement,CN,41.198394,158.825257,2025-05-25 11:19:04
C00190,251.45,retrait,JP,-78.203046,14.406434,2025-05-31 01:20:04
C00046,2472.76,achat,US,47.200957,-162.780812,2025-05-24 03:17:04
C00013,3116.06,paiement,IT,-10.0224,-130.249096,2025-06-13 13:23:04
C00112,260.33,virement,FR,-36.000673,45.875613,2025-06-09 13:16:04
C00123,4903.89,retrait,DE,4.118556,-170.910107,2025-06-15 02:04:04
C00166,3669.14,retrait,DE,1.247129,-161.494529,2025-06-12 09:29:04
C00002,712.54,virement,IT,-72.219615,-30.760617,2025-05-22 00:17:04
C00096,1596.23,achat,ES,-4.206559,113.428291,2025-05-27 23:56:04
C00145,4448.74,versement,IT,52.870133,3.725629,2025-06-12 07:22:04
C00075,2409.21,achat,US,53.793017,56.52216,2025-05-18 14:31:04
C00057,2710.18,virement,CN,-43.567752,-72.768717,2025-06-12 17:44:04
C00101,4300.07,retrait,JP,81.680785,173.137546,2025-06-11 11:04:04
C00136,2415.63,paiement,CN,44.083794,165.706909,2025-06-10 21:19:04
C00194,2242.75,virement,UK,-73.388919,-125.126515,2025-06-05 15:14:04
C00164,3653.08,versement,IT,-46.881166,-150.201652,2025-05-23 12:39:04
C00055,125.97,versement,UK,36.694274,-101.918922,2025-05-26 08:32:04
C00175,259.64,virement,UK,19.909296,78.373213,2025-05-24 01:25:04
C00129,2997.96,paiement,FR,37.655974,54.897149,2025-05-31 04:39:04
C00038,2208.97,virement,IT,-78.457243,39.297703,2025-06-08 18:27:04
C00181,2943.06,virement,ES,-49.577047,137.521493,2025-06-13 14:53:04
C00106,3589.31,versement,US,-16.983017,-18.781216,2025-06-09 07:39:04
C00016,1953.9,paiement,FR,35.537808,169.96804,2025-05-25 02:50:04
C00051,3378.36,achat,FR,-46.293527,-16.170884,2025-05-29 20:44:04
C00183,2003.41,versement,US,-58.506299,-58.146933,2025-05-20 02:52:04
C00013,4096.49,versement,FR,5.479794,-33.72095,2025-06-13 10:44:04
C00053,3863.87,paiement,UK,-47.084164,-157.385709,2025-06-15 21:21:04
C00190,4919.18,virement,DE,42.376415,-129.718867,2025-06-10 17:23:04
C00020,1818.58,paiement,FR,-74.09506,1.475571,2025-05-23 09:29:04
C00011,4237.75,paiement,IT,50.60739,-78.733646,2025-06-08 00:21:04
C00188,2014.71,versement,DE,88.995784,96.181375,2025-05-23 07:51:04
C00189,769.89,retrait,UK,10.470725,-82.347647,2025-06-13 05:11:04
C00094,3928.28,versement,ES,-59.696672,-9.662383,2025-06-11 04:36:04
C00034,4120.55,versement,IT,22.651514,-47.677855,2025-06-09 23:20:04
C00194,1745.72,virement,IT,82.924294,-153.452905,2025-06-03 17:35:04
C00161,1460.29,retrait,FR,37.272918,-41.693073,2025-06-13 07:43:04
C00074,1701.09,versement,DE,-63.92756,-137.258701,2025-06-09 21:16:04
C00090,1918.18,paiement,FR,32.731349,160.092118,2025-05-29 19:58:04
C00095,4159.22,retrait,JP,18.177789,-29.718942,2025-05-22 13:46:04
C00186,723.85,retrait,CN,74.943461,-143.440643,2025-05-20 00:41:04
C00068,1739.19,virement,FR,47.86137,-110.562884,2025-06-13 19:41:04
C00005,3001.94,virement,CN,-0.891522,31.217616,2025-06-01 17:35:04
C00054,1363.42,paiement,US,19.306824,150.338957,2025-06-11 08:39:04
C00141,1351.31,retrait,FR,-87.649751,16.226133,2025-05-21 13:12:04
C00004,3299.23,paiement,US,60.729965,50.839937,2025-06-08 17:40:04
C00191,874.73,paiement,ES,58.846444,-120.11763,2025-05-21 07:39:04
C00025,2675.44,paiement,JP,-59.237976,-129.687928,2025-06-08 21:12:04
C00093,3553.84,retrait,CN,-45.954811,128.522301,2025-05-23 01:41:04
C00089,4865.21,versement,ES,-29.112914,23.95986,2025-06-04 04:51:04
C00189,1798.32,virement,CN,-0.075915,16.52421,2025-05-21 18:12:04
C00158,2359.37,achat,JP,-8.107839,27.969113,2025-05-31 05:17:04
C00184,3214.6,virement,ES,62.954783,58.92104,2025-05-30 16:04:04
C00158,271.94,retrait,UK,2.634329,176.291871,2025-06-02 23:37:04
C00004,2992.91,paiement,FR,-20.357855,127.440546,2025-05-18 19:35:04
C00020,3110.15,achat,UK,12.0721,-11.807557,2025-05-18 00:43:04
C00164,3148.39,paiement,IT,80.253411,-59.549736,2025-05-24 20:04:04
C00186,2831.81,paiement,ES,73.16928,-159.309389,2025-06-09 12:02:04
C00159,2533.89,achat,DE,-40.859026,159.588722,2025-06-11 18:53:04
C00020,3353.29,virement,IT,-84.001784,171.394725,2025-05-27 05:17:04
C00078,1423.35,achat,FR,-85.326389,124.98813,2025-06-15 17:30:04
C00021,2134.96,paiement,IT,-83.546323,151.624081,2025-05-18 22:52:04
C00165,2810.69,virement,CN,-40.938343,-91.489857,2025-05-20 21:14:04
C00069,3457.17,virement,IT,47.415724,-93.494712,2025-06-08 20:59:04
C00066,3946.75,achat,IT,84.87573,-115.772845,2025-06-10 07:59:04
C00060,414.96,retrait,IT,-19.51548,132.029138,2025-06-05 10:55:04
C00142,3100.32,paiement,DE,43.361945,-153.900273,2025-06-09 16:11:04
C00057,3881.21,retrait,DE,-51.653159,52.393545,2025-06-06 10:47:04
C00012,1994.54,achat,ES,75.365895,17.797116,2025-06-04 14:07:04
C00082,1951.13,virement,JP,48.995335,-110.229797,2025-06-15 16:07:04
C00098,4077.34,achat,DE,27.711455,48.143517,2025-06-16 19:40:04
C00153,2392.83,virement,FR,67.824375,-11.214353,2025-06-03 07:11:04
C00055,2381.5,retrait,ES,-71.20079,58.412973,2025-06-08 02:56:04
C00076,294.39,retrait,IT,-35.339214,8.898318,2025-05-18 01:40:04
C00141,1380.52,versement,ES,-24.448854,84.125754,2025-05-31 22:44:04
C00159,3374.4,virement,DE,69.910224,-154.353741,2025-06-10 09:05:04
C00111,4991.29,achat,IT,19.937857,-45.379825,2025-05-31 19:10:04
C00198,3931.59,achat,ES,64.139156,-5.901363,2025-06-08 12:28:04
C00135,3345.33,retrait,JP,65.767896,-102.395515,2025-05-29 14:20:04
C00021,425.31,versement,US,78.576937,-91.191555,2025-06-12 01:31:04
C00149,4526.11,achat,ES,17.52551,-146.59348,2025-05-31 03:10:04
C00078,3481.87,virement,US,43.729616,-97.469073,2025-05-24 08:08:04
C00089,455.28,retrait,JP,-10.672875,-134.55435,2025-06-12 23:00:04
C00148,115.02,achat,JP,-8.10777,-50.077538,2025-05-23 02:12:04
C00076,1700.89,virement,CN,-78.992479,17.765579,2025-05-19 01:23:04
C00016,3240.94,retrait,DE,74.154629,-125.802388,2025-06-16 21:25:04
C00043,3977.7,versement,FR,46.630668,77.908326,2025-06-11 20:08:04
C00045,3903.17,paiement,IT,11.033942,4.681682,2025-05-20 17:06:04
C00068,1633.43,paiement,CN,74.50804,-56.639364,2025-05-24 14:35:04
C00147,4987.51,paiement,FR,34.938839,-167.832031,2025-05-26 15:42:04
C00056,1248.56,paiement,UK,-29.324381,158.067038,2025-06-11 01:08:04
C00117,4950.13,achat,US,-48.942543,-36.83869,2025-06-08 05:59:04
C00115,791.58,paiement,IT,-80.116501,120.852486,2025-05-22 00:42:04
C00035,780.57,retrait,JP,21.592376,-93.704164,2025-06-07 08:01:04
C00079,974.82,paiement,FR,-1.03204,-18.40589,2025-05-22 20:16:04
C00095,1589.07,retrait,DE,69.203672,127.090167,2025-06-15 18:15:04
C00196,3784.73,paiement,FR,-44.103524,-124.383055,2025-05-23 04:38:04
C00007,2242.72,achat,CN,16.715816,-121.699574,2025-06-05 07:03:04
C00085,1454.32,versement,FR,-59.856442,29.530867,2025-06-07 06:46:04
C00179,4097.45,virement,DE,85.312407,-137.321726,2025-06-02 23:14:04
C00066,2699.73,achat,CN,24.425935,20.76689,2025-06-03 04:38:04
C00066,4956.25,versement,ES,61.284904,159.597578,2025-05-29 23:36:04
C00098,4451.91,virement,ES,24.68875,-104.394352,2025-06-07 06:41:04
C00148,2358.82,virement,UK,-39.690377,91.243536,2025-05-31 02:36:04
C00074,3552.04,versement,CN,34.233786,-174.815694,2025-05-24 00:47:04
C00146,3181.82,retrait,JP,0.960309,-85.951137,2025-05-25 15:52:04
C00171,2342.57,versement,JP,-76.259364,48.052465,2025-05-21 13:35:04
C00116,1843.68,virement,UK,-13.125854,74.52302,2025-06-10 02:03:04
C00097,630.51,versement,JP,48.680334,45.269697,2025-06-16 05:54:04
C00098,3717.03,versement,JP,-13.67546,76.746541,2025-05-30 15:57:04
C00049,4176.37,paiement,DE,24.164216,-57.966413,2025-06-01 02:19:04
C00099,2785.89,retrait,CN,-62.596688,133.361826,2025-06-05 01:11:04
C00144,389.61,versement,IT,-61.77665,-146.286695,2025-06-08 06:34:04
C00121,1518.76,virement,ES,36.259425,-8.191307,2025-05-27 19:09:04
C00097,2758.28,virement,DE,47.076847,-152.512049,2025-06-13 02:30:04
C00109,268.82,paiement,ES,-19.454235,-110.655384,2025-05-31 17:13:04
C00176,352.47,virement,UK,68.194294,129.29713,2025-06-12 03:29:04
C00158,4177.05,virement,FR,-30.503215,-70.47457,2025-05-23 06:37:04
C00143,1945.59,achat,US,51.031671,26.065563,2025-06-05 15:39:04
C00188,1527.74,versement,JP,-63.261671,-19.535343,2025-06-11 05:27:04
C00122,3668.92,virement,DE,-27.332769,6.999653,2025-05-29 10:12:04
C00073,349.35,retrait,IT,5.995068,-115.337216,2025-05-20 14:18:04
C00187,943.38,retrait,CN,33.627027,-89.618249,2025-05-20 03:49:04
C00179,3468.3,achat,DE,-79.346041,-3.501794,2025-06-04 23:13:04
C00136,2087.97,versement,FR,26.884511,91.065918,2025-05-22 15:55:04
C00065,150.12,versement,UK,1.909429,-89.771209,2025-06-14 18:14:04
C00152,636.7,virement,DE,-13.28497,-24.55416,2025-06-01 03:47:04
C00038,1884.42,paiement,ES,16.848452,-52.622324,2025-06-12 02:20:04
C00191,2893.6,versement,ES,6.5069,-47.307591,2025-05-30 14:26:04
C00108,2163.63,versement,US,76.06621,-53.411864,2025-06-10 11:23:04
C00164,1642.18,versement,ES,48.845013,104.349107,2025-06-05 15:52:04
C00134,3810.99,virement,US,20.665129,-66.749642,2025-05-30 17:04:04
C00009,4144.18,paiement,FR,63.878496,47.477644,2025-06-15 14:10:04
C00053,1925.17,paiement,CN,-9.056637,-149.615351,2025-05-20 19:37:04
C00131,1885.5,retrait,US,-88.31652,-140.85685,2025-05-26 11:34:04
C00060,1827.55,virement,DE,46.331473,-161.373817,2025-06-15 00:23:04
C00119,1079.84,virement,UK,75.428283,36.882433,2025-06-08 01:01:04
C00032,3404.3,achat,IT,-51.07155,79.389129,2025-06-06 16:57:04
C00051,3467.45,achat,CN,63.083862,91.197223,2025-05-19 22:17:04
C00065,4753.82,versement,DE,-61.527296,115.373821,2025-06-06 01:54:04
C00130,259.04,retrait,US,-77.73622,122.706334,2025-06-11 20:54:04
C00149,3116.78,achat,US,-21.958246,-45.428447,2025-06-10 02:36:04
C00173,348.69,paiement,IT,-67.628054,128.67097,2025-06-05 00:30:04
C00069,3211.19,paiement,JP,79.526133,-40.445099,2025-06-08 09:18:04
C00079,1702.78,paiement,UK,85.534167,-61.15344,2025-05-20 19:49:04
C00007,2481.82,virement,CN,29.918411,72.37462,2025-06-01 11:37:04
C00008,1985.89,achat,FR,-38.905904,129.078801,2025-05-23 06:31:04
C00028,3381.01,paiement,US,40.158514,120.818518,2025-05-26 10:50:04
C00083,1630.05,versement,US,-45.504682,-67.361383,2025-05-27 15:42:04
C00058,82.85,paiement,US,-48.858895,-16.715854,2025-05-30 16:26:04
C00037,2639.4,paiement,FR,-71.885197,-25.503687,2025-05-30 16:27:04
C00117,1809.57,virement,DE,8.847295,63.076079,2025-05-30 18:03:04
C00030,2100.16,virement,US,-22.047976,-151.089937,2025-06-08 11:47:04
C00054,4385.75,versement,IT,81.523933,-72.746786,2025-06-12 17:46:04
C00130,2206.24,retrait,FR,32.045418,-68.03032,2025-05-30 20:08:04
C00121,4739.07,virement,UK,37.060261,-151.557726,2025-06-11 15:39:04
C00098,4547.08,retrait,DE,65.295741,-145.603286,2025-05-25 03:55:04
C00103,4531.65,versement,FR,-73.194697,175.189111,2025-06-04 07:46:04
C00090,3323.72,retrait,US,-84.471387,172.391863,2025-05-30 12:39:04
C00063,2864.59,versement,CN,-30.943878,-108.694537,2025-05-31 09:58:04
C00118,2100.46,versement,JP,50.645756,57.134132,2025-05-23 22:53:04
C00044,4890.64,achat,US,-21.519982,-134.891773,2025-05-20 11:25:04
C00115,4491.9,retrait,CN,1.958333,-16.930294,2025-05-22 20:01:04
C00197,3257.33,paiement,UK,78.407038,-133.878102,2025-06-06 01:05:04
C00054,3743.58,achat,IT,-16.526024,-168.111117,2025-05-31 16:12:04
C00085,396.95,versement,CN,51.821106,35.491107,2025-05-24 02:57:04
C00187,1061.96,versement,JP,-53.475373,139.312384,2025-05-18 04:58:04
C00082,4317.92,virement,JP,85.651569,155.412976,2025-05-22 15:27:04
C00045,381.65,achat,DE,6.85454,163.068127,2025-06-13 05:57:04
C00063,386.17,virement,FR,7.254446,114.462438,2025-06-06 20:19:04
C00005,1977.44,versement,DE,40.799287,-127.388357,2025-06-07 01:31:04
C00102,2285.29,achat,CN,-57.465289,-135.398913,2025-06-07 01:19:04
C00163,4515.26,achat,CN,59.472053,-66.110397,2025-06-16 08:08:04
C00054,2120.99,retrait,CN,43.661552,-158.985354,2025-05-26 22:13:04
C00005,2544.7,achat,ES,-33.765606,65.607747,2025-06-06 06:50:04
C00063,3573.28,versement,IT,67.958852,-151.14247,2025-06-07 02:32:04
C00072,315.45,achat,DE,36.01913,-1.44701,2025-05-29 02:36:04
C00177,2230.88,retrait,IT,63.108208,173.772395,2025-06-16 09:11:04
C00003,2511.27,retrait,DE,43.270505,-116.045522,2025-05-25 17:05:04
C00148,2200.47,achat,ES,-30.508384,106.37516,2025-06-08 15:05:04
C00153,3715.45,versement,US,60.366529,-114.429584,2025-06-13 12:51:04
C00026,2588.73,retrait,UK,-83.124205,-51.165348,2025-05-21 19:55:04
C00127,1954.06,versement,US,51.343759,-91.925808,2025-05-22 08:12:04
C00097,2789.16,achat,IT,85.3614,37.839496,2025-06-11 18:33:04
C00063,3302.92,virement,UK,-14.631647,-36.153584,2025-06-08 23:42:04
C00028,2100.2,paiement,US,39.596865,-102.726834,2025-06-11 20:13:04
C00112,336.66,retrait,FR,-54.218362,106.346583,2025-06-10 11:28:04
C00078,744.67,virement,ES,-30.847287,-112.739498,2025-06-16 12:16:04
C00022,4008.78,paiement,CN,41.294547,-3.486711,2025-06-07 13:15:04
C00075,222.14,virement,UK,-78.648731,-95.839841,2025-05-31 17:04:04
C00123,3204.51,retrait,JP,2.427967,-67.86652,2025-05-22 15:27:04
C00128,2542.07,retrait,JP,85.786815,-84.246982,2025-06-05 06:03:04
C00163,1369.45,paiement,UK,-77.129344,49.080642,2025-06-12 23:49:04
C00002,3446.94,paiement,ES,-6.40198,118.372421,2025-05-31 21:42:04
C00081,379.62,paiement,ES,0.90282,-152.525006,2025-06-05 06:39:04
C00041,4346.25,versement,US,-73.396877,88.143431,2025-06-11 08:11:04
C00158,1139.24,achat,ES,-1.681121,80.836776,2025-05-27 12:18:04
C00077,819.05,retrait,FR,-4.343712,166.838423,2025-06-01 17:20:04
C00079,4707.22,versement,ES,-31.055653,-58.543291,2025-06-14 14:29:04
C00176,4445.16,virement,CN,-30.91526,-111.926911,2025-06-16 02:51:04
C00126,1088.24,virement,UK,-67.026861,161.176658,2025-06-08 18:51:04
C00186,3291.16,achat,ES,-79.533902,-148.243568,2025-06-04 07:11:04
C00065,4503.11,achat,US,19.605535,-13.800121,2025-06-10 09:41:04
C00054,2511.91,versement,US,19.412866,-13.337415,2025-06-15 20:18:04
C00142,3019.13,retrait,ES,84.166689,-102.239576,2025-05-22 15:01:04
C00008,923.9,virement,US,-67.000651,-35.9711,2025-06-07 08:57:04
C00012,2631.24,retrait,IT,11.401577,154.047786,2025-05-24 12:08:04
C00048,4920.38,paiement,UK,-45.348298,-10.187215,2025-06-05 16:07:04
C00001,2856.06,paiement,IT,68.396562,166.087386,2025-06-04 09:14:04
C00061,2594.07,achat,DE,-54.147916,163.052873,2025-05-24 09:17:04
C00162,1066.6,versement,ES,-25.085286,-156.676821,2025-06-13 08:43:04
C00001,3449.07,retrait,DE,-12.515661,-105.659376,2025-06-04 17:18:04
C00189,4735.35,versement,US,31.445097,-119.54453,2025-06-10 02:07:04
C00167,4681.4,retrait,DE,-38.542056,-84.798946,2025-05-19 08:24:04
C00050,1639.36,achat,ES,-28.903458,-40.76036,2025-06-08 04:49:04
C00099,2344.5,achat,IT,57.480102,11.392988,2025-06-15 19:08:04
C00063,3869.7,achat,DE,-43.481387,124.131217,2025-05-20 05:26:04
C00088,1905.51,paiement,CN,-34.476575,145.852321,2025-06-01 09:54:04
C00011,4790.09,achat,FR,60.715097,140.049497,2025-05-28 17:27:04
C00102,2158.05,versement,US,86.776644,133.795627,2025-06-08 10:52:04
C00078,4901.59,retrait,JP,-36.646669,-39.538606,2025-05-22 14:24:04
C00176,2177.12,virement,ES,23.624722,-179.059629,2025-06-14 15:42:04
C00186,214.64,paiement,IT,-15.860184,-99.286068,2025-06-03 13:23:04
C00125,1152.64,retrait,DE,-37.607238,-0.652899,2025-06-15 05:20:04
C00195,2166.94,paiement,ES,25.015919,-122.844351,2025-05-19 20:31:04
C00085,1098.78,versement,US,-14.179558,2.207905,2025-06-01 13:10:04
C00165,2085.9,achat,FR,-30.731968,140.1448,2025-05-27 18:40:04
C00182,2099.62,retrait,JP,61.160163,-4.384406,2025-06-07 00:28:04
C00065,865.66,paiement,UK,40.438007,-66.630109,2025-05-26 16:04:04
C00077,3264.27,virement,JP,-2.391257,-6.889825,2025-05-19 00:50:04
C00115,2181.67,retrait,DE,27.718142,53.112888,2025-05-31 15:28:04
C00080,276.68,achat,IT,-20.483465,44.663274,2025-06-12 06:45:04
C00118,4929.89,achat,JP,75.81969,89.199021,2025-05-25 06:54:04
C00024,1632.27,paiement,US,-21.415671,-64.115809,2025-05-28 03:46:04
C00039,1194.3,paiement,FR,44.781062,-149.61625,2025-05-30 13:33:04
C00148,3583.76,retrait,JP,60.832597,-154.888198,2025-05-22 14:37:04
C00042,680.43,versement,ES,-2.68994,126.310616,2025-05-19 02:13:04
C00181,804.32,virement,UK,79.023576,177.278448,2025-06-12 07:27:04
C00102,3045.98,versement,IT,-70.907895,-157.97666,2025-06-06 22:30:04
C00081,3623.44,versement,UK,-4.224501,115.620712,2025-05-28 22:40:04
C00131,2360.1,achat,ES,19.257453,85.490793,2025-06-16 01:41:04
C00091,3989.21,paiement,ES,-62.860871,22.579468,2025-05-27 07:00:04
C00103,3348.43,achat,IT,64.767708,37.439492,2025-05-26 14:21:04
C00186,1454.4,versement,IT,33.09533,-67.916047,2025-05-20 07:14:04
C00150,4130.15,paiement,IT,-8.271902,150.330191,2025-06-13 17:54:04
C00163,4993.97,versement,CN,35.643841,54.412614,2025-06-14 20:46:04
C00197,728.64,virement,UK,-12.126409,-32.72122,2025-05-28 11:50:04
C00170,4530.09,paiement,JP,20.548207,15.444399,2025-06-10 14:35:04
C00162,1884.97,retrait,DE,50.863606,-155.271346,2025-06-02 06:33:04
C00041,1676.59,versement,UK,57.008561,0.222557,2025-05-20 09:24:04
C00063,124.47,retrait,ES,13.28006,45.364916,2025-06-04 08:10:04
C00151,189.45,achat,DE,-12.461793,148.208805,2025-06-09 22:54:04
C00144,49.74,achat,CN,34.220204,-76.926243,2025-06-07 03:35:04
C00071,2150.49,retrait,FR,-27.250326,116.842785,2025-06-03 01:12:04
C00022,4250.85,achat,FR,-19.359238,156.234146,2025-05-27 14:29:04
C00017,4713.07,achat,JP,-79.172667,-13.574233,2025-06-06 04:30:04
C00179,1326.43,paiement,DE,-30.209117,172.059002,2025-05-22 05:37:04
C00019,2210.55,paiement,UK,-52.193916,33.553017,2025-05-19 03:18:04
C00046,4920.48,versement,DE,-37.454271,-144.45704,2025-06-14 09:36:04
C00050,1670.86,retrait,FR,47.408772,-174.83654,2025-05-20 10:11:04
C00113,4325.62,paiement,UK,-26.682654,171.321718,2025-05-19 07:00:04
C00101,3958.87,virement,JP,-34.226364,-152.731556,2025-06-06 02:37:04
C00116,1660.36,retrait,UK,48.618709,-74.39563,2025-05-31 15:32:04
C00016,3401.49,versement,DE,5.412582,122.487956,2025-05-27 21:04:04
C00097,3555.66,virement,DE,-65.433629,117.17496,2025-06-13 01:22:04
C00078,1929.19,retrait,IT,-71.09501,-3.499465,2025-05-20 06:17:04
C00083,601.11,retrait,JP,4.018287,-176.893604,2025-05-21 18:51:04
C00175,3455.75,paiement,DE,21.713002,179.196932,2025-06-11 11:09:04
C00104,3592.37,retrait,ES,-6.406142,48.465323,2025-05-20 08:46:04
C00040,4696.3,paiement,US,-48.868318,14.17933,2025-05-26 09:45:04
C00037,3680.08,retrait,DE,49.912631,63.876823,2025-06-09 21:36:04
C00010,1559.15,achat,JP,24.115455,25.823089,2025-05-31 11:08:04
C00161,2635.74,virement,UK,34.532792,15.854298,2025-06-01 01:16:04
C00057,209.63,versement,US,73.182441,-90.695392,2025-06-15 05:46:04
C00138,2535.63,retrait,UK,81.383963,67.711448,2025-06-08 13:28:04
C00182,379.63,achat,UK,-66.475112,-158.294353,2025-06-12 16:53:04
C00031,2087.73,achat,FR,-38.808168,-39.59621,2025-06-14 02:58:04
C00099,4197.92,versement,UK,-71.537291,-8.389048,2025-05-19 08:58:04
C00164,3875.6,virement,US,54.075354,51.772106,2025-06-04 10:16:04
C00057,2670.02,retrait,ES,74.444409,158.883583,2025-05-22 17:14:04
C00121,4379.05,retrait,ES,-48.124305,-140.974152,2025-05-24 21:00:04
C00032,3134.87,paiement,JP,-58.080977,45.845952,2025-06-12 02:05:04
C00177,3703.28,virement,IT,12.599845,123.133789,2025-05-31 04:30:04
C00170,2127.49,virement,IT,4.492825,47.219621,2025-06-10 22:29:04
C00054,1958.9,retrait,CN,-9.864478,-34.51263,2025-05-27 21:57:04
C00126,3287.22,virement,CN,40.902034,116.271232,2025-06-06 02:45:04
C00015,2316.97,versement,ES,33.221176,7.572608,2025-06-02 19:29:04
C00064,4403.11,versement,FR,25.603446,-116.670065,2025-06-01 07:33:04
C00154,3112.66,versement,JP,21.677169,61.684183,2025-06-03 23:30:04
C00047,2416.45,paiement,US,58.075934,32.72707,2025-06-12 19:42:04
C00111,2902.04,versement,US,-11.343967,-46.373824,2025-06-08 06:02:04
C00180,1325.55,virement,FR,78.477808,-25.311026,2025-06-11 00:23:04
C00052,3472.98,retrait,DE,-49.733801,74.84523,2025-06-05 16:30:04
C00074,926.93,versement,IT,-83.054344,-96.994772,2025-05-23 19:57:04
C00138,3016.11,retrait,FR,-75.813547,45.027058,2025-06-05 19:22:04
C00030,3683.73,versement,FR,88.037696,-47.994845,2025-06-12 11:59:04
C00186,2888.93,versement,UK,-45.334213,-158.260396,2025-06-15 18:19:04
C00095,3602.6,paiement,ES,-29.322214,21.300281,2025-06-12 17:04:04
C00179,4903.91,retrait,DE,56.504257,122.236208,2025-05-29 16:26:04
C00174,4606.1,virement,ES,-84.621316,110.614046,2025-06-13 00:20:04
C00043,3033.57,versement,IT,13.383143,-159.985031,2025-05-24 04:02:04
C00157,2539.24,virement,UK,76.212016,112.526686,2025-05-28 21:13:04
C00191,2335.48,versement,IT,-49.178215,74.855444,2025-05-18 12:58:04
C00108,1639.24,retrait,JP,-15.441108,-38.353012,2025-06-10 18:33:04
C00017,2150.0,retrait,ES,-79.763749,-165.902249,2025-06-03 16:02:04
C00003,1762.39,paiement,UK,9.877539,95.832398,2025-06-16 05:13:04
C00175,4734.23,virement,US,3.91582,151.815811,2025-06-09 02:11:04
C00036,4698.48,retrait,US,-48.200889,48.880894,2025-06-02 12:00:04
C00126,3369.63,paiement,IT,-74.113045,-38.990915,2025-05-28 20:43:04
C00014,89.85,paiement,DE,9.30794,-120.416454,2025-06-05 12:13:04
C00076,4912.55,paiement,ES,-28.494187,-5.501671,2025-06-10 18:27:04
C00044,3708.01,paiement,FR,-19.953763,-50.149737,2025-06-11 17:22:04
C00192,4940.9,retrait,DE,36.62673,85.032683,2025-06-14 15:01:04
C00037,346.2,achat,UK,-41.236018,50.470793,2025-06-14 04:24:04
C00144,1790.25,versement,IT,7.444932,-82.885891,2025-05-27 21:17:04
C00009,897.01,paiement,UK,10.656392,-71.12513,2025-06-01 09:49:04
C00171,2191.52,versement,ES,-4.027901,-121.96867,2025-05-31 22:12:04
C00112,1447.84,virement,UK,55.507514,164.027496,2025-06-04 04:55:04
C00093,3566.27,retrait,UK,-6.892709,-14.788709,2025-06-07 10:02:04
C00096,1569.46,achat,IT,43.998079,53.634269,2025-06-03 11:52:04
C00005,4686.38,retrait,ES,-75.797037,105.799421,2025-06-06 23:56:04
C00051,1918.65,retrait,UK,37.198204,23.716185,2025-06-14 18:12:04
C00020,367.86,paiement,CN,-28.919864,6.505337,2025-05-24 06:23:04
C00009,4203.96,achat,IT,-51.914493,-94.1716,2025-06-01 15:50:04
C00116,593.87,achat,CN,89.399791,-106.515464,2025-06-13 13:40:04
C00162,2229.28,achat,JP,3.811957,96.358556,2025-06-16 09:50:04
C00021,1284.04,paiement,US,79.279926,-77.282311,2025-05-19 18:53:04
C00097,4938.45,versement,DE,-17.76547,-12.296502,2025-06-03 23:46:04
C00195,3702.66,paiement,JP,-20.259131,36.269268,2025-06-04 04:04:04
C00058,3504.2,retrait,UK,-81.675131,124.35205,2025-05-23 04:59:04
C00029,3855.33,achat,IT,32.187668,-18.109861,2025-05-20 23:44:04
C00179,4338.06,achat,IT,-42.554317,-83.20772,2025-06-02 23:23:04
C00171,610.12,achat,US,67.2662,-170.896393,2025-05-20 16:08:04
C00083,1039.68,virement,CN,40.394505,-22.577428,2025-05-30 21:22:04
C00112,2204.3,versement,IT,43.298006,-48.281393,2025-06-05 17:59:04
C00031,336.82,retrait,DE,-44.718233,117.220289,2025-06-01 20:09:04
C00086,617.93,paiement,ES,14.99687,98.310014,2025-06-13 19:26:04
C00027,678.37,virement,US,17.285689,93.018003,2025-06-02 15:24:04
C00158,4132.47,paiement,US,-46.702591,155.787439,2025-05-27 07:55:04
C00134,2395.79,achat,IT,-21.01515,-134.037001,2025-05-25 14:33:04
C00153,1088.91,paiement,IT,19.633561,175.756881,2025-06-05 15:10:04
C00142,2497.83,retrait,UK,81.22842,-72.31502,2025-05-22 13:35:04
C00137,4605.33,achat,ES,-21.750616,41.954886,2025-06-05 20:47:04
C00091,2055.12,retrait,UK,65.574667,-178.30261,2025-06-12 14:39:04
C00164,785.38,virement,IT,-53.431074,-121.191031,2025-06-11 21:19:04
C00018,974.83,achat,JP,18.129776,-30.229933,2025-06-01 02:54:04
C00029,2612.93,virement,CN,-0.809095,-55.099338,2025-05-27 04:30:04
C00042,4946.91,retrait,IT,-43.227983,101.227423,2025-06-15 00:16:04
C00164,4350.04,virement,JP,48.432602,74.050003,2025-05-18 02:08:04
C00151,1925.04,achat,US,-46.784496,-54.755485,2025-06-07 23:20:04
C00076,103.22,paiement,JP,-34.15858,-70.566399,2025-05-29 09:20:04
C00149,4116.0,retrait,IT,-7.520367,168.19679,2025-06-05 13:52:04
C00067,1910.01,retrait,IT,60.699691,112.54745,2025-05-25 08:40:04
C00018,566.57,virement,JP,76.314154,-98.161243,2025-06-15 07:30:04
C00050,2883.97,versement,UK,34.422001,-99.334645,2025-06-12 07:23:04
C00160,2099.64,virement,FR,-24.268845,-148.038738,2025-06-14 14:25:04
C00027,3685.04,virement,US,54.818948,127.924354,2025-06-01 10:51:04
C00143,4950.53,paiement,IT,4.694091,-118.224161,2025-05-19 13:38:04
C00191,4601.05,paiement,IT,70.117846,125.816859,2025-05-27 07:58:04
C00038,1434.03,achat,UK,56.030364,-72.732728,2025-06-10 10:04:04
C00135,1176.9,virement,FR,67.095976,87.989732,2025-05-28 03:48:04
C00070,1871.74,achat,JP,84.586278,53.799443,2025-06-08 12:01:04
C00189,3082.93,virement,DE,17.017566,156.949269,2025-06-04 02:42:04
C00167,2497.99,retrait,FR,58.256466,149.89351,2025-06-14 02:20:04
C00156,3257.36,achat,FR,70.155224,-51.088915,2025-06-14 18:45:04
C00191,1598.85,virement,UK,44.121411,-71.107958,2025-06-03 02:30:04
C00007,4048.92,virement,IT,0.603401,50.122473,2025-06-10 04:37:04
C00196,2573.53,paiement,IT,36.502566,8.231615,2025-05-26 22:39:04
C00024,575.19,retrait,CN,68.899604,-59.466232,2025-05-19 05:41:04
C00035,192.42,virement,CN,-18.641769,-177.932689,2025-06-05 08:16:04
C00095,689.19,virement,JP,-5.747517,179.26212,2025-06-04 21:26:04
C00116,1340.3,virement,CN,58.388768,-105.610162,2025-05-31 03:59:04
C00200,2809.52,virement,IT,-25.120246,-29.597901,2025-05-24 00:14:04
C00093,3351.19,virement,DE,-21.542629,89.08818,2025-06-12 03:35:04
C00102,752.72,achat,ES,-72.889777,139.054386,2025-06-12 04:36:04
C00167,1490.81,virement,JP,37.162076,-64.15327,2025-06-09 23:57:04
C00084,1550.13,paiement,DE,-74.724745,-143.572343,2025-05-27 23:05:04
C00186,3331.64,virement,JP,-89.745626,-141.291801,2025-06-11 16:53:04
C00053,4873.02,retrait,CN,-58.318502,-167.669597,2025-06-02 19:58:04
C00115,3843.14,achat,DE,84.012535,-43.967174,2025-06-08 21:11:04
C00041,4340.61,virement,DE,-58.085423,115.001494,2025-05-31 21:34:04
C00146,733.71,paiement,UK,-27.168071,-21.099925,2025-06-03 08:22:04
C00192,3181.77,versement,FR,-75.112167,140.2181,2025-06-08 01:30:04
C00144,3855.45,virement,CN,20.444929,-30.216211,2025-05-22 05:51:04
C00021,2958.37,achat,DE,-6.209008,-125.886212,2025-05-20 01:16:04
C00195,3402.62,achat,IT,-86.737097,-21.587666,2025-06-09 03:19:04
C00043,2323.87,achat,IT,27.351599,138.97254,2025-06-02 19:29:04
C00035,4290.3,retrait,FR,-61.958212,-17.746872,2025-05-23 15:40:04
C00169,3580.63,virement,JP,-5.267693,-0.344452,2025-06-08 23:14:04
C00137,1157.01,retrait,UK,88.013743,98.529266,2025-06-12 22:48:04
C00087,3896.24,paiement,DE,-86.155333,31.431312,2025-05-28 02:11:04
C00068,4417.57,versement,DE,27.503943,56.255833,2025-05-26 14:20:04
C00090,1263.59,paiement,IT,40.956286,-55.604996,2025-05-31 17:14:04
C00163,4691.08,retrait,FR,-4.411783,-75.195124,2025-06-14 11:55:04
C00103,386.32,retrait,CN,1.700452,-147.998564,2025-05-30 16:48:04
C00145,102.07,retrait,FR,66.582326,53.498802,2025-06-14 04:38:04
C00067,1407.42,virement,DE,66.723293,149.431783,2025-06-04 14:38:04
C00069,1945.06,retrait,DE,62.984687,-28.376591,2025-06-13 14:00:04
C00150,1535.53,versement,IT,-38.739639,-163.360574,2025-05-26 15:44:04
C00100,1275.53,paiement,JP,-54.705138,76.146776,2025-06-16 07:20:04
C00149,3372.07,paiement,CN,5.624325,66.788152,2025-05-24 17:23:04
C00182,1516.82,retrait,JP,68.693153,132.702818,2025-06-15 04:18:04
C00190,4088.05,versement,IT,57.262067,-148.852331,2025-05-28 07:42:04
C00039,2953.07,paiement,UK,26.503095,-40.345571,2025-06-16 08:08:04
C00167,1924.79,virement,ES,63.724281,-1.250814,2025-06-10 03:20:04
C00023,4681.55,paiement,US,-35.29529,-40.106964,2025-05-21 01:28:04
C00066,373.32,achat,DE,-58.667789,35.966737,2025-06-13 03:43:04
C00177,4061.72,paiement,UK,2.452296,145.162114,2025-05-26 17:00:04
C00124,1955.11,paiement,UK,88.541722,-165.992621,2025-05-29 02:41:04
C00161,1418.52,achat,UK,18.437002,-119.524775,2025-05-26 15:05:04
C00185,1329.79,achat,IT,8.057981,21.900734,2025-06-07 00:18:04
C00184,3989.52,retrait,IT,-20.109521,-94.070448,2025-06-15 12:43:04
C00020,4715.86,versement,CN,-70.381777,98.111439,2025-05-19 04:12:04
C00193,4626.66,paiement,US,25.127879,62.968425,2025-06-06 21:21:04
C00175,1532.23,achat,DE,61.007448,-115.921062,2025-06-13 19:33:04
C00093,3694.34,virement,IT,35.907483,-32.180461,2025-06-03 18:08:04
C00042,2313.15,retrait,CN,-75.14073,10.349552,2025-06-10 17:42:04
C00055,46.81,virement,UK,-34.229819,133.759613,2025-05-18 17:23:04
C00128,3864.23,versement,FR,-58.229918,-110.51125,2025-05-21 19:14:04
C00200,370.77,paiement,JP,57.863816,133.821714,2025-06-11 06:10:04
C00200,518.02,paiement,UK,23.144721,-16.186854,2025-06-12 13:02:04
C00088,725.88,retrait,FR,-68.698293,-45.563612,2025-05-22 12:56:04
C00035,1035.92,retrait,US,-24.093864,156.431326,2025-05-20 22:15:04
C00196,2124.7,retrait,ES,-14.024371,-107.61171,2025-06-09 02:24:04
C00037,2450.89,retrait,ES,-29.434611,-158.853217,2025-05-20 06:35:04
C00093,3947.25,versement,UK,7.281152,120.313281,2025-06-08 12:14:04
C00050,987.31,virement,FR,-21.68156,-158.893046,2025-05-29 12:50:04
C00006,4347.85,versement,IT,89.104983,-173.414658,2025-05-22 15:00:04
C00108,4494.53,paiement,US,-85.201985,-150.295252,2025-06-01 09:33:04
C00128,3302.98,paiement,FR,41.65333,129.572873,2025-05-31 04:23:04
C00015,2187.88,retrait,FR,85.549482,-59.630415,2025-05-22 02:57:04
C00183,1601.5,retrait,FR,4.424379,-3.453385,2025-06-16 14:53:04
C00131,1752.45,paiement,IT,38.292047,143.812089,2025-05-23 10:13:04
C00136,2653.98,versement,IT,46.305682,54.426908,2025-05-18 15:31:04
C00128,2205.33,retrait,FR,-9.00511,-172.38526,2025-05-30 12:17:04
C00177,1455.66,achat,CN,-75.291503,81.985735,2025-05-26 15:51:04
C00147,1288.63,paiement,ES,-25.010459,124.975614,2025-06-05 22:52:04
C00037,3592.29,retrait,ES,12.371152,-106.611998,2025-06-03 08:40:04
C00193,1236.52,achat,JP,0.475283,47.364767,2025-05-31 23:15:04
C00076,1931.53,versement,ES,-62.981309,-96.148397,2025-05-23 10:38:04
C00196,217.78,achat,IT,27.18061,-42.029151,2025-06-14 05:50:04
C00001,4568.42,versement,DE,26.040069,-47.597438,2025-05-26 08:49:04
C00170,4553.47,retrait,ES,-81.78132,-38.94598,2025-05-24 23:43:04
C00150,3079.38,retrait,DE,-10.038887,151.753714,2025-05-21 00:31:04
C00031,3848.83,virement,IT,8.137579,-162.629535,2025-06-16 12:38:04
C00086,1758.19,versement,IT,23.70203,65.649355,2025-06-09 04:59:04
C00176,4061.39,versement,US,-55.589828,-140.926547,2025-06-07 17:27:04
C00180,803.55,versement,JP,-2.217397,-94.536181,2025-05-20 10:24:04
C00110,3098.29,paiement,ES,-77.317192,157.049564,2025-06-08 01:06:04
C00191,3466.62,retrait,ES,72.281365,-162.551647,2025-05-20 04:34:04
C00194,4737.27,achat,US,14.212099,172.874806,2025-06-03 10:50:04
C00093,2868.02,virement,ES,12.01203,-131.159304,2025-06-07 11:05:04
C00053,3680.17,retrait,IT,-33.168822,-153.367877,2025-05-27 01:17:04
C00165,3563.17,virement,DE,66.564728,172.217035,2025-05-31 17:11:04
C00114,3845.13,achat,UK,-32.769729,166.646058,2025-05-24 04:38:04
C00187,1802.21,versement,JP,-9.194524,-1.305161,2025-05-26 08:48:04
C00046,3257.06,retrait,IT,-41.042073,-144.714598,2025-06-12 16:42:04
C00003,3445.93,achat,IT,60.131062,134.125131,2025-06-02 00:14:04
C00088,723.29,versement,DE,-33.054845,114.794147,2025-06-12 12:43:04
C00146,2394.22,virement,ES,-50.624551,-160.224811,2025-05-23 18:19:04
C00036,1801.03,retrait,JP,2.137556,-135.401227,2025-05-19 19:53:04
C00074,2194.76,achat,FR,-8.316999,-167.021765,2025-06-05 09:16:04
C00098,4207.71,achat,DE,14.97413,-84.958228,2025-05-18 19:16:04
C00043,3314.59,achat,DE,-62.565689,45.172987,2025-06-15 12:18:04
C00157,4767.4,achat,IT,-60.378535,-149.616523,2025-06-02 09:50:04
C00098,4339.99,paiement,UK,-50.420948,68.238384,2025-05-26 15:08:04
C00096,2672.79,versement,CN,-47.783294,122.19276,2025-05-27 10:45:04
C00059,4157.3,virement,ES,0.668609,-83.912532,2025-06-07 13:10:04
C00126,1519.8,retrait,DE,-41.51853,177.087063,2025-05-20 22:44:04
C00026,494.39,paiement,FR,69.227882,-151.393358,2025-05-22 02:30:04
C00182,1916.57,retrait,DE,77.797522,-0.015943,2025-05-26 17:18:04
C00088,155.17,paiement,UK,-56.023669,23.198777,2025-05-23 04:30:04
C00188,3082.85,versement,UK,-33.904735,-167.579764,2025-06-12 15:29:04
C00035,2109.63,versement,UK,-5.203779,171.781338,2025-05-23 13:02:04
C00017,3260.48,achat,UK,-53.799319,-30.175637,2025-06-01 10:26:04
C00099,3511.73,virement,IT,32.985068,155.72647,2025-05-24 04:31:04
C00185,3381.24,achat,IT,-14.356231,-98.279721,2025-05-24 08:04:04
C00098,173.12,achat,ES,-38.607306,-29.55829,2025-06-07 11:00:04
C00017,785.83,achat,US,30.227569,-18.315054,2025-06-01 01:58:04
C00136,3648.0,paiement,FR,82.556162,-132.605175,2025-05-19 10:13:04
C00016,2139.18,versement,CN,63.096851,-105.503026,2025-05-22 21:16:04
C00040,676.52,retrait,CN,-41.50634,-176.246847,2025-05-22 10:26:04
C00020,3887.2,achat,FR,-23.751605,90.819928,2025-05-22 19:11:04
C00056,4229.55,paiement,JP,6.898583,98.319556,2025-06-01 22:22:04
C00186,1103.74,virement,JP,-79.155938,127.246569,2025-06-03 20:45:04
C00093,4264.79,versement,IT,-41.67232,153.738905,2025-06-06 07:25:04
C00182,2310.82,versement,CN,66.878817,-136.971088,2025-05-19 08:01:04
C00004,817.03,versement,UK,-34.543073,48.956724,2025-06-09 21:09:04
C00036,2531.79,achat,FR,-15.442198,161.641525,2025-05-18 08:51:04
C00099,721.66,virement,IT,46.577156,-146.955452,2025-05-24 07:53:04
C00031,356.46,achat,US,30.009862,129.467402,2025-06-14 12:02:04
C00181,3978.36,achat,CN,83.850534,-81.676069,2025-05-28 04:46:04
C00148,2618.51,paiement,CN,83.895963,-17.600283,2025-06-08 18:11:04
C00199,3008.88,versement,ES,73.464974,-73.106054,2025-06-05 17:29:04
C00189,4049.03,retrait,IT,54.104041,66.389961,2025-06-02 01:14:04
C00128,2973.48,retrait,JP,47.854252,35.744346,2025-05-27 10:33:04
C00193,290.62,virement,UK,84.610284,118.581388,2025-06-01 03:05:04
C00180,3486.64,retrait,FR,-3.592587,63.192835,2025-06-15 06:55:04
C00134,3210.07,achat,ES,0.010489,49.710342,2025-05-24 03:42:04
C00148,508.72,achat,IT,5.766537,171.497726,2025-05-30 23:44:04
C00144,4689.92,retrait,CN,-12.123016,26.195156,2025-05-30 17:01:04
C00187,2787.98,paiement,US,4.770811,103.281757,2025-06-12 03:55:04
C00087,1051.4,achat,UK,-37.074428,-84.404832,2025-05-18 03:36:04
C00075,2020.36,achat,FR,0.927262,116.178971,2025-05-22 17:27:04
C00015,4945.3,virement,US,19.273286,177.850124,2025-06-12 10:33:04
C00027,1854.66,virement,FR,86.579992,-93.689711,2025-06-12 00:06:04
C00168,796.57,paiement,FR,-63.485195,-19.055464,2025-05-31 19:24:04
C00079,18.53,versement,FR,-89.206101,-76.207939,2025-06-15 05:35:04
C00078,2238.73,paiement,DE,48.676316,92.100927,2025-06-01 08:15:04
C00030,2782.43,paiement,FR,-73.639937,141.548411,2025-05-21 06:14:04
C00053,3121.39,virement,DE,61.630632,-120.557817,2025-05-30 17:44:04
C00012,2355.12,achat,JP,35.438254,118.474093,2025-06-16 08:24:04
C00178,4305.08,retrait,CN,-7.945163,157.179785,2025-05-31 01:27:04
C00035,2305.59,versement,FR,-45.492872,45.584193,2025-05-27 09:49:04
C00066,671.4,paiement,CN,22.244895,93.065584,2025-05-31 06:29:04
C00047,1882.84,paiement,IT,39.179033,-84.715915,2025-05-22 06:23:04
C00003,3002.15,retrait,UK,-42.826668,179.453698,2025-06-07 20:45:04
C00107,3995.35,paiement,US,-21.233257,-7.414131,2025-06-04 00:03:04
C00163,4784.73,versement,ES,58.872085,-111.210754,2025-05-20 09:32:04
C00112,1680.17,paiement,US,-8.157906,-26.376295,2025-06-04 16:04:04
C00073,4880.86,virement,UK,-77.815061,101.741242,2025-06-16 00:07:04
C00167,3022.54,versement,JP,88.231984,119.788351,2025-05-18 02:19:04
C00085,1241.8,versement,JP,-85.215258,-105.556239,2025-06-07 09:48:04
C00166,1744.83,virement,JP,-12.435255,-133.023144,2025-06-05 07:11:04
C00189,3703.11,paiement,FR,66.766357,-101.391892,2025-06-01 21:04:04
C00070,1612.92,versement,CN,41.139772,-150.893127,2025-06-04 11:00:04
C00110,1225.28,versement,JP,-27.096859,47.146497,2025-06-12 15:21:04
C00060,294.63,retrait,IT,-9.566941,-59.692389,2025-05-27 10:57:04
C00079,3965.65,versement,ES,-5.123978,-19.768622,2025-05-31 17:45:04
C00092,4091.81,versement,US,-43.122363,-54.099677,2025-06-10 13:55:04
C00060,1747.35,versement,CN,41.526141,-42.717466,2025-06-03 03:04:04
C00099,157.94,virement,UK,-36.869799,-18.154215,2025-06-03 05:52:04
C00099,544.02,versement,CN,-80.116108,148.209522,2025-06-12 08:37:04
C00125,2904.49,achat,JP,46.811936,108.610208,2025-05-27 12:40:04
C00142,4048.8,virement,US,22.669889,51.228156,2025-05-20 00:37:04
C00021,2420.08,retrait,DE,68.087362,-67.189802,2025-05-27 23:38:04
C00127,4209.45,paiement,IT,-19.30257,141.244941,2025-06-16 04:45:04
C00069,122.66,retrait,CN,36.850426,-0.846711,2025-05-30 19:47:04
C00089,4793.95,retrait,CN,-18.785464,-52.079211,2025-06-04 04:17:04
C00175,525.35,achat,CN,66.608648,166.076335,2025-06-05 06:05:04
C00047,1406.74,virement,DE,13.361106,83.46848,2025-06-12 20:22:04
C00154,2707.55,achat,JP,-57.908845,55.778738,2025-05-21 01:14:04
C00071,1448.11,virement,US,-28.727484,-70.043477,2025-06-15 20:39:04
C00019,3143.91,virement,JP,49.476921,41.802082,2025-06-11 11:02:04
C00042,1109.73,paiement,IT,52.532208,25.561349,2025-05-19 05:30:04
C00123,2000.54,achat,FR,-12.584698,66.112549,2025-05-25 09:53:04
C00044,1453.61,versement,CN,-23.020969,-32.268784,2025-06-07 08:37:04
C00099,4743.03,virement,UK,27.3145,12.974914,2025-05-29 10:36:04
C00059,4487.97,retrait,FR,-64.826925,155.553206,2025-05-28 21:56:04
C00121,4566.58,retrait,DE,76.892417,-145.685563,2025-06-16 16:06:04
C00017,4358.44,versement,UK,-0.675574,-68.479876,2025-05-19 11:06:04
C00098,4175.57,retrait,DE,-0.68746,8.91071,2025-05-18 13:18:04
C00174,4217.31,achat,ES,87.162276,-104.516338,2025-06-16 09:38:04
C00180,3870.82,virement,CN,79.606037,124.002607,2025-05-31 11:58:04
C00171,3515.84,achat,JP,77.272808,42.056084,2025-06-16 10:37:04
C00111,2421.27,virement,US,87.410159,134.972774,2025-05-21 01:53:04
C00070,1935.17,achat,US,-68.99039,-111.226649,2025-05-20 21:31:04
C00131,2252.38,virement,CN,81.182585,23.057504,2025-05-27 01:51:04
C00106,2230.22,versement,FR,6.111072,-178.649231,2025-05-26 17:51:04
C00022,4341.07,retrait,CN,38.144733,3.821832,2025-06-05 00:21:04
C00083,2734.97,retrait,US,45.278776,-56.028528,2025-06-09 23:29:04
C00071,2944.98,paiement,DE,65.778977,-50.556795,2025-06-05 18:24:04
C00138,2290.44,virement,FR,83.799021,-32.016218,2025-05-27 23:26:04
C00019,2640.25,virement,CN,-61.081567,-179.858428,2025-05-27 01:50:04
C00001,2606.21,virement,US,-39.468973,27.921356,2025-05-20 05:07:04
C00087,1372.97,virement,DE,61.715506,-50.275469,2025-05-20 18:25:04
C00150,1867.13,versement,ES,15.8752,32.926837,2025-06-10 14:00:04
C00051,328.75,retrait,FR,79.471289,-78.513686,2025-06-09 19:42:04
C00187,4346.04,retrait,IT,-0.277189,-155.12925,2025-05-18 00:24:04
C00029,4438.01,achat,CN,-78.951956,158.327181,2025-06-01 00:58:04
C00005,4493.2,versement,UK,-0.717755,-96.92912,2025-05-29 04:46:04
C00110,4946.61,achat,UK,19.237991,46.20542,2025-06-08 00:49:04
C00115,4522.49,achat,IT,-29.266852,63.464689,2025-06-12 22:46:04
C00183,2255.53,versement,US,73.868681,94.696966,2025-05-26 22:58:04
C00193,4704.67,achat,JP,-34.358273,-141.290366,2025-05-18 14:09:04
C00119,4377.01,versement,ES,-7.481779,0.68724,2025-06-06 04:25:04
C00135,4335.6,paiement,IT,2.812362,126.607789,2025-05-27 18:44:04
C00141,2456.08,versement,DE,49.607561,136.941921,2025-05-25 07:14:04
C00121,3394.9,versement,JP,72.269236,-15.70251,2025-05-18 10:31:04
C00076,2623.77,versement,DE,-27.77141,30.893255,2025-06-07 17:37:04
C00088,1751.7,versement,JP,71.661473,-124.613258,2025-06-04 23:18:04
C00043,492.33,virement,ES,59.135895,85.092744,2025-05-26 05:32:04
C00198,1177.18,achat,ES,-67.044904,-3.12938,2025-06-01 16:01:04
C00123,3125.23,achat,IT,-84.578144,34.533514,2025-05-29 01:29:04
C00149,4578.51,paiement,DE,-28.20092,45.209866,2025-05-18 21:25:04
C00200,4601.04,retrait,IT,-14.953131,-83.248222,2025-06-14 13:49:04
C00001,3771.81,virement,FR,1.732018,-179.199314,2025-06-13 05:26:04
C00116,3894.87,versement,US,-88.921632,170.248824,2025-06-09 09:58:04
C00178,835.8,retrait,US,36.197583,12.076881,2025-06-03 12:34:04
C00114,1519.27,retrait,CN,-66.628049,-32.436252,2025-05-18 13:23:04
C00101,3192.05,retrait,UK,-75.08455,76.469124,2025-06-12 11:10:04
C00190,271.73,achat,ES,71.19184,-150.074302,2025-06-02 18:36:04
C00048,2198.0,achat,DE,-40.066716,-102.073263,2025-06-13 22:57:04
C00069,842.56,achat,US,65.208795,95.172463,2025-05-18 04:25:04
C00100,1248.28,virement,CN,39.261076,151.217168,2025-06-08 10:17:04
C00176,4362.16,virement,ES,63.563656,-115.343456,2025-06-09 00:32:04
C00025,4760.49,virement,IT,59.779087,75.229163,2025-06-03 00:34:04
C00143,4958.04,virement,UK,1.862513,158.738686,2025-05-22 18:35:04
C00129,1424.78,achat,IT,-65.42357,125.836243,2025-05-28 08:48:04
C00024,3362.56,retrait,UK,66.307734,-93.137529,2025-05-29 22:24:04
C00144,4687.49,virement,CN,-2.389063,100.295978,2025-06-10 19:13:04
C00178,3445.75,achat,JP,28.390305,155.043751,2025-06-11 08:47:04
C00196,4860.72,versement,FR,36.459597,-161.635304,2025-05-21 05:21:04
C00049,3168.63,paiement,IT,-87.893018,-155.016014,2025-06-04 00:45:04
C00082,478.7,paiement,IT,68.086539,-168.990733,2025-06-06 15:38:04
C00140,2141.7,retrait,FR,-25.250266,130.812264,2025-06-11 05:42:04
C00155,263.71,virement,FR,67.897428,-1.00057,2025-06-03 12:07:04
C00096,4501.39,versement,JP,-12.354249,-158.3321,2025-06-09 10:39:04
C00198,4234.14,virement,DE,-3.276903,24.92678,2025-05-30 21:33:04
C00011,588.74,achat,UK,81.870678,-151.724655,2025-05-28 05:43:04
C00037,4497.07,retrait,JP,-70.922024,172.212073,2025-05-30 08:22:04
C00194,2325.29,paiement,JP,-48.669981,21.911971,2025-06-03 21:02:04
C00063,2232.46,retrait,CN,-34.869862,-84.54903,2025-05-30 22:34:04
C00099,298.75,achat,UK,83.715786,170.826045,2025-05-25 09:14:04
C00054,3837.64,achat,ES,-74.027375,160.903071,2025-05-31 08:18:04
C00061,3233.71,retrait,US,23.262797,-58.985422,2025-06-14 01:14:04
C00004,376.73,virement,IT,-32.876399,-71.763035,2025-05-26 13:06:04
C00114,1237.28,achat,IT,-29.509785,32.455442,2025-05-28 18:57:04
C00192,787.51,achat,JP,-7.612002,-35.155206,2025-05-31 19:38:04
C00006,3295.78,paiement,DE,-21.640586,-179.501005,2025-06-15 20:58:04
C00156,1369.09,retrait,ES,36.418609,123.546714,2025-06-07 11:22:04
C00103,4744.22,retrait,CN,51.655573,-19.494021,2025-05-26 08:55:04
C00086,4907.63,retrait,CN,33.381487,153.736975,2025-06-07 16:00:04
C00007,1514.48,retrait,DE,14.154607,9.091136,2025-06-11 04:51:04
C00054,3361.24,virement,CN,-32.803547,126.260915,2025-06-14 19:21:04
C00156,1168.47,virement,JP,-54.40961,-12.394205,2025-05-19 13:02:04
C00041,4327.68,virement,US,-77.620607,162.827735,2025-06-14 23:49:04
C00004,410.62,paiement,JP,32.514723,-115.469579,2025-06-12 10:46:04
C00054,1133.88,paiement,CN,55.133561,161.338939,2025-06-01 18:26:04
C00065,3946.47,achat,US,-71.696162,-149.057079,2025-06-09 19:54:04
C00124,631.26,achat,CN,-53.366602,-120.237223,2025-05-24 14:01:04
C00051,3386.82,retrait,UK,-19.160633,35.709539,2025-06-08 16:30:04
C00103,3670.39,virement,FR,-86.746931,15.186257,2025-05-19 11:32:04
C00073,769.17,virement,ES,-31.664815,-18.431619,2025-06-14 02:20:04
C00103,3259.26,retrait,ES,27.495572,80.857299,2025-06-10 02:28:04
C00082,2588.17,achat,ES,-14.840062,-58.459371,2025-06-06 08:26:04
C00080,1940.99,achat,US,63.814652,-112.470536,2025-06-01 10:07:04
C00141,3415.15,achat,UK,-43.612306,87.777994,2025-06-10 16:57:04
C00066,1431.96,virement,US,11.779054,159.038402,2025-05-24 23:48:04
C00031,2838.68,versement,UK,-23.923338,-0.224225,2025-05-21 14:07:04
C00075,1878.54,versement,US,33.093268,60.388209,2025-05-19 22:33:04
C00141,975.43,retrait,ES,-16.036252,23.667392,2025-05-23 07:53:04
C00176,4458.82,retrait,US,-10.865618,137.810535,2025-06-05 06:02:04
C00138,1703.16,retrait,CN,86.012742,2.261357,2025-06-02 00:45:04
C00132,653.89,retrait,UK,89.932711,142.901351,2025-05-29 03:50:04
C00109,877.04,retrait,DE,-43.127296,138.686102,2025-06-14 18:16:04
C00182,4763.26,versement,CN,82.846494,-55.960734,2025-06-16 13:43:04
C00038,1885.99,virement,JP,-2.873494,-121.886278,2025-06-14 11:25:04
C00060,2899.74,retrait,UK,55.255556,-143.277624,2025-06-15 05:07:04
C00092,4290.18,retrait,IT,3.628977,76.587773,2025-06-04 07:49:04
C00142,2254.12,versement,JP,82.194473,-42.424478,2025-06-05 10:09:04
C00075,3773.65,virement,DE,59.821826,90.185423,2025-06-03 05:07:04
C00161,3201.9,virement,US,29.230147,11.392276,2025-06-02 00:48:04
C00120,2579.03,versement,JP,-55.271366,-61.884466,2025-05-30 01:57:04
C00013,2721.45,retrait,IT,53.212902,-132.852905,2025-05-21 21:08:04
C00099,3843.83,retrait,CN,85.786308,55.292193,2025-06-14 22:51:04
C00093,2279.42,paiement,JP,-57.980451,-93.69181,2025-05-24 21:28:04
C00031,2844.76,achat,US,80.602614,179.735557,2025-05-23 05:18:04
C00073,2953.86,achat,FR,-24.404432,-55.357706,2025-06-11 15:28:04
C00023,1639.41,versement,US,87.674527,96.275916,2025-05-30 16:05:04
C00168,2222.84,versement,JP,73.80697,101.687771,2025-05-24 10:09:04
C00004,4922.62,paiement,FR,47.642575,-36.264221,2025-06-06 05:55:04
C00043,2014.78,virement,ES,-3.436282,164.234454,2025-06-13 14:24:04
C00194,2726.59,virement,US,-78.367873,-93.177877,2025-06-04 04:19:04
C00168,4715.56,retrait,UK,-35.665849,7.684347,2025-05-29 10:48:04
C00141,626.75,versement,US,75.888064,66.199695,2025-06-10 17:18:04
C00115,333.25,virement,JP,27.025987,-95.834382,2025-05-23 07:43:04
C00042,759.96,achat,FR,0.305699,-173.20507,2025-06-12 02:28:04
C00125,1548.22,retrait,JP,-13.488956,22.31616,2025-05-26 17:23:04
C00170,4509.52,paiement,FR,-47.852097,-87.027689,2025-05-18 16:11:04
C00058,4815.02,virement,ES,-77.602241,-123.130363,2025-06-10 02:16:04
C00150,1239.43,versement,DE,66.034177,50.684914,2025-06-06 23:28:04
C00159,309.19,paiement,JP,-85.723979,-37.847781,2025-05-21 21:45:04
C00199,4756.47,paiement,ES,-37.915781,-58.19032,2025-05-31 18:46:04
C00039,411.63,achat,IT,28.154084,76.908066,2025-05-21 04:03:04
C00044,4036.9,retrait,UK,25.52015,-19.68654,2025-05-31 19:55:04
C00066,1704.62,achat,DE,-13.216647,14.863902,2025-06-08 03:26:04
C00111,4658.47,paiement,IT,-14.258942,91.851308,2025-05-24 19:03:04
C00084,779.12,paiement,DE,-44.564405,154.601647,2025-05-28 12:35:04
C00165,4317.54,achat,FR,64.140181,153.138535,2025-05-29 17:27:04
C00033,1242.24,paiement,ES,28.362536,-50.457984,2025-06-08 22:36:04
C00178,3120.82,achat,UK,-79.93228,145.721082,2025-06-03 13:29:04
C00197,1847.41,achat,JP,-55.714233,-58.226482,2025-05-22 08:07:04
C00148,2710.78,retrait,JP,-24.435793,99.559374,2025-06-10 01:49:04
C00023,2115.64,achat,JP,17.021643,18.547629,2025-05-19 18:37:04
C00160,2761.15,paiement,ES,-64.271553,22.355977,2025-06-09 17:27:04
C00010,3181.9,paiement,IT,67.159855,126.168069,2025-05-30 19:41:04
C00200,264.38,paiement,DE,3.123728,24.419912,2025-05-27 21:17:04
C00191,3452.77,versement,DE,71.245914,20.148294,2025-06-04 17:56:04
C00198,1308.42,paiement,JP,30.18504,158.680412,2025-05-31 17:48:04
C00197,3530.04,virement,US,21.900595,-172.930903,2025-05-21 21:52:04
C00049,1483.14,virement,DE,-22.958286,132.964306,2025-06-15 09:04:04
C00135,1602.06,versement,CN,25.129928,92.55385,2025-05-22 13:43:04
C00118,3178.1,achat,FR,81.044311,143.771247,2025-06-13 16:00:04
C00136,4006.34,retrait,FR,57.51588,-69.145499,2025-05-18 15:45:04
C00111,72.25,versement,ES,-84.464499,61.853069,2025-06-04 04:35:04
C00035,3008.89,retrait,UK,26.601362,-29.819063,2025-05-23 09:16:04
C00135,2760.46,versement,US,5.835715,146.265294,2025-06-06 07:42:04
C00072,1218.08,achat,CN,-28.895762,115.227418,2025-06-07 04:37:04
C00089,422.03,versement,FR,-25.738325,146.525182,2025-06-10 21:50:04
C00006,4499.0,versement,CN,80.815189,-75.993377,2025-05-27 08:50:04
C00054,3292.17,achat,CN,19.077711,-150.616227,2025-05-22 10:41:04
C00003,66.65,achat,ES,15.150161,-2.772173,2025-05-24 22:00:04
C00004,4219.82,versement,IT,-50.361608,-11.382068,2025-06-05 10:17:04
C00128,3426.8,virement,JP,44.133844,-54.650971,2025-05-27 04:22:04
C00085,1589.6,retrait,US,-79.188129,124.041846,2025-05-27 09:15:04
C00012,2509.77,retrait,ES,-65.326397,49.547719,2025-05-18 19:38:04
C00180,4165.37,paiement,ES,-31.162544,167.64149,2025-06-14 18:55:04
C00013,2813.8,paiement,US,40.840356,-84.05798,2025-05-29 20:46:04
C00052,103.71,virement,UK,74.068747,-50.52825,2025-05-26 09:54:04
C00181,2438.96,paiement,ES,-62.072646,-80.472691,2025-05-30 12:29:04
C00129,3317.89,paiement,FR,-39.036206,44.090903,2025-06-12 03:04:04
C00017,4080.14,achat,ES,83.15441,-133.699965,2025-06-09 06:04:04
C00131,483.28,versement,DE,-2.120447,148.246048,2025-06-14 17:24:04
C00152,698.13,retrait,UK,-37.749164,-20.880774,2025-05-29 23:18:04
C00002,1998.34,virement,ES,2.191804,79.178929,2025-05-31 21:02:04
C00055,3617.21,retrait,ES,-32.610213,-34.75857,2025-06-07 17:31:04
C00120,4797.29,achat,UK,-7.379652,50.909822,2025-05-19 11:44:04
C00010,1423.16,achat,DE,58.702957,169.036973,2025-06-02 06:26:04
C00181,3803.06,virement,UK,80.301225,132.660925,2025-06-03 07:50:04
C00098,208.47,paiement,DE,-67.2137,-89.280512,2025-06-01 18:00:04
C00159,4434.73,versement,UK,32.882803,106.647394,2025-06-07 19:47:04
C00018,210.06,retrait,UK,72.305607,158.67144,2025-05-18 01:35:04
C00070,2562.45,versement,JP,-34.353961,94.552609,2025-06-07 02:34:04
C00162,1120.22,virement,DE,-17.861087,-159.483231,2025-05-25 00:10:04
C00014,4228.49,paiement,ES,32.085303,127.361018,2025-05-24 01:57:04
C00044,4403.04,virement,JP,47.301644,169.437929,2025-06-08 06:45:04
C00128,1570.13,achat,FR,-34.386157,142.466869,2025-06-16 14:42:04
C00191,3987.97,versement,UK,6.30415,91.295658,2025-05-21 14:36:04
C00196,895.64,paiement,DE,1.578862,169.954723,2025-05-22 08:14:04
C00095,1183.29,versement,JP,5.200775,132.664103,2025-06-10 21:10:04
C00052,461.42,achat,JP,-11.025512,-101.039782,2025-05-30 11:13:04
C00086,2361.15,paiement,IT,-49.491969,46.621819,2025-05-23 17:35:04
C00030,476.03,versement,DE,67.50044,143.878836,2025-06-09 18:05:04
C00119,2304.31,retrait,DE,-5.642527,156.854688,2025-06-04 01:06:04
C00017,2084.31,retrait,US,73.711871,137.039254,2025-05-21 21:41:04
C00035,2038.89,versement,ES,45.673785,-33.669694,2025-05-24 05:54:04
C00172,1382.35,achat,IT,10.166052,85.336101,2025-06-09 09:46:04
C00120,1501.47,versement,ES,-65.60311,73.481997,2025-06-03 01:07:04
C00002,4498.53,versement,FR,-11.145794,-166.40732,2025-06-12 10:16:04
C00107,4111.21,virement,JP,51.100618,19.296715,2025-06-06 05:40:04
C00060,314.99,virement,DE,-39.086121,-154.861109,2025-06-09 11:39:04
C00183,4740.85,retrait,DE,-53.226684,154.879745,2025-05-21 08:11:04
C00189,1210.59,achat,UK,70.709765,-177.803085,2025-06-13 13:22:04
C00128,2708.93,achat,CN,-53.149608,-16.055243,2025-05-20 12:56:04
C00164,272.5,virement,FR,19.50383,-135.064954,2025-06-07 02:00:04
C00082,4995.96,achat,UK,76.988338,-105.508869,2025-06-12 21:19:04
C00141,3590.43,versement,US,-2.309302,-65.891214,2025-06-04 09:09:04
C00042,4183.32,virement,ES,-64.570888,-66.067629,2025-05-23 21:38:04
C00095,2007.37,versement,UK,67.578689,-62.176781,2025-06-04 13:53:04
C00151,3653.92,retrait,UK,11.354612,105.621421,2025-05-23 11:23:04
C00022,1068.07,achat,ES,-19.121428,-94.923193,2025-06-13 13:20:04
C00017,4909.4,paiement,JP,-16.828661,107.27553,2025-06-13 04:24:04
C00048,3448.81,virement,CN,-9.716874,159.499763,2025-05-19 20:01:04
C00198,2600.09,versement,CN,-46.090723,-75.807577,2025-06-08 15:43:04
C00106,1821.33,achat,US,51.9374,58.706943,2025-06-08 12:39:04
C00193,1646.27,virement,JP,48.850383,60.881346,2025-06-11 09:26:04
C00074,2252.45,paiement,CN,-38.576701,-120.359641,2025-05-19 10:28:04
C00016,4679.47,virement,JP,36.489352,-39.581911,2025-06-03 23:50:04
C00096,4327.45,paiement,US,25.233629,-93.257052,2025-06-16 06:00:04
C00157,4300.69,virement,JP,10.517187,109.930233,2025-05-29 13:58:04
C00017,3360.24,virement,DE,87.116858,-161.260924,2025-06-11 22:53:04
C00144,2367.93,paiement,FR,29.684037,-68.192324,2025-05-23 12:11:04
C00005,4895.32,versement,UK,67.792645,138.457962,2025-05-22 07:19:04
C00045,284.83,virement,FR,-23.00209,114.203685,2025-05-29 04:47:04
C00082,905.73,virement,US,-60.687413,-55.970347,2025-06-15 23:42:04
C00126,3145.5,versement,US,87.754118,50.181913,2025-06-11 01:06:04
C00185,4793.42,retrait,US,42.289527,141.531068,2025-05-26 07:17:04
C00175,953.2,retrait,US,-52.698871,29.843918,2025-05-24 10:08:04
C00195,4744.83,retrait,DE,-74.350444,117.61193,2025-06-07 10:39:04
C00072,1524.21,versement,UK,1.427336,-19.973327,2025-06-03 05:14:04
C00094,2201.97,virement,DE,74.888737,127.910249,2025-06-07 10:31:04
C00170,1782.12,virement,ES,-10.027561,-98.450119,2025-05-31 23:47:04
C00095,4784.52,versement,JP,26.248275,-176.772922,2025-06-07 13:33:04
C00180,2219.74,achat,FR,-23.517953,100.869029,2025-05-27 12:34:04
C00104,4122.86,paiement,CN,-18.022254,-76.647355,2025-06-02 22:14:04
C00046,4865.42,virement,IT,-19.904508,-40.504062,2025-06-01 21:57:04
C00037,2967.28,retrait,FR,19.833412,48.324687,2025-05-18 18:05:04
C00069,324.74,versement,FR,-26.911747,-87.748403,2025-06-16 16:40:04
C00135,3032.55,versement,JP,-27.631588,-4.452053,2025-06-03 15:10:04
C00111,1041.15,paiement,FR,-47.336994,0.708325,2025-05-18 20:58:04
C00078,1541.65,versement,JP,-63.56778,-9.527292,2025-06-06 13:42:04
C00074,3934.52,retrait,ES,-7.003727,-122.322536,2025-05-29 21:06:04
C00022,2312.46,versement,JP,-16.404986,-33.810773,2025-05-28 02:43:04
C00145,1926.43,achat,DE,-60.941459,122.644515,2025-06-02 04:12:04
C00098,4294.13,paiement,UK,2.8254,-149.163751,2025-06-10 22:37:04
C00064,1833.05,virement,UK,46.551217,147.959213,2025-06-03 07:04:04
C00128,4339.22,paiement,IT,-4.270781,-105.856867,2025-06-08 12:12:04
C00109,353.25,virement,FR,-35.669046,-80.028038,2025-06-13 11:54:04
C00101,818.49,paiement,CN,37.322069,-78.773874,2025-05-30 13:34:04
C00189,1637.09,paiement,IT,7.988093,29.720744,2025-05-31 14:41:04
C00165,3856.18,versement,FR,9.35166,-21.011809,2025-06-12 19:45:04
C00186,3809.32,achat,ES,-18.255586,91.649342,2025-05-29 04:58:04
C00176,90.45,versement,JP,10.349201,-115.458319,2025-05-29 08:44:04
C00003,1601.74,virement,JP,6.26407,-75.510008,2025-06-12 12:03:04
C00023,2729.19,achat,CN,-4.606648,111.250848,2025-05-26 18:48:04
C00034,89.5,achat,ES,54.595866,163.583354,2025-05-23 10:27:04
C00011,4773.17,achat,JP,-63.679765,173.893544,2025-06-16 05:58:04
C00198,324.5,versement,IT,31.839809,-0.686022,2025-05-28 04:18:04
C00045,811.25,achat,DE,-12.101424,-82.786122,2025-06-13 22:12:04
C00067,532.77,virement,FR,-25.034187,-59.918699,2025-06-10 19:13:04
C00159,1681.41,achat,UK,-79.722742,102.242167,2025-06-01 02:22:04
C00012,4504.98,virement,ES,75.597197,121.408624,2025-05-23 02:47:04
C00064,3109.09,versement,FR,9.684664,128.424852,2025-06-10 20:02:04
C00022,2704.07,retrait,ES,-75.043132,-45.072527,2025-05-24 06:13:04
C00185,114.83,versement,FR,14.621615,-43.345322,2025-06-14 15:32:04
C00044,2386.42,virement,FR,-87.177267,-56.225267,2025-06-02 16:26:04
C00022,2386.62,retrait,UK,-47.181488,35.576387,2025-05-18 16:21:04
C00027,2604.53,versement,ES,14.977211,-52.610762,2025-06-04 15:11:04
C00029,2451.54,versement,US,39.269845,-139.673546,2025-06-09 07:42:04
C00189,3449.46,retrait,JP,74.10364,-4.085534,2025-05-22 06:02:04
C00011,176.23,achat,IT,45.317261,-145.352678,2025-05-20 20:23:04
C00029,4965.9,achat,JP,28.535448,73.819908,2025-06-04 23:53:04
C00197,1012.62,versement,ES,-47.531371,-111.979522,2025-05-27 00:33:04
C00102,149.94,retrait,IT,-46.12261,143.105804,2025-06-10 21:38:04
C00080,4641.29,paiement,FR,36.257625,34.109796,2025-06-16 01:20:04
C00093,4152.77,achat,ES,5.036038,89.668322,2025-06-03 05:32:04
C00046,2828.01,virement,CN,-25.479455,-50.126424,2025-05-25 09:10:04
C00038,1101.38,paiement,IT,-21.325757,15.493329,2025-05-27 15:59:04
C00060,4807.31,virement,DE,78.888383,28.770221,2025-05-25 17:53:04
C00161,1228.68,achat,FR,-89.488391,13.060276,2025-05-28 16:36:04
C00177,2111.86,virement,ES,14.561481,155.591441,2025-06-15 01:16:04
C00166,3600.24,versement,JP,-28.597561,156.625013,2025-05-27 14:59:04
C00057,642.15,paiement,UK,-60.434785,-44.599387,2025-06-07 04:45:04
C00009,2957.19,versement,ES,-23.822194,109.478087,2025-05-23 10:53:04
C00068,1261.53,versement,DE,29.743302,-104.637749,2025-05-23 11:24:04
C00075,4254.29,achat,JP,85.634734,-115.534049,2025-05-24 10:26:04
C00151,2646.96,achat,UK,-38.02448,-111.910344,2025-06-07 06:19:04
C00072,3721.78,paiement,FR,14.444043,10.226646,2025-05-22 17:20:04
C00147,2136.3,versement,DE,16.781864,-165.989268,2025-05-19 23:06:04
C00081,2697.91,virement,IT,-89.62324,-3.680985,2025-05-19 06:15:04
C00041,3033.99,retrait,DE,54.391355,69.683689,2025-06-03 22:20:04
C00130,196.52,versement,US,-42.735093,16.795527,2025-05-30 16:50:04
C00025,1164.4,achat,UK,23.870727,69.951471,2025-05-18 18:19:04
C00134,2229.14,virement,DE,-60.661977,146.399279,2025-05-31 19:10:04
C00188,3890.62,virement,JP,-77.111491,-161.938227,2025-06-10 06:55:04
C00015,3201.19,paiement,UK,47.949746,143.715325,2025-05-19 21:36:04
C00025,4478.36,virement,CN,85.886442,170.406931,2025-05-26 19:57:04
C00169,2891.35,virement,ES,-55.46809,-102.233013,2025-06-15 23:09:04
C00194,1949.78,achat,FR,74.116135,-130.93741,2025-05-25 06:13:04
C00171,3404.2,achat,IT,-2.223241,152.100557,2025-06-09 14:53:04
C00071,869.16,virement,US,34.605277,168.556827,2025-06-12 09:32:04
C00055,3015.16,versement,DE,55.618795,77.387719,2025-06-09 16:24:04
C00174,1289.43,achat,CN,0.857994,61.742252,2025-06-06 00:10:04
C00006,4461.2,paiement,FR,57.371961,-34.182634,2025-05-29 00:28:04
C00025,4986.77,retrait,DE,-47.247747,160.953671,2025-06-16 15:50:04
C00178,4571.58,achat,FR,-80.055943,-89.456875,2025-05-19 09:24:04
C00001,594.6,retrait,UK,-39.358666,-98.637112,2025-06-02 04:33:04
C00017,3796.0,virement,CN,78.529272,115.920497,2025-06-16 17:04:04
C00091,610.98,retrait,DE,-89.019466,161.297607,2025-06-13 16:47:04
C00199,3502.15,retrait,FR,38.949909,-34.577328,2025-06-15 06:18:04
C00010,4609.8,retrait,JP,-87.162701,10.002286,2025-06-15 20:20:04
C00104,344.81,achat,US,-26.8985,-36.6211,2025-06-10 14:09:04
C00104,240.48,retrait,DE,17.039681,89.318015,2025-05-23 23:07:04
C00013,18.17,retrait,ES,-35.839993,-106.21974,2025-06-13 13:13:04
C00105,4595.47,achat,UK,36.408877,-118.210302,2025-05-31 23:42:04
C00096,859.36,paiement,DE,36.956408,-60.918499,2025-05-24 17:03:04
C00172,4902.63,retrait,ES,-67.944775,-124.034407,2025-06-13 20:52:04
C00097,1982.77,achat,JP,82.135143,75.882482,2025-06-08 04:15:04
C00127,3705.59,paiement,IT,-82.575648,-107.626822,2025-06-03 21:22:04
C00005,3567.56,achat,US,71.825058,-93.124009,2025-06-11 16:30:04
C00149,1463.18,versement,US,84.665707,-103.877573,2025-05-29 08:09:04
C00129,1978.06,paiement,UK,-21.067394,-114.463585,2025-05-27 08:53:04
C00050,3765.68,paiement,US,-79.185966,73.572141,2025-06-03 20:36:04
C00091,893.61,achat,US,72.86284,64.890535,2025-06-07 17:53:04
C00099,1799.14,retrait,IT,-13.314122,154.692956,2025-06-13 05:14:04
C00116,781.38,virement,JP,65.070951,74.362429,2025-06-08 00:43:04
C00073,1314.23,paiement,US,-35.412945,41.360771,2025-06-12 12:54:04
C00109,2899.1,paiement,DE,65.95139,1.481757,2025-05-23 08:22:04
C00155,3408.55,virement,DE,74.48427,-88.726387,2025-06-02 21:50:04
C00029,4946.24,virement,IT,9.31056,-159.377576,2025-06-01 21:36:04
C00197,4666.7,paiement,JP,7.49128,-164.700653,2025-06-14 05:52:04
C00135,3318.57,retrait,UK,-4.861384,-104.797154,2025-06-12 22:44:04
C00147,3596.94,retrait,JP,-11.333064,-144.458136,2025-06-10 18:50:04
C00147,4235.01,virement,IT,-61.011367,-125.016535,2025-06-01 00:18:04
C00134,3806.4,versement,DE,36.459394,111.75699,2025-06-09 00:20:04
C00081,4809.44,paiement,US,-1.251962,5.368411,2025-05-18 06:21:04
C00047,3543.03,paiement,US,-1.840806,-54.335689,2025-06-08 18:06:04
C00155,3998.45,virement,US,34.084371,-33.688119,2025-06-09 20:45:04
C00118,3946.94,retrait,ES,51.464984,-33.97736,2025-06-09 11:50:04
C00078,4070.81,achat,UK,1.405764,103.204065,2025-06-16 18:35:04
C00188,2288.12,versement,ES,-14.677034,60.214112,2025-06-10 10:28:04
C00135,2677.37,virement,JP,76.830929,-86.686804,2025-05-27 23:27:04
C00040,746.76,paiement,IT,-39.335387,118.215844,2025-06-04 12:46:04
C00190,3534.38,versement,IT,45.654297,145.503602,2025-06-10 23:47:04
C00001,2870.78,achat,IT,-35.572532,-156.109792,2025-06-08 00:19:04
C00100,1186.5,paiement,JP,35.692183,22.349809,2025-06-08 07:29:04
C00165,1253.77,virement,DE,82.056989,17.644799,2025-06-08 07:03:04
C00022,4113.85,paiement,JP,69.733356,10.777665,2025-05-23 20:31:04
C00161,3319.43,versement,US,-76.45,130.75531,2025-05-25 14:47:04
C00058,4694.89,paiement,US,-13.109025,36.063954,2025-05-31 16:07:04
C00168,3915.9,paiement,DE,40.833841,-54.538176,2025-06-01 09:05:04
C00135,3003.32,paiement,IT,41.726612,119.029149,2025-06-03 21:56:04
C00161,2834.31,versement,ES,1.171263,149.50099,2025-05-24 08:17:04
C00087,2598.86,achat,UK,-50.41314,-9.756553,2025-05-20 11:44:04
C00093,2558.23,retrait,JP,-38.403067,-151.827148,2025-06-15 13:13:04
C00174,3947.47,retrait,JP,-75.522808,91.815285,2025-05-23 06:13:04
C00161,22.59,virement,US,-39.083667,87.754162,2025-06-02 13:10:04
C00118,4290.67,versement,IT,-15.664054,-19.511062,2025-05-22 13:21:04
C00145,2402.67,virement,IT,-21.475209,168.309523,2025-06-12 22:19:04
C00170,1387.35,retrait,IT,72.550115,16.114482,2025-05-21 05:42:04
C00189,1874.22,retrait,ES,35.641123,19.485764,2025-06-14 08:59:04
C00164,979.9,versement,JP,-23.370119,-143.53883,2025-06-09 21:30:04
C00173,2752.86,achat,ES,-17.248778,-55.259596,2025-05-21 23:10:04
C00015,3766.0,virement,ES,32.974205,39.171782,2025-06-04 15:06:04
C00178,3671.01,paiement,ES,-54.940368,-32.537226,2025-05-18 21:57:04
C00113,3908.79,virement,CN,27.604139,-69.089021,2025-06-16 23:23:04
C00108,2405.87,versement,UK,-77.556343,177.4119,2025-06-14 02:32:04
C00164,4165.61,versement,ES,-23.608516,-96.789925,2025-06-11 21:56:04
C00025,2706.33,paiement,UK,-1.37394,-149.118644,2025-06-02 09:05:04
C00043,1039.06,virement,US,-19.813115,88.253849,2025-06-07 11:55:04
C00087,3525.51,paiement,FR,-33.856954,5.800207,2025-05-21 12:44:04
C00188,2878.56,virement,US,-52.572964,-66.52046,2025-06-04 03:02:04
C00135,62.73,achat,US,-15.048685,-102.831061,2025-06-08 03:00:04
C00043,4112.57,versement,CN,27.18464,7.084081,2025-06-15 17:40:04
C00199,2460.38,paiement,FR,-48.005585,48.082508,2025-06-02 00:59:04
C00093,3497.51,achat,CN,-89.16147,-100.761453,2025-06-12 23:56:04
C00149,2551.1,retrait,ES,85.782829,-150.348785,2025-06-11 08:30:04
C00198,2597.36,virement,US,89.036989,-76.256489,2025-06-10 16:26:04
C00064,530.64,virement,DE,-57.334231,-25.475929,2025-06-14 04:01:04
C00046,12.01,retrait,FR,-74.758177,41.39462,2025-06-05 07:50:04
C00046,3089.28,retrait,JP,-85.827366,-39.132586,2025-05-24 12:21:04
C00031,4205.87,virement,US,30.966612,52.968661,2025-06-01 18:54:04
C00151,990.21,virement,JP,54.520691,-122.26341,2025-06-10 04:04:04
C00066,4515.21,paiement,CN,-82.990308,-111.152714,2025-06-09 20:42:04
C00196,4344.75,achat,CN,67.815872,-170.129301,2025-05-25 11:56:04
C00009,3725.24,versement,CN,16.364941,-71.842963,2025-05-25 02:55:04
C00149,1332.73,virement,DE,-15.390119,-14.358909,2025-06-02 10:46:04
C00188,2321.12,versement,FR,-78.148199,-159.301371,2025-05-22 16:59:04
C00192,2865.41,retrait,FR,8.132546,28.319845,2025-05-27 03:05:04
C00039,1174.45,paiement,IT,84.838353,36.41057,2025-06-12 18:15:04
C00180,547.48,achat,CN,84.350828,67.319036,2025-06-08 21:28:04
C00159,2505.76,versement,DE,-46.659502,-76.429425,2025-06-09 00:38:04
C00108,3155.64,paiement,IT,-18.457525,70.574723,2025-06-07 20:54:04
C00105,3890.72,achat,CN,25.010777,-9.592539,2025-05-24 11:29:04
C00137,3152.65,paiement,ES,6.971542,179.954187,2025-06-09 08:38:04
C00066,1043.93,paiement,JP,77.760178,45.618402,2025-05-30 12:03:04
C00013,4942.92,versement,ES,-61.081387,162.325951,2025-05-18 08:51:04
C00029,2955.68,virement,UK,-19.303712,-2.877167,2025-05-20 14:53:04
C00180,178.48,virement,UK,-16.052691,-99.841298,2025-06-10 20:48:04
C00042,2415.19,versement,FR,38.707253,140.880981,2025-05-25 19:28:04
C00067,1963.31,virement,ES,88.729919,10.871307,2025-06-13 05:28:04
C00065,1620.83,versement,UK,2.646669,-132.185554,2025-06-05 00:00:04
C00168,1989.52,retrait,UK,42.550355,53.147774,2025-05-20 01:47:04
C00034,2063.22,virement,US,31.38552,-6.480628,2025-05-23 16:34:04
C00168,3561.02,virement,UK,49.118462,-75.276261,2025-06-01 18:53:04
C00183,58.36,paiement,ES,-46.075946,143.253618,2025-06-12 04:55:04
C00167,2447.18,versement,ES,62.236492,-162.335749,2025-06-08 07:52:04
C00171,328.6,virement,US,-1.564664,-60.742969,2025-05-28 03:06:04
C00178,2135.48,retrait,US,-42.078603,-63.995404,2025-06-01 00:39:04
C00096,1541.58,achat,IT,-9.636507,6.725596,2025-05-18 23:01:04
C00113,193.07,virement,JP,-72.957975,-128.124915,2025-05-20 05:24:04
C00058,4834.83,paiement,UK,-76.389634,57.655976,2025-06-07 08:38:04
C00051,799.7,virement,FR,1.293075,128.899729,2025-05-28 17:26:04
C00162,2138.77,retrait,IT,72.518348,114.277475,2025-05-25 14:38:04
C00143,4879.85,virement,DE,72.014449,-177.632876,2025-05-27 01:22:04
C00132,3403.33,virement,ES,-60.033543,-154.562449,2025-06-11 10:48:04
C00015,2093.53,achat,FR,-85.017873,-10.09083,2025-06-08 06:21:04
C00125,2886.21,virement,UK,79.71328,-83.745671,2025-05-19 21:43:04
C00003,1077.75,virement,UK,41.883677,43.536636,2025-06-14 18:48:04
C00127,4526.74,paiement,US,-61.551127,66.867296,2025-05-30 10:52:04
C00014,3985.07,versement,IT,-77.517937,94.117136,2025-05-18 09:42:04
C00122,4455.23,achat,JP,-75.263232,-26.616807,2025-05-25 09:42:04
C00071,3196.67,versement,CN,-51.175927,77.525514,2025-06-16 14:50:04
C00182,1978.05,versement,DE,18.494423,-158.313864,2025-05-26 11:40:04
C00079,1279.54,achat,US,78.720965,-176.438206,2025-05-28 19:52:04
C00185,82.32,versement,FR,64.835403,-113.649923,2025-05-29 19:03:04
C00078,1395.72,retrait,IT,64.773267,2.395956,2025-05-19 21:58:04
C00099,2824.91,retrait,IT,67.644678,64.001969,2025-06-01 19:52:04
C00023,2348.27,paiement,ES,-70.983056,151.776956,2025-05-28 18:33:04
C00085,602.13,achat,FR,-57.202259,46.308742,2025-05-21 14:24:04
C00124,2772.1,retrait,US,43.999563,-39.898882,2025-05-18 01:29:04
C00001,333.87,versement,JP,-72.053752,6.866551,2025-05-21 13:11:04
C00014,3591.32,virement,JP,35.775224,32.461233,2025-05-25 22:18:04
C00068,4196.09,versement,IT,0.610904,24.080063,2025-06-12 11:04:04
C00090,2652.14,virement,IT,13.292293,-2.480313,2025-06-08 19:20:04
C00088,2086.78,achat,UK,39.113955,44.477919,2025-05-20 17:29:04
C00064,2895.46,versement,CN,-24.081918,-142.651512,2025-06-06 06:09:04
C00045,2655.02,paiement,IT,45.5646,7.250621,2025-06-04 10:51:04
C00190,733.42,paiement,US,-2.841621,69.697275,2025-05-25 19:33:04
C00148,3150.03,versement,US,83.776293,17.454478,2025-06-11 19:28:04
C00009,2916.17,retrait,IT,-79.004087,172.940235,2025-06-13 12:57:04
C00072,1683.74,paiement,ES,-75.389769,-19.498211,2025-06-02 16:43:04
C00082,3173.15,achat,FR,-28.577646,35.631728,2025-06-08 12:48:04
C00024,577.25,retrait,FR,17.636962,88.016442,2025-06-16 23:19:04
C00101,1993.02,retrait,IT,88.037423,-41.401012,2025-06-07 20:46:04
C00158,1266.26,virement,IT,-55.631057,81.672247,2025-06-14 17:54:04
C00127,2655.27,paiement,ES,1.027538,13.402047,2025-06-08 18:26:04
C00093,1892.49,achat,UK,-58.117025,-23.796168,2025-06-03 06:36:04
C00022,4147.37,virement,UK,15.408517,80.972959,2025-06-05 18:50:04
C00076,4347.89,achat,UK,66.822424,57.035355,2025-06-13 10:01:04
C00072,296.74,paiement,DE,85.851694,-97.880053,2025-05-19 21:03:04
C00132,2223.31,virement,IT,-81.805565,112.886141,2025-06-09 13:57:04
C00070,879.41,achat,JP,80.002753,8.255996,2025-06-04 20:29:04
C00055,3443.51,paiement,US,38.383684,99.650031,2025-06-07 14:56:04
C00149,3294.17,achat,IT,-44.175034,150.73812,2025-06-12 14:39:04
C00198,1610.57,achat,CN,45.7899,22.674898,2025-06-16 00:41:04
C00152,89.13,paiement,DE,-45.090119,39.408563,2025-06-16 23:26:04
C00115,3297.03,virement,DE,-63.593636,125.470819,2025-05-21 14:28:04
C00193,1977.54,versement,ES,-12.024022,-173.283414,2025-06-14 23:01:04
C00038,4383.74,versement,JP,53.026975,-137.523844,2025-06-11 12:36:04
C00152,1201.14,retrait,US,-28.434126,11.675002,2025-05-30 07:03:04
C00063,3074.66,paiement,CN,78.129162,146.855605,2025-05-25 03:50:04
C00141,4476.77,achat,CN,-66.522865,-65.278693,2025-06-02 00:51:04
C00144,2544.27,versement,IT,41.89148,61.659701,2025-05-27 04:41:04
C00103,2874.68,retrait,FR,-44.805305,-174.895459,2025-06-12 14:16:04
C00100,4725.0,achat,FR,-25.674173,-57.020343,2025-05-31 06:40:04
C00137,3001.93,virement,US,30.927887,-120.85772,2025-06-16 04:25:04
C00108,4125.15,retrait,IT,46.6367,13.440344,2025-06-10 11:17:04
C00103,4487.92,achat,JP,-40.642951,-7.113323,2025-06-11 00:59:04
C00175,4983.53,retrait,ES,55.181334,-175.890356,2025-06-08 01:34:04
C00199,506.15,paiement,UK,73.672268,-9.360935,2025-05-28 22:38:04
C00062,4860.1,paiement,CN,79.788482,-139.447252,2025-05-21 15:45:04
C00077,353.03,versement,CN,19.35154,-46.130896,2025-06-10 11:49:04
C00123,3390.54,retrait,ES,36.677197,129.543391,2025-05-22 21:51:04
C00159,4225.58,virement,ES,8.135578,149.621275,2025-06-09 16:29:04
C00040,2916.45,versement,US,83.77891,139.159986,2025-05-20 02:44:04
C00135,1496.9,versement,IT,-9.541498,-151.696711,2025-06-07 18:22:04
C00100,4566.32,paiement,FR,-6.808575,-71.161212,2025-05-22 12:07:04
C00007,2323.29,paiement,DE,6.55234,-176.662001,2025-06-14 18:07:04
C00123,2901.21,virement,ES,-30.566264,-155.349902,2025-06-08 03:04:04
C00115,4371.18,versement,ES,-41.509059,159.007639,2025-05-25 09:52:04
C00004,4973.58,virement,UK,-70.026036,-148.424536,2025-06-07 00:19:04
C00048,449.0,paiement,JP,10.032734,131.629474,2025-05-28 18:08:04
C00147,2147.0,paiement,IT,36.200878,-153.490681,2025-05-21 16:28:04
C00165,4331.58,versement,CN,-20.869919,-67.409133,2025-05-23 02:30:04
C00057,4771.59,retrait,US,81.582249,144.132627,2025-05-31 22:12:04
C00110,4291.01,virement,JP,25.181947,-117.370022,2025-06-01 03:04:04
C00143,152.18,virement,ES,72.983539,9.063633,2025-06-01 04:07:04
C00126,3636.65,retrait,JP,58.277547,41.357604,2025-05-23 04:29:04
C00132,4744.86,versement,UK,-61.081773,-142.871524,2025-06-16 20:53:04
C00100,3994.0,achat,US,56.676584,39.704783,2025-05-29 06:43:04
C00022,3315.67,versement,DE,62.282849,-89.832662,2025-06-11 05:50:04
C00184,3362.81,retrait,ES,-11.348012,-91.040981,2025-06-16 16:22:04
C00104,4159.31,retrait,FR,57.684666,-83.654329,2025-06-01 17:33:04
C00002,2242.87,versement,CN,67.22039,-166.997728,2025-06-16 18:34:04
C00193,1643.09,retrait,ES,-15.126287,106.692722,2025-05-24 13:28:04
C00084,881.03,virement,ES,-43.543148,-177.092112,2025-05-25 14:45:04
C00097,3853.39,paiement,ES,30.462782,162.255007,2025-06-04 09:43:04
C00146,498.62,versement,FR,-4.595004,-95.015926,2025-05-23 00:31:04
C00128,2519.9,virement,CN,67.360957,172.33784,2025-06-10 14:57:04
C00058,2885.61,achat,JP,21.781599,-132.900461,2025-05-29 21:52:04
C00027,2926.73,retrait,IT,-26.542373,-156.290126,2025-05-18 19:54:04
C00170,1230.24,versement,IT,-24.760905,-90.56221,2025-05-18 12:29:04
C00058,711.76,versement,US,-16.330333,49.302292,2025-05-23 09:32:04
C00007,3456.09,virement,FR,7.115286,-150.395402,2025-05-31 15:44:04
C00197,1787.99,paiement,UK,77.067876,84.493482,2025-06-04 06:07:04
C00087,2667.32,paiement,CN,88.009903,37.810157,2025-06-08 11:26:04
C00174,3477.78,achat,JP,-5.631305,158.470157,2025-05-24 03:05:04
C00072,4941.92,virement,ES,86.996968,-36.573163,2025-05-26 14:06:04
C00194,2122.13,versement,US,-89.464349,-89.628983,2025-05-20 09:44:04
C00182,2241.89,paiement,JP,24.539448,-121.89496,2025-06-04 16:16:04
C00028,2897.48,virement,JP,65.535642,-61.241247,2025-06-06 04:44:04
C00154,4523.84,retrait,UK,23.410726,82.543993,2025-05-27 16:45:04
C00188,1328.93,paiement,UK,-35.206186,35.72966,2025-06-07 17:08:04
C00089,2868.04,paiement,IT,14.300806,-134.023197,2025-06-09 20:03:04
C00090,427.02,virement,CN,87.826796,-154.385347,2025-06-16 16:30:04
C00028,613.2,paiement,DE,0.851527,-70.470492,2025-06-14 23:47:04
C00127,3160.35,versement,DE,-30.39879,2.413359,2025-05-29 01:16:04
C00196,4574.99,achat,CN,2.457472,-84.011632,2025-05-24 05:37:04
C00047,4773.39,achat,CN,67.916307,111.19221,2025-05-23 17:35:04
C00111,2814.1,retrait,CN,-26.302927,-149.067885,2025-06-07 02:30:04
C00193,1925.14,versement,US,11.246244,-56.50852,2025-06-10 20:37:04
C00153,4890.91,paiement,JP,64.593284,-132.148936,2025-05-21 02:02:04
C00030,2630.31,paiement,CN,-57.769205,179.881499,2025-06-02 10:20:04
C00142,1647.78,achat,UK,1.026791,114.42612,2025-05-31 15:06:04
C00072,1972.13,achat,US,-56.030634,-137.210211,2025-06-04 14:44:04
C00039,743.29,versement,JP,85.954597,67.054362,2025-05-20 20:30:04
C00130,3091.24,retrait,DE,12.226447,-27.287332,2025-06-12 05:47:04
C00193,2202.79,virement,US,14.216819,162.461775,2025-05-18 15:12:04
C00177,4529.48,achat,IT,-50.547047,1.947726,2025-05-28 15:08:04
C00015,3989.19,retrait,FR,-49.271027,-20.504853,2025-06-09 02:23:04
C00040,459.58,retrait,ES,-58.922044,57.522616,2025-06-10 17:37:04
C00103,894.41,virement,UK,-48.418714,-138.312881,2025-06-05 01:21:04
C00192,3412.69,achat,UK,57.358407,-7.126267,2025-05-30 08:23:04
C00162,2549.17,retrait,US,77.185151,-121.359013,2025-05-28 16:31:04
C00123,2739.25,versement,DE,68.068534,-160.397738,2025-05-20 06:10:04
C00109,4582.17,retrait,DE,-19.931477,-76.811799,2025-06-07 06:18:04
C00118,356.7,retrait,FR,-28.225904,-73.011577,2025-06-07 21:02:04
C00087,2710.85,achat,CN,-75.633033,39.600577,2025-05-31 12:05:04
C00121,612.06,paiement,DE,84.798591,72.35833,2025-05-29 19:43:04
C00025,36.08,retrait,CN,38.01588,14.967835,2025-05-27 22:26:04
C00156,597.62,retrait,DE,-46.36997,168.268783,2025-05-27 15:56:04
C00078,2583.53,retrait,ES,-78.548519,-9.004176,2025-06-15 13:33:04
C00143,1152.04,retrait,CN,-18.663801,-74.888153,2025-05-22 20:04:04
C00093,2335.93,achat,DE,-70.289961,166.377508,2025-06-16 22:58:04
C00164,1528.44,retrait,CN,19.240755,-133.763004,2025-06-12 17:39:04
C00050,4038.01,paiement,JP,17.587792,-148.265609,2025-05-20 11:12:04
C00066,246.98,versement,ES,60.386389,-126.641286,2025-05-23 15:26:04
C00042,1289.0,paiement,UK,53.706949,-177.324971,2025-06-16 15:05:04
C00070,2470.05,paiement,US,-20.142059,146.472118,2025-05-18 14:12:04
C00123,2730.49,paiement,DE,41.919513,-34.040215,2025-05-21 11:32:04
C00153,3747.9,paiement,JP,6.243994,-51.476694,2025-05-27 16:03:04
C00029,2242.09,paiement,IT,40.212905,-46.159342,2025-05-24 05:45:04
C00037,3237.13,virement,FR,8.697649,-50.247257,2025-06-12 03:23:04
C00067,1148.68,paiement,US,-27.414462,14.855785,2025-06-11 01:13:04
C00163,3841.62,retrait,CN,61.368154,158.144098,2025-05-20 22:01:04
C00152,3290.2,virement,US,69.305332,-72.157989,2025-05-26 14:26:04
C00169,2358.57,retrait,IT,-34.991974,98.994331,2025-06-16 13:41:04
C00032,1985.39,versement,ES,20.960478,-65.708039,2025-06-10 18:07:04
C00076,1583.9,achat,DE,8.121267,152.512528,2025-06-13 11:49:04
C00069,1120.04,paiement,ES,49.464474,159.437441,2025-06-09 02:37:04
C00029,4890.66,retrait,ES,17.741682,17.802344,2025-05-28 16:37:04
C00149,3615.29,versement,UK,62.710479,98.454757,2025-05-21 06:47:04
C00182,585.99,versement,IT,-37.61623,-138.940615,2025-06-10 20:12:04
C00048,2399.74,achat,UK,-21.456659,-128.902554,2025-05-21 06:02:04
C00105,4467.49,virement,CN,34.57666,-89.905481,2025-05-19 13:15:04
C00160,425.03,retrait,JP,-8.088774,106.535853,2025-05-19 03:40:04
C00130,3124.22,achat,CN,-80.498937,66.126701,2025-06-02 17:52:04
C00199,3414.12,retrait,CN,-28.31578,-138.614879,2025-06-03 01:40:04
C00060,4572.09,achat,IT,-72.471496,81.346985,2025-06-03 13:13:04
C00108,415.38,retrait,JP,77.645944,-116.909017,2025-06-08 11:28:04
C00140,1344.09,virement,DE,-74.716746,113.476738,2025-05-28 20:13:04
C00050,4336.93,versement,UK,20.253821,-83.348153,2025-06-10 08:40:04
C00071,3955.44,achat,US,65.715576,52.500764,2025-05-22 11:03:04
C00031,2874.0,paiement,UK,78.170787,-9.420106,2025-05-19 13:29:04
C00133,1298.68,achat,DE,-57.452085,78.581204,2025-06-13 18:26:04
C00017,389.72,paiement,CN,-18.703958,-34.569035,2025-05-24 12:54:04
C00168,1248.02,achat,CN,1.866049,129.533021,2025-06-06 06:04:04
C00073,2479.49,virement,JP,-66.988035,-120.597157,2025-05-22 17:59:04
C00042,795.76,achat,JP,51.985416,52.622669,2025-06-14 13:48:04
C00110,3332.66,virement,US,32.977435,-69.317617,2025-05-24 00:48:04
C00022,2833.0,achat,UK,-1.549843,-96.601896,2025-06-14 04:29:04
C00028,1748.69,versement,IT,-89.619683,92.194801,2025-06-14 20:53:04
C00041,2051.08,achat,DE,-45.752654,-96.254288,2025-06-01 03:37:04
C00068,4871.76,versement,CN,-69.6277,-50.51553,2025-05-29 02:20:04
C00147,1770.46,achat,US,74.741478,116.913393,2025-05-20 13:44:04
C00125,1573.33,retrait,CN,-35.697251,142.304525,2025-06-13 07:54:04
C00169,688.61,retrait,FR,11.89471,-153.004132,2025-06-01 01:24:04
C00023,2125.04,achat,UK,-52.005045,101.730368,2025-06-15 23:16:04
C00084,2455.24,paiement,DE,-56.177454,-112.268274,2025-05-21 23:31:04
C00050,3737.68,achat,JP,-73.585006,8.134502,2025-06-04 03:12:04
C00183,4545.78,paiement,ES,-78.428022,16.558526,2025-06-01 09:31:04
C00074,4330.67,virement,FR,12.599458,-173.526536,2025-06-09 14:15:04
C00073,2409.6,retrait,US,-70.664255,-39.262154,2025-05-31 20:05:04
C00084,3831.88,virement,US,-78.733588,79.424055,2025-06-03 06:16:04
C00156,3073.83,retrait,US,-67.864695,128.967928,2025-05-27 11:08:04
C00163,631.71,versement,FR,1.037425,118.803424,2025-06-02 20:47:04
C00110,4459.87,retrait,JP,74.659751,-156.97967,2025-05-22 15:07:04
C00005,27.67,retrait,ES,22.453225,22.23921,2025-05-30 04:35:04
C00022,2209.1,versement,FR,-65.515146,-102.378113,2025-06-12 21:52:04
C00190,3279.84,retrait,FR,-65.087376,16.01257,2025-05-22 06:28:04
C00038,3941.63,virement,CN,60.465773,-168.115354,2025-06-02 07:10:04
C00095,1562.13,versement,IT,-49.274203,144.547694,2025-05-24 15:43:04
C00094,3856.24,paiement,CN,6.725335,100.659721,2025-05-28 22:44:04
C00110,1065.16,virement,UK,-86.840607,-2.866503,2025-05-23 12:08:04
C00176,2470.7,versement,UK,-69.943772,3.192409,2025-06-10 17:44:04
C00123,1408.78,paiement,CN,-77.314906,-97.96723,2025-05-24 11:11:04
C00048,2227.72,virement,ES,-57.356045,-1.986728,2025-06-09 08:19:04
C00033,4557.44,virement,FR,-75.947272,64.751026,2025-06-16 14:15:04
C00154,2732.85,retrait,US,-44.985012,58.381756,2025-05-25 06:25:04
C00071,3797.04,achat,US,-74.115377,-4.770583,2025-05-27 04:33:04
C00007,438.16,paiement,UK,65.344302,136.101498,2025-06-06 14:29:04
C00123,1967.56,virement,JP,62.852432,158.094112,2025-05-31 23:00:04
C00148,2031.32,virement,US,48.626929,-174.972379,2025-06-13 23:54:04
C00196,2486.68,achat,IT,77.538778,116.650471,2025-06-12 16:04:04
C00126,730.47,versement,FR,-69.611023,-103.492863,2025-06-06 12:46:04
C00144,2193.75,virement,UK,-34.047651,-71.571282,2025-05-21 02:39:04
C00001,691.47,paiement,ES,-63.42846,-79.396925,2025-06-15 02:41:04
C00111,2982.53,virement,FR,70.691306,-159.632142,2025-05-29 08:30:04
C00038,3813.55,virement,DE,73.369593,56.332758,2025-06-10 08:15:04
C00072,2257.64,virement,DE,23.299854,-23.668687,2025-06-02 13:21:04
C00005,3138.27,paiement,CN,35.205879,-138.321699,2025-06-04 18:09:04
C00151,1432.73,versement,IT,85.428133,-27.503981,2025-06-09 22:49:04
C00135,4049.38,retrait,CN,-85.069515,74.132028,2025-05-20 05:14:04
C00102,2756.72,virement,US,20.794902,106.824063,2025-06-13 06:07:04
C00099,2043.38,virement,US,78.895546,-103.034749,2025-05-21 22:00:04
C00115,1736.63,paiement,IT,-58.990095,144.905841,2025-06-13 20:27:04
C00165,3794.22,retrait,JP,57.191575,105.450049,2025-05-29 19:18:04
C00007,2350.73,virement,CN,-86.025904,59.794511,2025-05-26 23:58:04
C00119,2786.11,achat,UK,85.950129,77.728792,2025-06-02 01:15:04
C00149,4071.29,versement,ES,-39.795924,-117.251121,2025-06-16 12:33:04
C00066,3104.74,virement,FR,-24.437998,-144.354145,2025-05-21 18:11:04
C00166,2413.47,virement,ES,-21.802872,31.609727,2025-06-08 23:18:04
C00026,4195.75,paiement,JP,29.677343,112.6541,2025-05-27 11:43:04
C00058,3112.53,versement,JP,-38.078647,-2.029305,2025-06-02 00:54:04
C00160,1910.37,paiement,JP,12.093149,-106.571226,2025-05-19 02:32:04
C00182,3312.3,retrait,US,19.802962,-107.842411,2025-06-05 05:44:04
C00004,3784.56,achat,US,83.757489,91.596542,2025-05-24 04:14:04
C00058,2927.82,retrait,CN,-64.184514,17.26953,2025-05-24 20:22:04
C00088,1411.03,virement,US,-0.098001,67.345881,2025-06-02 06:36:04
C00097,3456.62,versement,CN,51.232472,-141.400767,2025-06-05 00:42:04
C00159,4911.62,paiement,IT,16.6893,-21.206203,2025-06-01 11:00:04
C00030,4617.12,achat,CN,59.515235,104.317595,2025-06-07 00:16:04
C00103,766.69,virement,DE,-85.718862,11.395074,2025-05-28 00:09:04
C00031,3718.68,achat,ES,71.989862,13.843076,2025-06-05 22:09:04
C00149,3423.07,virement,UK,30.614292,65.892788,2025-06-11 23:02:04
C00108,2758.98,versement,JP,18.780308,-163.441547,2025-05-18 03:31:04
C00024,335.85,retrait,ES,-53.347772,-101.086491,2025-06-02 22:12:04
C00122,1603.91,achat,ES,-16.41081,51.009469,2025-05-30 17:04:04
C00188,1761.89,virement,DE,7.895645,19.959648,2025-05-21 03:53:04
C00077,192.82,paiement,FR,37.274815,4.497876,2025-05-27 09:27:04
C00044,582.84,versement,DE,-49.959429,-148.561988,2025-05-21 15:15:04
C00122,1362.7,virement,CN,-75.335006,99.710163,2025-06-12 03:28:04
C00125,4501.56,versement,CN,30.928448,-82.777309,2025-05-22 11:47:04
C00030,372.22,virement,JP,1.574377,52.57878,2025-06-15 17:58:04
C00171,3594.41,virement,DE,29.618777,175.326483,2025-06-01 10:22:04
C00144,23.04,achat,ES,42.751359,-12.931488,2025-06-03 07:22:04
C00051,2272.98,retrait,ES,37.506989,149.566572,2025-06-12 16:55:04
C00133,4223.88,paiement,IT,-55.305296,78.104903,2025-05-25 10:07:04
C00184,1908.25,achat,JP,43.584542,57.611375,2025-06-06 23:27:04
C00110,573.75,versement,DE,83.25631,83.285595,2025-05-19 08:11:04
C00015,1480.91,retrait,UK,38.333751,-82.893171,2025-05-27 14:22:04
C00047,2299.49,achat,CN,-80.241276,176.080969,2025-06-13 11:50:04
C00093,552.61,versement,CN,-84.830529,-110.00801,2025-05-31 14:58:04
C00100,4386.88,retrait,IT,-8.740952,117.523238,2025-06-15 11:50:04
C00049,3495.99,versement,JP,-5.673301,-166.970134,2025-05-31 09:18:04
C00116,2813.44,virement,JP,-1.263627,133.232477,2025-06-09 10:48:04
C00160,1718.83,achat,IT,77.484413,178.68896,2025-06-12 06:39:04
C00196,326.69,versement,CN,1.331244,-49.951778,2025-05-20 02:23:04
C00011,2822.06,paiement,CN,5.536086,163.437924,2025-06-13 08:53:04
C00200,3924.16,paiement,DE,-24.246684,119.718589,2025-05-28 21:49:04
C00029,779.56,paiement,DE,-34.715396,-24.549324,2025-06-08 06:45:04
C00096,682.88,paiement,FR,-1.074743,-41.663137,2025-06-12 18:02:04
C00181,2430.42,virement,US,-67.977474,71.290051,2025-06-15 00:18:04
C00015,3099.34,retrait,CN,57.246547,-95.590652,2025-06-08 13:53:04
C00018,16.19,versement,UK,-36.93717,-126.850188,2025-05-19 10:30:04
C00101,4361.4,versement,FR,-85.338991,-55.428564,2025-06-08 22:06:04
C00162,503.45,versement,UK,43.397614,-164.380809,2025-05-22 02:53:04
C00199,1509.43,virement,FR,31.149082,-78.73947,2025-05-28 00:28:04
C00125,26.61,paiement,DE,-66.597755,-161.392613,2025-06-06 20:37:04
C00190,223.55,versement,DE,-84.724032,-161.81907,2025-06-01 03:38:04
C00152,166.52,paiement,JP,86.017089,110.300724,2025-05-26 22:42:04
C00174,281.95,achat,JP,-32.33967,55.539225,2025-06-12 02:07:04
C00048,3549.75,achat,US,54.693722,163.145273,2025-06-02 02:22:04
C00024,1500.43,paiement,CN,-65.599618,-170.784529,2025-06-14 20:56:04
C00083,1855.74,achat,JP,-33.493348,131.255519,2025-06-04 08:04:04
C00017,1552.3,virement,JP,12.868136,102.239653,2025-05-23 03:59:04
C00079,2273.11,paiement,UK,-34.630678,-16.246992,2025-06-09 18:35:04
C00045,4382.29,versement,UK,49.042338,-27.851885,2025-06-13 17:42:04
C00199,3996.64,retrait,UK,74.391924,126.406917,2025-06-16 03:40:04
C00049,2783.99,versement,CN,-40.911208,-101.593189,2025-05-21 15:43:04
C00079,3152.27,achat,DE,-1.493512,169.783593,2025-06-10 03:40:04
C00179,4278.92,achat,US,34.489426,-111.197706,2025-05-24 01:40:04
C00144,2514.14,versement,IT,-33.089222,-65.793136,2025-05-18 15:16:04
C00090,1748.75,retrait,CN,-52.850961,114.901281,2025-05-30 06:43:04
C00032,4033.9,versement,IT,1.18463,33.560535,2025-05-26 23:47:04
C00103,4613.2,achat,CN,15.853156,9.453502,2025-05-19 11:26:04
C00147,943.89,versement,DE,7.703177,22.932613,2025-05-27 01:05:04
C00090,4449.57,versement,FR,22.065639,155.207587,2025-05-18 23:29:04
C00137,1574.7,paiement,JP,7.600761,-111.208256,2025-06-11 11:13:04
C00061,2793.98,versement,DE,-31.124749,158.730406,2025-06-02 04:21:04
C00142,3354.9,achat,CN,81.734696,-48.282775,2025-06-13 06:45:04
C00112,409.06,virement,IT,89.222248,-50.793815,2025-05-19 07:25:04
C00141,3113.83,versement,CN,34.66856,13.204201,2025-06-13 05:31:04
C00118,2976.82,retrait,UK,-66.612365,-84.521915,2025-05-18 07:28:04
C00054,689.79,paiement,FR,86.623358,138.134784,2025-06-07 21:36:04
C00136,304.43,achat,IT,17.400778,-151.137955,2025-06-13 16:30:04
C00081,1818.22,virement,CN,-86.215601,82.529298,2025-06-16 03:13:04
C00034,1665.79,paiement,CN,-21.368992,112.930737,2025-06-14 19:56:04
C00021,4256.6,paiement,FR,85.691323,34.690314,2025-05-30 14:50:04
C00117,1021.4,versement,UK,25.635217,-36.193441,2025-05-23 20:14:04
C00116,3463.66,achat,ES,-39.681334,-66.000788,2025-06-11 12:54:04
C00067,175.35,virement,US,-43.780794,136.81327,2025-06-12 01:50:04
C00098,697.61,retrait,JP,56.625873,-86.919409,2025-06-08 10:15:04
C00047,488.51,virement,UK,48.530403,-147.350068,2025-05-29 00:05:04
C00184,2504.75,versement,ES,-22.696877,-7.094648,2025-05-27 09:37:04
C00152,3643.43,achat,IT,-46.173005,45.024872,2025-05-20 21:32:04
C00171,2877.31,paiement,IT,-53.761377,-25.0403,2025-06-15 21:40:04
C00080,2955.33,virement,DE,53.609671,8.794706,2025-06-12 17:42:04
C00190,1974.58,versement,CN,-87.153823,-14.933264,2025-05-25 23:59:04
C00071,1975.18,achat,JP,10.60493,-77.144949,2025-05-26 01:59:04
C00020,4251.37,versement,CN,-25.248084,114.215873,2025-05-26 04:42:04
C00068,2953.33,retrait,UK,55.817216,7.370805,2025-05-25 12:39:04
C00106,199.07,versement,ES,-82.385427,101.628299,2025-06-01 13:08:04
C00171,1121.57,versement,FR,24.845679,89.530295,2025-06-06 22:14:04
C00118,1176.76,paiement,JP,-81.273407,-18.870195,2025-06-13 00:37:04
C00199,4986.06,paiement,US,-60.331692,34.606613,2025-05-29 04:16:04
C00076,2444.53,versement,FR,75.226448,-114.107401,2025-05-18 00:21:04
C00017,3757.29,versement,CN,-64.050343,79.295827,2025-06-16 18:56:04
C00043,4895.35,virement,IT,-56.879659,-49.187301,2025-06-05 09:20:04
C00198,639.34,retrait,ES,57.26158,-138.221536,2025-05-25 12:13:04
C00008,3526.04,achat,FR,-7.710472,-41.55669,2025-06-06 04:42:04
C00022,4885.91,virement,JP,64.703408,-149.065984,2025-05-24 05:59:04
C00043,231.14,paiement,UK,0.133032,-165.224063,2025-06-03 08:11:04
C00080,1656.05,retrait,ES,-68.500693,161.868315,2025-06-11 12:50:04
C00090,2277.22,paiement,ES,-81.618589,-69.895978,2025-06-15 10:06:04
C00053,2281.73,versement,US,-74.339664,158.497248,2025-06-07 14:36:04
C00172,1072.81,paiement,US,-57.557981,113.191519,2025-05-23 23:06:04
C00073,4731.53,virement,IT,27.767845,82.374359,2025-06-08 12:12:04
C00143,4814.52,versement,UK,9.93687,163.640107,2025-06-06 05:15:04
C00085,1957.89,achat,DE,12.917918,-36.049733,2025-05-22 20:15:04
C00038,1062.19,paiement,US,58.211141,-124.705779,2025-06-03 06:18:04
C00057,1071.38,paiement,US,-87.863936,82.505239,2025-06-12 08:29:04
C00056,3908.81,versement,ES,70.115439,92.815497,2025-05-23 04:44:04
C00073,2318.28,versement,US,26.253844,91.473303,2025-05-18 19:49:04
C00139,3582.94,achat,JP,67.562864,109.237608,2025-05-24 16:48:04
C00169,3852.85,retrait,DE,5.804283,115.372049,2025-06-15 11:54:04
C00022,238.92,retrait,JP,77.524463,65.200579,2025-05-18 21:21:04
C00157,616.35,versement,JP,36.622581,-133.378934,2025-06-04 14:34:04
C00015,729.18,achat,UK,-24.617535,104.15914,2025-06-02 00:10:04
C00052,1996.5,paiement,FR,-6.166874,68.85821,2025-06-06 16:23:04
C00090,3322.26,paiement,JP,69.291455,56.264665,2025-05-23 05:11:04
C00047,4294.15,virement,CN,85.394822,-141.173818,2025-06-11 21:58:04
C00018,2240.21,retrait,ES,-57.080482,35.681985,2025-06-10 01:15:04
C00121,588.76,retrait,ES,68.227831,2.597368,2025-05-20 05:11:04
C00008,3138.87,virement,US,-64.777847,30.628106,2025-05-18 04:46:04
C00146,4370.08,retrait,JP,-77.702744,159.605954,2025-06-10 02:54:04
C00196,2589.39,virement,ES,-26.848265,146.821928,2025-06-11 20:47:04
C00166,4255.2,retrait,ES,-26.71854,134.848061,2025-06-13 16:42:04
C00125,3063.77,retrait,FR,-85.941805,121.441794,2025-06-01 20:05:04
C00184,2514.7,achat,UK,43.349673,-49.080392,2025-06-07 10:01:04
C00164,2899.85,virement,FR,-18.395219,159.052741,2025-06-03 02:24:04
C00180,2041.7,versement,JP,-20.419812,85.732064,2025-05-25 06:10:04
C00184,2951.49,virement,ES,-0.803204,-79.02215,2025-06-16 17:20:04
C00198,1060.5,virement,IT,12.770815,-85.888767,2025-05-23 23:29:04
C00115,2693.32,paiement,FR,66.438943,-55.342408,2025-05-23 03:09:04
C00140,309.36,retrait,US,-42.96457,-86.518098,2025-06-10 14:41:04
C00002,3046.32,paiement,IT,-36.039764,-34.889755,2025-05-26 11:21:04
C00023,3479.8,paiement,CN,-67.158911,-76.153806,2025-05-29 07:14:04
C00027,211.49,versement,JP,27.246539,93.930579,2025-06-07 20:09:04
C00069,2555.96,versement,JP,-58.918886,-48.029518,2025-05-27 22:35:04
C00141,1830.26,retrait,US,68.495099,109.776513,2025-05-22 08:18:04
C00003,4619.72,paiement,UK,23.207129,-35.440033,2025-05-29 04:42:04
C00024,4679.39,virement,FR,8.287415,-16.017423,2025-06-15 15:32:04
C00195,3805.52,retrait,JP,25.300632,133.973495,2025-06-08 15:26:04
C00195,1412.03,achat,CN,0.382578,-149.297057,2025-06-15 21:15:04
C00179,1773.84,versement,JP,51.972325,-138.622498,2025-05-29 09:56:04
C00022,4938.26,achat,JP,69.814497,10.876486,2025-06-16 13:43:04
C00117,2635.41,versement,UK,46.876065,-72.811487,2025-05-21 09:35:04
C00009,2656.91,versement,UK,-70.001321,94.220914,2025-05-18 15:17:04
C00007,2188.46,retrait,JP,-86.099775,109.768974,2025-06-04 06:05:04
C00111,4642.1,achat,JP,-2.962162,152.408963,2025-06-08 02:20:04
C00155,1566.05,achat,US,-61.860723,68.718805,2025-05-23 15:52:04
C00135,134.72,retrait,CN,-16.507368,-74.046217,2025-06-12 12:30:04
C00014,1812.23,retrait,FR,18.857867,-104.960937,2025-06-08 03:04:04
C00117,2920.79,versement,FR,-77.956976,-56.458171,2025-06-14 00:41:04
C00181,4703.14,retrait,UK,59.261389,173.979887,2025-05-26 03:00:04
C00109,3791.9,achat,US,-41.487611,62.919977,2025-05-26 23:17:04
C00198,909.54,virement,IT,-48.514941,-110.876197,2025-06-16 01:45:04
C00163,1046.56,virement,JP,-59.162474,125.752098,2025-05-20 14:19:04
C00008,4797.34,paiement,UK,-14.360584,-157.558784,2025-05-20 07:37:04
C00196,2707.18,versement,FR,43.149757,-80.207292,2025-05-18 10:47:04
C00137,3135.65,paiement,UK,-83.111281,-40.868139,2025-06-09 05:33:04
C00095,4973.61,achat,ES,-7.852504,-42.573068,2025-05-31 06:12:04
C00003,4925.44,paiement,JP,42.937966,-70.034123,2025-06-13 01:10:04
C00059,849.09,versement,CN,9.74162,-84.515244,2025-05-20 06:18:04
C00023,1026.06,retrait,US,35.560656,-83.043951,2025-05-29 06:45:04
C00134,497.89,paiement,FR,-16.393836,147.54483,2025-05-31 03:40:04
C00127,3942.54,paiement,IT,44.946174,-146.700679,2025-05-22 00:51:04
C00054,324.26,virement,JP,-54.187276,-12.243589,2025-06-07 10:07:04
C00059,34.16,achat,DE,-52.10692,42.354902,2025-06-02 07:14:04
C00172,1648.32,versement,JP,-68.312092,31.038946,2025-05-24 13:25:04
C00045,3259.66,virement,UK,49.141045,-21.544158,2025-06-06 02:49:04
C00095,3413.42,virement,DE,89.057213,83.630018,2025-06-09 10:49:04
C00097,3382.26,retrait,UK,-88.165601,-164.493032,2025-06-11 20:01:04
C00048,1479.07,paiement,FR,-17.678478,108.397544,2025-05-23 13:10:04
C00116,1127.64,virement,FR,37.722238,-150.994823,2025-05-26 18:48:04
C00061,2053.29,paiement,FR,20.551482,43.515018,2025-05-18 09:05:04
C00057,329.71,virement,UK,41.400726,-167.236958,2025-06-05 13:10:04
C00034,3577.62,paiement,US,36.84903,-24.777289,2025-05-31 00:38:04
C00149,2817.6,retrait,ES,13.228971,80.72425,2025-06-11 23:54:04
C00013,2953.98,virement,UK,-30.402725,-4.713675,2025-05-23 16:05:04
C00098,3137.89,versement,DE,-46.133414,166.3633,2025-05-22 21:28:04
C00180,4247.88,achat,JP,-84.254387,-125.12457,2025-06-08 07:23:04
C00170,2659.02,achat,DE,-20.67505,141.063695,2025-05-31 20:21:04
C00112,114.14,versement,JP,27.138069,142.721648,2025-06-08 02:43:04
C00054,711.31,versement,US,25.880737,18.648683,2025-05-29 17:12:04
C00149,815.02,virement,FR,24.002632,-76.441816,2025-05-18 12:13:04
C00168,1692.95,versement,ES,32.902125,161.087253,2025-05-20 05:29:04
C00009,991.35,virement,ES,-53.772129,-153.075985,2025-05-29 00:45:04
C00118,4554.07,versement,ES,-37.435843,75.297798,2025-05-22 22:50:04
C00167,2659.26,virement,CN,11.202473,-176.58813,2025-06-04 13:39:04
C00069,4322.91,achat,CN,56.058605,155.911413,2025-05-25 06:58:04
C00083,1724.56,retrait,ES,-60.347041,49.345328,2025-05-23 19:50:04
C00178,2171.36,retrait,US,13.0181,-162.155443,2025-05-21 22:45:04
C00060,3510.2,retrait,ES,-16.282734,-62.715207,2025-05-20 15:18:04
C00005,3196.38,paiement,DE,38.970946,130.550745,2025-05-27 13:16:04
C00063,4749.43,versement,US,60.750523,-85.269745,2025-06-12 02:21:04
C00022,2807.21,retrait,ES,11.049531,-43.314084,2025-05-18 15:22:04
C00132,2910.64,paiement,DE,-29.680198,-163.385555,2025-06-10 22:02:04
C00168,1629.9,retrait,JP,-25.097103,-62.651715,2025-05-26 18:36:04
C00155,1907.55,versement,UK,-30.483862,90.902768,2025-06-16 12:03:04
C00041,2295.01,virement,US,79.602329,-144.908858,2025-06-04 17:17:04
C00126,4141.71,retrait,CN,-18.560531,148.255482,2025-06-08 13:11:04
C00154,2093.32,retrait,DE,81.480296,-96.764109,2025-05-25 12:52:04
C00011,327.55,paiement,JP,-22.023725,-139.397336,2025-05-18 03:58:04
C00066,2780.12,paiement,DE,-88.283199,-160.980953,2025-05-21 05:56:04
C00064,3040.32,achat,CN,27.154766,81.041382,2025-05-31 17:05:04
C00052,409.46,achat,FR,-1.399406,118.247407,2025-05-30 15:54:04
C00019,3066.18,versement,JP,53.800669,-6.076456,2025-05-25 18:56:04
C00052,2192.63,paiement,IT,24.934397,8.637949,2025-06-05 09:28:04
C00033,2500.37,virement,UK,-86.367156,-34.2597,2025-06-08 16:19:04
C00059,2219.63,versement,DE,-37.741799,53.827546,2025-06-07 16:21:04
C00175,1339.5,paiement,DE,42.666357,119.426556,2025-06-12 10:25:04
C00174,215.94,retrait,JP,-88.53809,130.374672,2025-06-06 08:39:04
C00134,3738.4,retrait,CN,89.568251,-121.966134,2025-06-11 10:15:04
C00052,2513.2,paiement,UK,76.539804,69.714355,2025-05-22 18:42:04
C00088,1924.42,versement,FR,-13.944773,-55.188363,2025-06-16 14:51:04
C00133,3669.02,virement,IT,59.014024,-52.459274,2025-05-22 00:52:04
C00026,4367.17,paiement,IT,-66.129916,-78.811931,2025-05-20 14:38:04
C00114,3718.83,versement,DE,-22.277966,123.76899,2025-06-01 15:42:04
C00116,4698.11,achat,UK,17.718542,-39.84204,2025-06-11 22:36:04
C00027,4619.45,retrait,US,-2.25112,-82.230415,2025-06-08 03:17:04
C00148,4137.07,versement,IT,-37.15779,52.626308,2025-06-16 08:39:04
C00136,3881.95,retrait,ES,-49.75643,58.258466,2025-05-28 04:35:04
C00157,3810.15,versement,ES,80.124593,-169.868089,2025-05-22 21:47:04
C00065,325.52,versement,DE,-69.626314,116.958807,2025-05-26 14:10:04
C00050,4078.89,versement,CN,8.8804,-141.728354,2025-06-12 08:05:04
C00085,4841.89,versement,US,68.891569,13.910287,2025-05-25 19:53:04
C00024,4856.44,retrait,CN,-52.32689,-179.974762,2025-06-09 20:43:04
C00025,2037.19,versement,DE,-75.903508,80.034846,2025-05-22 16:48:04
C00041,236.94,versement,US,50.9675,-111.407196,2025-06-10 23:32:04
C00098,1024.14,paiement,IT,47.923479,-74.335379,2025-05-20 08:46:04
C00191,3704.24,retrait,FR,58.480085,-87.024842,2025-06-16 07:43:04
C00161,3405.91,achat,JP,-69.793797,-32.633925,2025-06-04 05:07:04
C00145,2448.02,achat,JP,33.765865,134.422594,2025-06-03 05:33:04
C00169,1231.79,versement,CN,-30.340296,170.336208,2025-05-28 08:53:04
C00094,4729.19,retrait,US,9.114143,-63.804798,2025-06-13 00:23:04
C00045,2508.52,retrait,CN,-68.00768,-145.167762,2025-06-10 15:18:04
C00194,511.52,achat,UK,-35.818249,142.773856,2025-06-03 09:36:04
C00034,2847.67,achat,DE,11.682238,-33.649408,2025-05-26 16:10:04
C00028,999.8,retrait,DE,-66.715369,44.578335,2025-05-18 08:00:04
C00162,3031.04,retrait,US,-56.854993,118.832007,2025-06-03 08:42:04
C00172,1971.39,versement,FR,29.25757,-111.743428,2025-05-30 16:49:04
C00073,2513.92,achat,CN,-32.6109,-172.438391,2025-05-29 04:01:04
C00019,3840.31,paiement,DE,7.390788,39.80149,2025-05-28 20:51:04
C00119,73.09,versement,JP,-40.766397,-88.539936,2025-05-25 16:07:04
C00051,4433.58,retrait,UK,26.427469,105.885936,2025-05-22 12:18:04
C00141,1259.36,retrait,IT,72.087788,94.419037,2025-06-12 22:17:04
C00117,2275.32,achat,US,35.894004,-77.660509,2025-06-07 00:34:04
C00026,2895.66,retrait,JP,-40.460051,-131.39594,2025-06-03 20:52:04
C00021,3372.07,versement,DE,18.78312,24.684416,2025-06-09 16:53:04
C00181,3877.45,virement,IT,73.999871,119.30302,2025-06-09 23:27:04
C00057,4012.12,achat,IT,-50.263524,174.665971,2025-05-20 00:53:04
C00080,4504.13,retrait,ES,-47.234042,92.718862,2025-05-30 07:34:04
C00049,4886.42,retrait,US,-48.926559,89.98779,2025-06-09 16:16:04
C00037,464.11,virement,DE,25.789236,-112.922654,2025-06-16 00:44:04
C00084,2149.78,versement,ES,-43.819924,-42.443696,2025-06-11 00:51:04
C00100,1259.43,achat,DE,11.149376,-111.414122,2025-05-25 02:42:04
C00174,533.79,virement,FR,8.667037,-151.335695,2025-06-03 08:45:04
C00101,3759.88,retrait,UK,74.90218,173.42051,2025-06-03 13:57:04
C00009,1229.21,versement,US,-63.983894,5.400566,2025-06-07 16:00:04
C00049,1829.04,versement,UK,-49.301178,-127.254515,2025-05-20 04:25:04
C00018,2603.25,paiement,FR,85.508342,32.52454,2025-05-24 02:27:04
C00151,1665.86,achat,ES,41.957371,77.081302,2025-05-23 01:29:04
C00124,2413.9,virement,US,69.930709,-70.135475,2025-06-06 20:02:04
C00107,1323.46,virement,IT,29.40666,-11.700872,2025-06-10 01:33:04
C00110,4722.38,versement,US,43.47175,41.053391,2025-05-29 05:40:04
C00025,2036.01,versement,IT,52.335584,36.329897,2025-05-24 01:57:04
C00029,975.42,achat,US,54.984553,-22.774608,2025-06-01 21:52:04
C00151,4734.99,versement,CN,13.682579,31.920224,2025-06-06 01:13:04
C00026,4037.95,paiement,US,-79.716199,163.096986,2025-06-12 06:20:04
C00155,1878.22,virement,US,-53.781962,162.309264,2025-06-06 06:28:04
C00118,418.81,paiement,UK,-10.341611,31.618922,2025-05-21 06:08:04
C00025,3754.34,versement,JP,75.107026,98.920888,2025-06-05 23:06:04
C00123,1713.77,achat,US,28.996472,-21.192101,2025-06-08 15:46:04
C00079,1855.09,virement,JP,-12.608835,31.319822,2025-06-02 05:05:04
C00095,1603.53,retrait,ES,86.239976,108.425843,2025-05-31 10:30:04
C00062,1682.72,achat,DE,-14.145401,70.004046,2025-05-20 01:02:04
C00143,940.39,paiement,ES,-56.807248,135.949182,2025-05-21 07:45:04
C00089,3543.29,retrait,IT,-84.737724,-67.449194,2025-06-11 07:27:04
C00155,2361.52,virement,FR,34.064781,-179.292376,2025-05-30 04:00:04
C00057,561.93,retrait,JP,16.581418,109.175165,2025-06-07 02:06:04
C00041,3070.18,retrait,DE,64.924131,-61.013157,2025-06-08 18:15:04
C00022,4175.36,virement,ES,-29.527845,-156.837348,2025-05-26 02:57:04
C00146,2026.39,achat,JP,1.857392,126.591665,2025-06-05 23:57:04
C00019,4829.98,paiement,IT,-71.987788,121.116837,2025-06-10 05:51:04
C00184,2053.17,virement,ES,-77.285065,-99.01548,2025-06-15 05:43:04
C00140,1043.75,achat,FR,79.873743,33.489104,2025-05-22 23:52:04
C00096,731.92,retrait,DE,-52.511561,-152.606143,2025-05-30 12:31:04
C00084,654.82,paiement,US,-67.682088,-12.236046,2025-05-21 22:35:04
C00165,1281.27,achat,CN,-6.57603,50.301362,2025-05-19 14:50:04
C00091,2558.92,virement,CN,-35.568636,-51.7076,2025-06-08 09:48:04
C00190,3489.84,paiement,IT,48.14942,-176.953318,2025-06-04 16:34:04
C00111,4222.94,achat,UK,-53.770977,24.751048,2025-05-24 18:49:04
C00067,1819.77,retrait,US,-37.229376,-75.700301,2025-05-18 22:55:04
C00126,3790.89,retrait,UK,-32.262186,-178.114826,2025-06-08 16:23:04
C00064,4991.34,paiement,US,31.531541,102.94528,2025-05-29 15:39:04
C00150,1298.62,versement,CN,-77.914392,-96.99493,2025-05-23 16:06:04
C00095,1430.87,paiement,ES,72.926967,-150.289141,2025-05-20 17:26:04
C00097,1807.73,virement,IT,0.430618,-134.89927,2025-06-04 17:27:04
C00132,3691.45,virement,DE,-31.447713,-157.622122,2025-06-07 06:57:04
C00108,3820.47,paiement,IT,52.391163,-162.989863,2025-06-06 05:48:04
C00113,2541.12,virement,ES,62.207051,137.160925,2025-05-27 14:29:04
C00039,3559.77,versement,ES,-37.041151,-78.964882,2025-05-25 16:07:04
C00139,3274.72,virement,DE,-26.092572,62.626817,2025-06-09 07:00:04
C00099,4742.64,versement,UK,-31.170401,-133.036923,2025-06-10 17:04:04
C00180,4429.17,paiement,JP,-83.68669,-163.065138,2025-06-05 16:35:04
C00100,2321.41,virement,UK,88.569358,44.342321,2025-06-04 08:54:04
C00128,993.46,virement,US,84.348552,-70.109708,2025-05-22 18:23:04
C00063,1213.81,paiement,US,-24.164002,152.36681,2025-06-06 09:32:04
C00066,4764.32,virement,IT,17.008618,-16.652772,2025-05-21 23:57:04
C00196,3895.86,paiement,FR,-2.771489,22.396076,2025-06-05 05:22:04
C00087,692.03,versement,JP,22.896719,-133.42038,2025-05-29 17:25:04
C00087,4289.94,paiement,JP,-23.446403,47.411725,2025-06-12 06:00:04
C00127,1274.04,paiement,DE,-55.70524,-115.112336,2025-05-27 08:51:04
C00200,171.73,versement,CN,30.97465,154.555098,2025-06-12 07:20:04
C00082,3479.13,achat,DE,86.57773,135.228809,2025-05-18 18:55:04
C00061,2194.7,achat,IT,25.876683,-24.168601,2025-06-03 10:58:04
C00037,940.31,achat,US,-13.94402,9.977064,2025-06-07 00:54:04
C00097,4289.99,retrait,CN,44.117296,105.700476,2025-06-15 16:56:04
C00133,4200.86,paiement,UK,-23.036823,111.642069,2025-05-21 05:59:04
C00189,4373.97,paiement,UK,47.088126,67.335178,2025-06-14 20:09:04
C00160,4034.86,retrait,US,-53.692323,1.794594,2025-05-23 12:46:04
C00125,2542.62,achat,ES,81.097723,-157.206141,2025-05-26 20:42:04
C00026,4795.81,achat,FR,16.693383,6.971043,2025-05-31 08:37:04
C00166,4528.89,versement,DE,5.078633,-52.796843,2025-05-29 17:06:04
C00156,3735.24,versement,ES,-5.967205,94.637993,2025-05-30 01:34:04
C00097,3410.17,virement,IT,-17.851513,-119.507484,2025-05-18 02:58:04
C00012,4386.07,retrait,ES,55.953999,144.597545,2025-05-31 14:12:04
C00065,3028.58,versement,FR,55.795473,-108.928483,2025-06-08 04:20:04
C00118,2027.08,paiement,JP,70.870422,171.366718,2025-06-01 06:16:04
C00008,1320.3,paiement,DE,31.999322,-53.059978,2025-05-21 03:40:04
C00176,2722.06,virement,UK,37.78401,167.001716,2025-06-05 01:24:04
C00136,1734.47,paiement,DE,9.977607,-139.038431,2025-06-11 21:42:04
C00082,3385.81,retrait,CN,34.705009,-16.788035,2025-05-29 14:28:04
C00101,1519.5,virement,JP,12.293499,-159.999899,2025-05-21 08:28:04
C00111,1637.96,versement,JP,21.914516,8.915079,2025-05-25 20:20:04
C00093,3983.52,retrait,US,-40.436636,169.476907,2025-05-25 12:00:04
C00189,2779.88,paiement,UK,64.288161,107.071932,2025-05-19 06:42:04
C00029,834.74,retrait,UK,-79.470997,146.56652,2025-06-11 19:27:04
C00081,99.07,achat,DE,24.842058,76.139214,2025-06-11 01:50:04
C00124,4182.63,virement,ES,44.8152,-173.216578,2025-05-20 00:48:04
C00046,3509.05,retrait,US,30.718501,90.590052,2025-06-05 20:32:04
C00165,2535.4,paiement,IT,85.506925,-66.264093,2025-05-20 21:42:04
C00085,89.03,retrait,IT,-47.5937,132.574863,2025-05-20 23:47:04
C00026,3313.66,versement,US,29.044142,54.469879,2025-05-25 18:31:04
C00025,3825.73,retrait,FR,-34.507302,-119.643754,2025-05-26 07:50:04
C00192,2349.28,retrait,FR,15.118176,-59.251871,2025-05-31 15:41:04
C00182,3145.05,virement,JP,-39.708097,45.70248,2025-06-08 05:26:04
C00019,4555.7,retrait,US,13.789669,137.788864,2025-05-19 17:21:04
C00079,3003.16,paiement,IT,2.250126,-135.233365,2025-05-25 02:45:04
C00185,1903.22,virement,ES,-68.566466,20.910231,2025-05-19 16:41:04
C00008,3776.48,virement,ES,-84.699114,-99.128076,2025-06-01 21:24:04
C00166,2755.95,paiement,UK,22.493758,81.817638,2025-06-04 04:41:04
C00077,1191.86,versement,CN,-78.950001,-37.631528,2025-06-14 08:35:04
C00008,3324.03,virement,CN,-39.356485,-153.689351,2025-06-12 09:40:04
C00068,2579.25,retrait,JP,58.814876,3.151035,2025-06-05 03:16:04
C00150,705.11,virement,DE,49.495817,-150.510634,2025-05-24 12:27:04
C00179,4912.76,achat,DE,-13.589026,-16.939532,2025-05-21 09:22:04
C00018,2353.33,virement,IT,-37.829952,-170.193074,2025-05-28 23:10:04
C00179,390.3,achat,JP,-40.108384,-13.305142,2025-06-07 14:36:04
C00158,1544.91,versement,ES,-31.993401,40.357148,2025-05-30 16:50:04
C00037,1062.1,retrait,JP,65.715831,-164.340649,2025-05-22 03:54:04
C00026,2666.52,virement,CN,-10.640326,-2.949368,2025-06-14 12:17:04
C00177,3585.57,retrait,IT,84.683257,-61.012384,2025-06-13 21:18:04
C00142,2165.5,paiement,IT,76.377792,-143.985289,2025-06-03 23:57:04
C00077,3033.4,paiement,UK,-46.46263,-23.524788,2025-06-13 10:49:04
C00172,4624.15,retrait,IT,56.229548,-170.388877,2025-06-05 01:16:04
C00150,569.48,versement,FR,39.022352,-102.409174,2025-06-13 10:09:04
C00034,1467.42,virement,IT,33.743334,16.42883,2025-06-05 01:36:04
C00087,3378.13,achat,FR,63.978881,-156.919881,2025-06-11 01:40:04
C00160,3910.21,retrait,UK,-16.372594,-67.058086,2025-05-24 11:04:04
C00188,4410.76,achat,UK,40.543938,37.943727,2025-05-20 07:16:04
C00160,152.49,retrait,JP,39.640873,12.943095,2025-05-30 06:29:04
C00106,3059.5,achat,FR,43.203819,-107.232643,2025-06-04 08:54:04
C00014,1388.77,retrait,FR,-76.891101,-157.668712,2025-05-28 21:46:04
C00032,1840.59,virement,FR,-50.508174,140.959598,2025-05-25 13:31:04
C00050,4639.08,versement,FR,-0.51813,-48.449522,2025-05-25 10:05:04
C00039,811.56,paiement,DE,63.338132,-53.272524,2025-05-27 10:51:04
C00069,4492.86,versement,US,-37.419269,98.501576,2025-06-07 18:01:04
C00135,643.94,retrait,UK,-8.504798,135.273504,2025-06-03 22:07:04
C00120,4925.97,achat,FR,8.457247,111.851564,2025-05-20 00:24:04
C00024,329.41,paiement,DE,70.104189,-13.539438,2025-05-30 01:54:04
C00083,4798.88,versement,CN,-52.643282,-131.114939,2025-06-08 11:51:04
C00197,114.98,paiement,US,-8.681074,96.148244,2025-06-16 09:18:04
C00018,1556.01,virement,CN,51.615096,8.510925,2025-06-16 02:29:04
C00111,704.76,virement,IT,40.315155,119.700369,2025-05-30 05:40:04
C00163,2928.1,retrait,ES,46.213191,-75.951157,2025-05-31 21:28:04
C00097,332.5,paiement,DE,58.840825,59.008934,2025-05-30 17:40:04
C00163,4431.88,retrait,UK,-89.89268,105.273078,2025-05-25 00:40:04
C00005,4318.95,achat,IT,11.007426,-173.406104,2025-06-12 20:57:04
C00062,286.66,versement,DE,23.950842,-35.880825,2025-05-28 17:20:04
C00040,454.78,versement,UK,66.852029,-161.456387,2025-06-07 20:31:04
C00120,669.26,versement,DE,-43.167003,-52.11858,2025-06-06 19:46:04
C00061,2486.32,achat,JP,-84.889862,15.341238,2025-05-29 23:00:04
C00049,2310.34,virement,CN,-12.528972,134.543733,2025-06-07 22:14:04
C00155,2882.77,achat,DE,-85.769087,108.267061,2025-05-21 02:02:04
C00087,2453.14,paiement,UK,57.47058,-73.666197,2025-06-04 22:11:04
C00048,286.93,virement,JP,-2.562147,52.565694,2025-06-05 17:42:04
C00190,125.08,virement,ES,-66.684004,-36.47702,2025-05-22 17:45:04
C00001,4224.67,retrait,CN,57.099198,-27.407849,2025-06-08 08:28:04
C00101,4216.58,versement,IT,18.860904,-67.300477,2025-05-30 14:09:04
C00021,4014.55,paiement,FR,43.464136,-91.91246,2025-06-03 15:55:04
C00016,2351.89,achat,IT,-41.746152,24.06298,2025-06-01 08:29:04
C00104,2864.76,versement,JP,43.970687,105.947048,2025-06-03 03:32:04
C00055,2347.87,virement,CN,-51.005491,139.002558,2025-06-13 23:47:04
C00025,789.03,retrait,JP,-1.167966,177.544599,2025-05-19 07:37:04
C00026,2214.76,paiement,CN,0.149326,126.567965,2025-05-22 19:01:04
C00041,2922.46,paiement,UK,-32.002572,86.920245,2025-05-22 03:56:04
C00116,1351.42,retrait,US,15.047084,-114.487603,2025-06-12 11:16:04
C00026,460.33,retrait,US,-34.911281,-29.242742,2025-06-13 05:20:04
C00162,557.42,paiement,FR,88.30557,-23.953383,2025-06-09 11:45:04
C00097,416.63,virement,US,-22.281836,-174.630597,2025-05-20 19:38:04
C00079,1981.94,retrait,UK,-76.286481,-171.169336,2025-05-21 01:28:04
C00197,192.52,virement,DE,-3.365374,-112.790054,2025-05-20 19:33:04
C00114,4343.57,retrait,FR,75.216482,126.652026,2025-05-30 18:41:04
C00151,28.05,versement,UK,-33.042051,74.899686,2025-05-24 01:12:04
C00006,3182.41,paiement,ES,5.49464,-145.114774,2025-06-04 06:53:04
C00145,2955.62,virement,DE,8.084585,1.657856,2025-06-15 03:09:04
C00069,531.76,retrait,FR,8.782502,-65.172729,2025-05-30 14:35:04
C00034,3855.26,paiement,IT,-79.199146,-30.374283,2025-06-01 14:27:04
C00193,47.79,virement,DE,-87.818009,-53.029118,2025-06-14 00:26:04
C00091,914.63,retrait,US,24.670814,-80.198527,2025-06-05 08:41:04
C00095,994.96,versement,DE,50.19041,-158.011608,2025-06-08 15:15:04
C00169,3458.32,paiement,US,-86.783897,-59.087341,2025-06-10 20:22:04
C00042,2307.96,versement,FR,-57.573658,-170.797621,2025-05-23 02:47:04
C00161,3501.25,versement,FR,-50.808879,-3.884372,2025-05-25 17:54:04
C00093,3936.96,virement,CN,-53.637819,118.68887,2025-06-02 08:23:04
C00104,3406.53,versement,CN,42.66081,136.788221,2025-05-27 22:53:04
C00139,4969.15,paiement,DE,42.281803,-145.878656,2025-05-25 06:30:04
C00039,3511.43,virement,US,24.864411,-0.861266,2025-05-22 08:39:04
C00177,2302.39,paiement,JP,-89.149506,7.644293,2025-06-06 11:35:04
C00043,2168.01,paiement,IT,4.616666,1.762288,2025-05-18 14:28:04
C00130,4042.36,achat,IT,-34.955694,-171.154594,2025-05-20 17:55:04
C00172,2377.16,achat,UK,69.750479,-0.973017,2025-06-14 03:26:04
C00185,2014.28,versement,US,-57.47627,57.827921,2025-06-10 20:36:04
C00188,445.99,achat,FR,26.83415,111.348533,2025-06-10 07:46:04
C00021,183.09,virement,FR,-38.141326,43.644506,2025-06-16 21:14:04
C00056,3126.44,versement,FR,-87.769324,-167.254117,2025-06-02 14:22:04
C00075,2114.9,retrait,IT,45.468481,-22.992519,2025-06-03 02:50:04
C00127,4693.88,virement,UK,35.404742,-96.257174,2025-06-05 22:36:04
C00040,4547.87,virement,CN,-26.098834,-41.451362,2025-05-21 17:48:04
C00179,3563.47,achat,DE,-11.570367,-57.62258,2025-05-29 00:34:04
C00176,4312.16,achat,FR,-57.561687,22.333825,2025-06-01 00:51:04
C00072,3053.9,achat,JP,-39.74933,65.83855,2025-06-11 10:10:04
C00196,4710.83,virement,JP,-33.267178,-137.753418,2025-06-03 22:36:04
C00046,2484.79,retrait,US,82.491224,104.382138,2025-05-20 17:02:04
C00126,2617.93,paiement,IT,45.279252,85.17535,2025-06-10 09:02:04
C00090,1179.07,achat,JP,57.235344,-116.937407,2025-06-15 07:42:04
C00111,4265.83,achat,JP,-67.957915,-162.838525,2025-05-22 20:18:04
C00041,2248.57,virement,IT,48.40948,-25.778581,2025-06-15 02:20:04
C00050,4125.74,retrait,UK,16.418635,159.374488,2025-06-16 20:12:04
C00189,3699.71,virement,US,-12.423139,74.423775,2025-05-23 01:58:04
C00162,3852.26,versement,US,-85.86905,86.168756,2025-06-10 23:16:04
C00064,2062.54,paiement,IT,36.412945,-65.433585,2025-06-12 01:33:04
C00061,202.49,versement,US,80.623848,-32.624524,2025-06-04 05:26:04
C00193,621.73,achat,IT,74.858596,-117.53545,2025-06-04 06:56:04
C00194,4904.63,achat,CN,43.854443,-71.78712,2025-06-15 09:51:04
C00139,2907.07,virement,JP,-57.715611,-84.994255,2025-05-31 22:58:04
C00025,4225.3,achat,ES,89.993408,14.082365,2025-06-07 08:11:04
C00147,292.9,virement,ES,39.042359,-73.73923,2025-05-21 23:16:04
C00103,4777.87,virement,DE,-10.606315,98.332444,2025-06-14 16:41:04
C00001,2693.18,achat,IT,-5.38684,22.699078,2025-06-05 02:28:04
C00172,644.23,paiement,DE,-39.476945,-160.001337,2025-05-25 19:24:04
C00026,1877.6,versement,DE,-14.196358,-19.704893,2025-05-22 19:28:04
C00093,53.36,retrait,CN,-14.013635,-78.446666,2025-06-14 21:06:04
C00162,1455.87,paiement,IT,-89.502969,-69.944501,2025-06-06 04:17:04
C00126,3077.33,versement,US,10.438341,128.355438,2025-05-18 09:50:04
C00085,3980.77,virement,FR,-30.551693,-148.493629,2025-06-05 23:51:04
C00114,4479.07,paiement,FR,-30.610206,106.852322,2025-05-29 21:40:04
C00023,2407.52,achat,DE,-84.245755,-32.899007,2025-06-12 09:23:04
C00171,4940.79,virement,UK,2.245877,157.609744,2025-05-21 05:48:04
C00149,2111.5,virement,CN,-7.017619,-165.396224,2025-06-12 09:34:04
C00111,3997.78,paiement,ES,66.906029,-19.000315,2025-06-08 20:30:04
C00149,1762.3,achat,JP,-80.433595,58.315036,2025-06-06 16:33:04
C00116,2499.16,paiement,ES,62.946506,72.218759,2025-06-10 08:32:04
C00099,3425.22,paiement,ES,7.903521,101.492315,2025-06-01 07:47:04
C00168,1968.17,virement,CN,-89.426438,87.190557,2025-05-22 00:07:04
C00194,975.52,paiement,US,-56.187762,116.583798,2025-06-06 22:05:04
C00067,2116.88,virement,FR,-84.06573,84.818787,2025-06-12 20:59:04
C00132,4047.72,versement,JP,15.586118,-114.870385,2025-05-22 15:15:04
C00065,3923.04,paiement,ES,67.765449,53.479156,2025-05-21 10:24:04
C00059,4560.97,retrait,CN,82.797966,77.564719,2025-05-20 00:18:04
C00162,3838.87,paiement,JP,23.221107,88.636051,2025-05-19 16:25:04
C00105,3263.75,versement,JP,-0.76171,-49.014155,2025-05-27 11:46:04
C00137,1787.68,versement,IT,-17.899737,-2.816662,2025-05-20 18:43:04
C00085,4303.23,versement,CN,28.316001,77.221914,2025-06-13 00:12:04
C00158,1486.87,virement,DE,-79.51049,-124.879264,2025-06-15 06:40:04
C00030,704.39,virement,DE,72.908927,90.916788,2025-06-07 14:56:04
C00003,3312.82,virement,CN,-1.016693,-114.71965,2025-05-28 15:29:04
C00044,2036.23,versement,CN,87.611063,-94.926607,2025-05-31 16:59:04
C00181,1468.85,versement,DE,60.259302,-100.80017,2025-06-12 16:19:04
C00200,3070.14,retrait,JP,28.62812,168.176326,2025-06-03 22:49:04
C00067,3686.0,virement,IT,-12.84098,47.992735,2025-05-29 12:28:04
C00104,4901.6,paiement,US,-45.602659,-3.264697,2025-06-12 07:48:04
C00013,4092.97,retrait,DE,26.690156,97.058625,2025-06-01 23:02:04
C00128,106.66,paiement,IT,17.324312,126.106356,2025-05-22 01:49:04
C00140,2400.69,paiement,IT,55.542596,99.173681,2025-06-14 03:40:04
C00152,2774.9,paiement,IT,28.837708,67.92945,2025-05-28 05:01:04
C00023,4921.74,achat,CN,-66.196639,96.371753,2025-06-06 18:08:04
C00051,301.39,achat,CN,-55.038097,-7.774127,2025-05-23 09:40:04
C00097,3302.73,versement,IT,-32.750366,151.121546,2025-06-01 17:40:04
C00037,832.72,versement,DE,-46.727764,103.776674,2025-06-06 03:22:04
C00143,1604.45,paiement,FR,-64.957901,-78.608962,2025-05-24 14:21:04
C00106,588.76,achat,JP,-26.832054,-125.232917,2025-06-11 18:36:04
C00164,3111.53,retrait,CN,88.417579,-138.369135,2025-05-24 12:03:04
C00088,1082.98,achat,FR,55.199872,84.067059,2025-05-31 13:01:04
C00011,2181.43,retrait,FR,70.867989,179.116568,2025-06-01 20:04:04
C00165,93.97,achat,CN,-81.639441,-140.042342,2025-05-19 20:48:04
C00089,3702.22,retrait,JP,-15.322304,15.644969,2025-06-07 21:51:04
C00193,2903.23,versement,ES,-8.139972,-129.925913,2025-06-03 15:56:04
C00114,4712.65,retrait,JP,59.729902,118.929345,2025-05-19 05:50:04
C00200,599.36,virement,UK,31.249842,-58.136495,2025-06-01 18:05:04
C00020,2584.42,paiement,FR,49.209447,39.306402,2025-05-22 04:12:04
C00116,2894.54,achat,FR,-45.249314,100.030856,2025-06-13 17:17:04
C00084,1993.84,retrait,ES,-27.339024,-34.565017,2025-06-10 04:54:04
C00129,1804.33,retrait,US,88.143072,92.187275,2025-05-28 08:06:04
C00107,4665.01,paiement,DE,-24.41758,101.386799,2025-06-11 15:35:04
C00124,2430.57,virement,UK,-51.551685,118.579323,2025-05-22 13:40:04
C00031,4551.3,retrait,IT,-38.369369,-6.829919,2025-05-30 23:11:04
C00003,2896.0,versement,FR,-47.291882,-127.054276,2025-06-04 01:56:04
C00078,474.94,virement,UK,66.411133,171.814818,2025-05-25 20:57:04
C00139,522.3,retrait,UK,-23.492606,53.856423,2025-05-29 12:30:04
C00133,3510.63,virement,CN,86.949268,106.41902,2025-06-02 10:41:04
C00122,4219.01,paiement,IT,-64.058712,-88.959702,2025-05-31 13:33:04
C00158,1911.11,virement,JP,-46.274543,-108.521339,2025-05-24 18:18:04
C00182,3673.56,retrait,IT,17.050175,170.309751,2025-06-05 10:04:04
C00095,1299.58,paiement,ES,-16.585106,1.024236,2025-05-31 02:26:04
C00113,656.18,paiement,DE,60.677753,29.939653,2025-06-16 10:38:04
C00197,983.83,virement,ES,-89.881021,33.576234,2025-06-13 23:30:04
C00181,1199.76,virement,FR,1.94706,-78.935517,2025-05-24 14:11:04
C00152,1356.62,versement,ES,37.394215,30.41456,2025-06-16 03:46:04
C00030,661.53,versement,US,-9.150492,116.383717,2025-05-28 20:30:04
C00064,2027.0,achat,FR,59.305454,46.26263,2025-06-11 12:37:04
C00025,75.05,paiement,JP,22.458174,-74.918507,2025-06-16 03:02:04
C00132,1325.85,versement,ES,49.426005,31.609068,2025-06-11 13:52:04
C00112,503.48,retrait,CN,-2.785826,128.144964,2025-05-30 01:54:04
C00174,4952.77,retrait,IT,-5.572122,136.698029,2025-05-19 22:09:04
C00076,1187.72,retrait,FR,-87.142042,36.288155,2025-05-24 12:53:04
C00107,3353.45,versement,US,-61.674439,78.434671,2025-05-30 04:03:04
C00049,4393.56,paiement,ES,-33.315621,-4.170102,2025-05-30 12:11:04
C00029,3460.62,achat,CN,-68.686578,52.273552,2025-05-31 15:15:04
C00044,4301.04,virement,DE,-45.283876,-140.451512,2025-06-09 04:55:04
C00168,655.77,virement,UK,63.939716,36.182609,2025-05-21 19:51:04
C00025,3758.38,virement,UK,-77.01658,10.399481,2025-06-08 23:23:04
C00191,1086.25,paiement,DE,-68.956767,140.396513,2025-05-23 01:37:04
C00170,1907.29,versement,JP,-81.846533,-118.248469,2025-06-09 04:43:04
C00033,968.4,achat,UK,-12.838142,-26.017551,2025-05-31 21:38:04
C00177,4077.3,versement,ES,-55.979512,34.500538,2025-05-27 14:24:04
C00152,2017.04,virement,JP,60.823657,128.634494,2025-05-23 04:12:04
C00111,981.66,paiement,ES,-40.621499,-79.67994,2025-06-04 11:37:04
C00169,4283.52,paiement,US,-78.49804,109.623229,2025-05-18 18:52:04
C00095,4478.9,achat,UK,-74.797261,-20.426196,2025-06-02 16:06:04
C00024,3650.73,versement,DE,14.415327,-51.919858,2025-06-05 06:31:04
C00188,1190.7,paiement,US,74.030722,-177.070136,2025-05-25 03:32:04
C00158,3499.58,achat,ES,33.86858,129.587115,2025-05-29 10:26:04
C00112,590.27,achat,UK,-51.328517,98.610637,2025-06-03 08:19:04
C00024,2460.03,virement,JP,24.151591,53.666969,2025-06-14 16:08:04
C00097,2400.25,paiement,US,40.678781,-28.451026,2025-06-03 07:56:04
C00042,4618.44,paiement,CN,17.505129,-61.941152,2025-05-30 11:27:04
C00060,3874.16,retrait,DE,47.215168,-27.934775,2025-06-08 04:11:04
C00048,3871.45,versement,IT,-35.237306,164.332609,2025-05-23 09:20:04
C00168,3270.55,achat,US,76.448199,175.60855,2025-06-11 10:32:04
C00127,2460.66,versement,IT,2.262084,171.96549,2025-05-27 07:11:04
C00165,1684.07,paiement,CN,89.767298,168.394012,2025-06-11 22:06:04
C00013,4098.6,achat,IT,37.403053,-146.758243,2025-06-10 15:48:04
C00123,769.03,achat,IT,-46.898625,-151.75046,2025-06-04 06:38:04
C00092,2580.31,achat,IT,86.552024,48.633652,2025-06-08 07:37:04
C00085,3994.89,versement,ES,-16.594007,11.134133,2025-06-02 18:00:04
C00199,2263.55,paiement,JP,35.53817,155.007878,2025-05-22 08:48:04
C00025,1647.08,virement,ES,80.044447,155.924669,2025-06-02 06:55:04
C00082,3880.64,versement,DE,-14.226674,-128.113875,2025-05-25 21:11:04
C00096,3781.55,retrait,DE,-78.9418,168.000141,2025-05-20 10:35:04
C00063,3792.06,virement,CN,-35.435892,-22.080552,2025-06-08 22:47:04
C00187,3936.12,retrait,IT,-23.489463,20.63939,2025-05-24 23:12:04
C00171,4823.28,paiement,CN,-23.535246,-94.951625,2025-05-29 04:15:04
C00039,2969.74,paiement,DE,-70.80407,-63.521827,2025-06-15 09:22:04
C00054,408.62,achat,JP,-26.659247,25.361679,2025-06-03 15:14:04
C00115,3197.48,paiement,DE,-14.252115,-121.21201,2025-06-04 13:10:04
C00067,4196.28,paiement,UK,70.758637,179.86396,2025-06-03 03:56:04
C00008,4569.59,versement,CN,21.534177,22.785075,2025-05-27 08:00:04
C00052,4945.97,paiement,IT,-62.493917,55.955054,2025-05-27 02:14:04
C00007,4413.88,achat,DE,-12.033908,87.71882,2025-06-16 11:08:04
C00018,133.15,retrait,FR,10.280727,-133.611083,2025-06-04 22:35:04
C00082,2617.64,virement,FR,-84.220216,-129.560721,2025-06-06 02:26:04
C00098,3686.5,retrait,FR,-50.322661,-136.47383,2025-05-19 10:15:04
C00118,2806.56,achat,IT,62.737481,48.345955,2025-05-26 11:22:04
C00053,3767.48,paiement,DE,37.939995,-52.263499,2025-06-07 09:51:04
C00200,3229.06,paiement,DE,-5.603109,-163.201823,2025-06-14 02:51:04
C00072,1449.21,virement,CN,-57.473898,42.751734,2025-05-30 15:07:04
C00185,338.12,virement,US,72.487573,58.725096,2025-05-20 06:59:04
C00109,4864.7,virement,UK,-33.342943,122.893149,2025-05-22 17:07:04
C00058,3827.35,retrait,IT,76.09086,-57.961262,2025-06-01 18:17:04
C00147,4377.44,retrait,CN,-64.362396,128.005296,2025-05-27 14:25:04
C00032,3216.66,versement,JP,4.359182,-70.366392,2025-05-22 21:08:04
C00175,2817.3,retrait,JP,-1.299514,146.564382,2025-06-13 18:42:04
C00077,3510.03,achat,FR,40.243934,-112.080106,2025-05-18 08:27:04
C00193,1701.45,achat,JP,-67.59522,52.927808,2025-06-02 20:54:04
C00066,3976.12,virement,IT,-57.401261,148.709446,2025-05-31 18:20:04
C00119,3184.42,paiement,DE,29.254811,78.531147,2025-06-09 16:24:04
C00007,3194.42,achat,CN,23.259006,-35.387066,2025-05-20 06:28:04
C00127,4074.41,achat,CN,0.195904,93.924034,2025-05-21 09:59:04
C00100,1704.87,virement,IT,-27.899022,164.398716,2025-05-23 04:25:04
C00197,2064.2,virement,FR,-62.435779,-18.262445,2025-06-12 13:10:04
C00049,4177.96,versement,FR,-40.975667,-164.030871,2025-06-16 22:03:04
C00113,61.01,achat,IT,52.523223,90.413359,2025-06-03 07:51:04
C00033,168.26,versement,ES,-88.393632,-76.8591,2025-06-16 20:58:04
C00151,1229.47,paiement,JP,66.845103,47.710654,2025-06-13 04:04:04
C00069,1656.49,achat,IT,-83.484702,-147.49466,2025-05-24 04:02:04
C00194,784.07,retrait,ES,38.778172,136.003902,2025-06-05 04:39:04
C00193,4349.23,retrait,CN,39.096746,68.585015,2025-06-06 02:05:04
C00130,102.91,retrait,DE,-45.078108,3.573457,2025-06-16 17:44:04
C00107,239.51,virement,DE,49.850903,-119.653952,2025-06-02 08:13:04
C00199,130.64,paiement,FR,-84.905292,-110.232917,2025-05-30 17:54:04
C00067,3515.91,virement,FR,0.20852,-105.470109,2025-05-27 07:35:04
C00188,3850.51,paiement,CN,70.06202,73.472003,2025-05-27 02:14:04
C00131,3702.15,versement,US,-52.101685,-2.14821,2025-06-04 00:54:04
C00048,4621.9,retrait,ES,85.072891,75.135616,2025-05-21 05:26:04
C00060,2122.26,achat,DE,61.287798,-91.844143,2025-06-10 21:13:04
C00009,4669.34,retrait,ES,-21.415499,53.902144,2025-05-18 15:21:04
C00012,1582.08,virement,JP,-1.21355,13.241078,2025-05-24 19:54:04
C00182,3287.78,achat,IT,48.497743,153.431139,2025-06-04 00:41:04
C00024,2300.49,virement,CN,59.214307,-157.240074,2025-05-22 23:39:04
C00005,3101.26,paiement,US,-49.164546,74.9537,2025-05-27 11:02:04
C00189,1530.52,versement,FR,-80.444734,40.70915,2025-06-02 09:04:04
C00042,1866.08,versement,JP,82.240928,-119.368364,2025-05-26 21:47:04
C00189,1258.71,retrait,ES,56.445053,176.341796,2025-05-18 03:06:04
C00093,648.07,paiement,FR,16.239945,-37.359973,2025-06-12 11:04:04
C00167,2415.21,achat,US,75.015545,-126.102604,2025-05-22 12:48:04
C00058,4179.21,retrait,US,69.128773,134.534619,2025-05-26 10:56:04
C00010,3501.0,retrait,UK,-38.923361,-6.136805,2025-06-10 23:35:04
C00101,1576.06,paiement,DE,0.633669,-153.521428,2025-05-18 00:33:04
C00034,368.76,virement,CN,63.575922,0.995648,2025-05-19 03:30:04
C00010,1513.23,versement,UK,-87.08161,-46.117546,2025-05-27 04:49:04
C00011,2443.23,retrait,FR,62.885503,-172.87616,2025-05-24 02:12:04
C00047,1005.48,achat,FR,-59.827376,-74.126746,2025-06-05 07:58:04
C00197,1179.05,versement,US,87.576414,153.735114,2025-05-21 12:55:04
C00152,122.14,virement,DE,57.470292,104.769689,2025-05-30 19:51:04
C00093,632.99,virement,IT,8.84726,-173.106601,2025-06-06 04:54:04
C00080,1666.04,paiement,DE,-50.516402,45.189286,2025-06-08 21:59:04
C00112,1876.15,achat,CN,-22.820225,38.18849,2025-05-21 06:50:04
C00119,354.53,virement,IT,-74.334081,-107.11109,2025-06-04 04:00:04
C00112,501.47,versement,US,-48.931495,-53.289067,2025-06-14 01:23:04
C00050,1734.48,versement,DE,64.799921,5.654281,2025-06-13 13:34:04
C00184,2305.34,achat,IT,-48.932012,-94.68557,2025-06-12 23:12:04
C00096,2706.69,paiement,CN,-84.825392,-32.244221,2025-06-09 23:23:04
C00040,4008.6,achat,US,78.934914,94.680905,2025-05-22 01:20:04
C00195,2812.19,achat,FR,23.076459,149.941123,2025-05-29 18:30:04
C00188,2037.92,achat,US,43.464036,87.808649,2025-06-13 01:01:04
C00161,4343.98,achat,JP,-15.476929,-179.273902,2025-06-11 23:31:04
C00124,3821.52,retrait,IT,16.989577,141.562221,2025-06-03 14:42:04
C00151,3656.17,versement,DE,-16.712177,174.720654,2025-05-26 06:30:04
C00178,1998.71,retrait,IT,0.874952,-108.544745,2025-05-27 01:14:04
C00080,4613.31,retrait,JP,37.483467,-107.147108,2025-06-13 10:20:04
C00112,4499.78,versement,JP,80.917529,106.072176,2025-05-20 08:12:04
C00062,2456.62,retrait,UK,50.718577,158.32941,2025-05-25 20:45:04
C00004,3920.23,paiement,CN,7.699336,-160.28751,2025-05-23 22:03:04
C00153,4400.3,versement,IT,-45.095747,77.849468,2025-06-03 17:29:04
C00196,916.71,virement,JP,-42.174335,-115.844244,2025-05-21 01:17:04
C00050,1200.72,versement,IT,10.623452,-165.694477,2025-06-07 01:04:04
C00106,2792.47,retrait,US,-37.763509,143.100098,2025-05-27 18:51:04
C00160,4902.13,achat,US,40.531169,110.669668,2025-06-05 00:55:04
C00070,4841.61,retrait,CN,-53.978374,50.847661,2025-06-03 13:33:04
C00011,1889.0,achat,DE,64.032993,-47.310127,2025-06-13 06:43:04
C00067,3425.17,paiement,CN,-72.692273,20.913594,2025-06-14 04:47:04
C00153,4982.02,virement,JP,80.894724,-174.272462,2025-05-19 03:01:04
C00084,449.05,paiement,US,-41.447789,81.512617,2025-05-29 22:47:04
C00043,669.01,paiement,FR,-31.40173,5.115097,2025-05-28 13:26:04
C00105,2456.7,achat,US,-65.658571,28.735032,2025-06-06 17:47:04
C00058,425.38,achat,UK,45.096331,105.238639,2025-06-08 22:24:04
C00131,3055.47,paiement,US,-56.375892,135.270553,2025-06-16 09:38:04
C00090,3640.79,paiement,DE,-29.319266,-149.576637,2025-06-02 20:41:04
C00008,3573.14,retrait,ES,-77.49857,-31.25929,2025-05-19 08:13:04
C00120,2276.57,retrait,FR,-45.631067,50.521197,2025-05-22 07:17:04
C00122,2856.54,paiement,ES,-17.474943,55.827062,2025-05-27 22:30:04
C00146,4988.03,retrait,UK,37.62571,138.610197,2025-05-20 17:01:04
C00160,4722.33,achat,JP,-87.896208,-28.151895,2025-05-30 20:03:04
C00152,1008.03,retrait,IT,42.284502,152.484908,2025-06-13 01:27:04
C00034,3025.27,achat,IT,69.07946,-97.525465,2025-06-11 10:01:04
C00020,3975.72,achat,UK,-22.863228,-2.946506,2025-05-23 16:10:04
C00110,3406.03,versement,FR,8.696661,-136.260059,2025-05-26 15:48:04
C00126,2211.84,retrait,CN,61.39922,174.270488,2025-05-26 06:42:04
C00120,4172.87,achat,ES,73.879185,75.10922,2025-06-07 19:06:04
C00098,4513.44,paiement,DE,8.01774,101.37599,2025-06-05 03:42:04
C00172,3217.11,paiement,FR,-61.998489,151.877132,2025-06-07 07:45:04
C00123,289.07,versement,US,-0.13639,126.33901,2025-06-09 05:18:04
C00143,2383.43,paiement,CN,84.926052,-65.474807,2025-06-11 17:40:04
C00148,1015.34,retrait,US,-22.140862,-3.89035,2025-06-10 16:10:04
C00127,4515.48,versement,FR,69.720262,-105.921126,2025-06-07 08:46:04
C00031,272.19,achat,DE,-50.203761,11.096528,2025-05-23 17:03:04
C00100,1046.92,retrait,JP,-31.316959,-104.48354,2025-05-29 02:53:04
C00131,871.93,versement,UK,62.322474,-100.44079,2025-06-15 13:17:04
C00041,1525.55,achat,ES,-39.989005,-120.173574,2025-06-13 22:25:04
C00034,3651.55,paiement,IT,18.174117,6.828247,2025-06-05 08:55:04
C00079,1073.41,versement,DE,70.37526,-66.343331,2025-05-21 18:25:04
C00106,3234.24,retrait,CN,-76.496756,13.691943,2025-05-20 09:00:04
C00032,4960.95,virement,CN,58.739906,134.798458,2025-06-16 17:00:04
C00022,4455.65,paiement,UK,-60.586293,152.960639,2025-06-06 04:52:04
C00123,4713.53,versement,UK,61.156669,-40.609576,2025-06-13 08:27:04
C00196,153.49,paiement,UK,-21.089986,-0.755192,2025-05-28 07:35:04
C00122,1773.27,virement,UK,69.347853,-148.047305,2025-06-03 07:07:04
C00067,4151.49,virement,CN,28.569003,-100.218538,2025-06-13 15:26:04
C00046,936.61,retrait,FR,-22.522212,23.961476,2025-06-07 00:49:04
C00078,3890.93,paiement,ES,38.587578,113.646186,2025-05-25 07:35:04
C00040,4873.84,virement,FR,84.020792,29.535945,2025-05-24 03:03:04
C00107,694.47,virement,IT,5.234833,-173.279517,2025-06-11 17:17:04
C00028,3328.14,retrait,ES,21.084005,137.821653,2025-06-06 05:37:04
C00001,4094.54,retrait,UK,-74.412287,166.951185,2025-05-25 14:59:04
C00182,807.57,retrait,US,53.83048,150.152662,2025-05-27 01:56:04
C00046,1228.1,retrait,ES,-51.272734,32.470596,2025-06-07 17:45:04
C00112,523.99,versement,UK,61.299519,-135.301929,2025-05-31 21:28:04
C00027,928.75,paiement,IT,61.904583,-161.402019,2025-06-14 09:11:04
C00042,2164.62,paiement,US,56.718607,-3.750582,2025-05-20 09:47:04
C00091,1073.57,retrait,IT,11.913629,120.597324,2025-06-02 00:39:04
C00080,1136.32,versement,CN,11.864461,179.197667,2025-05-30 18:51:04
C00031,720.97,retrait,DE,-34.24233,67.507185,2025-05-27 22:48:04
C00140,4826.86,virement,IT,-70.876729,27.471881,2025-06-01 16:00:04
C00057,2954.32,versement,FR,-73.913625,-42.626457,2025-05-22 08:29:04
C00094,1503.96,achat,ES,-76.805759,-18.63263,2025-05-21 07:37:04
C00081,4200.53,achat,US,-75.417538,-175.927165,2025-05-19 22:18:04
C00148,1159.01,virement,ES,-83.745775,111.337475,2025-06-04 12:06:04
C00163,3723.84,retrait,US,72.989269,-62.472121,2025-05-22 10:23:04
C00089,3200.52,virement,UK,-70.39447,-148.489126,2025-05-28 07:13:04
C00063,1082.88,virement,JP,40.396601,-163.190034,2025-06-05 10:50:04
C00064,4379.84,achat,CN,32.756701,118.832676,2025-06-15 13:15:04
C00129,4904.86,versement,US,-1.389075,166.013156,2025-05-25 11:02:04
C00105,2974.17,paiement,JP,-53.389463,-62.134214,2025-06-03 18:30:04
C00038,3264.81,retrait,US,73.953033,-174.898897,2025-05-26 11:59:04
C00068,1415.28,versement,UK,-25.502608,8.189645,2025-06-09 10:24:04
C00093,1781.63,retrait,FR,-79.753623,-18.829564,2025-06-13 03:56:04
C00033,4455.63,versement,FR,-67.711545,-126.252924,2025-06-01 03:16:04
C00054,3486.0,virement,FR,-4.614084,-76.830485,2025-05-25 14:33:04
C00074,4949.08,paiement,JP,-7.645908,98.189531,2025-06-03 14:06:04
C00159,718.17,virement,FR,32.208261,-24.481252,2025-05-25 10:16:04
C00034,3501.87,virement,DE,-44.977387,111.678805,2025-06-08 00:16:04
C00090,2428.83,virement,US,67.507835,-57.667922,2025-05-19 19:35:04
C00161,3755.19,achat,IT,75.794266,-102.515408,2025-06-02 16:22:04
C00188,1992.12,achat,DE,10.93578,17.241928,2025-05-28 04:02:04
C00110,2790.06,achat,ES,46.39026,-13.020683,2025-06-05 20:38:04
C00171,4396.84,versement,US,78.257906,-51.479976,2025-05-22 11:16:04
C00024,1961.02,paiement,US,38.346367,10.323548,2025-06-08 07:01:04
C00127,4668.11,retrait,ES,-76.914801,-148.126926,2025-06-02 21:31:04
C00105,1671.24,retrait,IT,6.798432,97.512303,2025-05-22 18:20:04
C00083,3221.64,paiement,CN,23.089797,-109.916845,2025-05-30 05:05:04
C00161,1718.68,versement,US,-83.889211,43.861376,2025-05-29 13:12:04
C00031,2397.07,paiement,FR,3.151819,175.507174,2025-05-23 23:54:04
C00122,83.81,virement,IT,-35.882544,-28.643682,2025-05-25 15:59:04
C00027,45.55,retrait,ES,58.3255,70.892957,2025-05-29 00:21:04
C00066,2317.18,versement,IT,63.422106,-127.752673,2025-05-19 11:13:04
C00122,2631.0,achat,FR,63.26235,12.496959,2025-05-31 19:47:04
C00004,1457.59,retrait,FR,-47.255795,-116.999648,2025-06-08 04:29:04
C00012,2148.99,virement,CN,-80.362845,114.030862,2025-05-31 20:14:04
C00148,301.29,achat,US,37.733346,-111.623623,2025-06-05 11:20:04
C00098,291.45,achat,IT,7.333361,-2.373219,2025-06-09 11:01:04
C00139,2441.72,virement,JP,-19.245779,-55.064506,2025-06-01 22:56:04
C00164,1144.28,virement,ES,-19.70869,-101.374139,2025-05-25 20:08:04
C00051,4955.27,achat,CN,65.351786,10.033405,2025-05-24 22:37:04
C00002,1975.3,virement,UK,28.901253,-63.873763,2025-05-18 00:04:04
C00003,3665.77,paiement,CN,-81.499363,153.940041,2025-06-12 16:42:04
C00189,4616.77,retrait,JP,-79.586368,-4.528848,2025-05-25 05:34:04
C00142,2532.48,retrait,CN,-74.700123,-13.161098,2025-06-13 07:04:04
C00020,1373.83,achat,US,-52.032948,91.993217,2025-06-08 09:42:04
C00007,4958.13,virement,ES,-46.644264,-24.023535,2025-06-11 02:18:04
C00153,3854.91,versement,ES,82.30222,-161.011718,2025-05-22 02:07:04
C00025,964.82,achat,CN,1.191194,69.45885,2025-06-14 23:21:04
C00052,3389.22,achat,CN,20.840748,44.264178,2025-05-31 10:07:04
C00078,2790.21,achat,JP,0.028864,45.020621,2025-05-19 00:23:04
C00092,2946.76,retrait,US,35.932353,89.147098,2025-05-31 11:01:04
C00134,3644.98,paiement,UK,-84.502657,-174.177181,2025-05-29 17:00:04
C00105,4631.28,virement,FR,-2.978481,-172.927242,2025-06-10 17:05:04
C00004,4109.45,retrait,US,-10.839238,-74.015285,2025-06-15 04:42:04
C00152,4488.91,paiement,US,-58.176482,161.776302,2025-05-28 05:17:04
C00164,496.2,achat,CN,-57.978062,69.417482,2025-06-06 17:51:04
C00145,108.31,achat,JP,-52.400243,-153.566768,2025-05-25 20:38:04
C00005,2361.16,achat,FR,53.201209,110.403831,2025-06-05 02:49:04
C00143,2205.51,virement,IT,-51.241518,62.590357,2025-06-03 00:29:04
C00126,3473.98,virement,DE,21.173574,-109.71584,2025-06-14 03:49:04
C00083,3019.54,paiement,FR,70.028705,-131.700101,2025-05-23 15:59:04
C00005,2467.01,paiement,CN,-89.502293,63.15365,2025-06-05 10:10:04
C00140,3156.54,virement,IT,-71.074515,-123.462686,2025-06-10 03:32:04
C00173,1178.67,versement,JP,-32.459725,21.146245,2025-05-28 14:02:04
C00081,3929.01,versement,JP,-27.35369,16.250049,2025-05-28 00:04:04
C00028,4620.49,achat,DE,27.65533,99.615062,2025-05-23 05:02:04
C00131,3176.89,achat,UK,59.957669,19.717401,2025-05-23 14:18:04
C00070,4942.42,virement,CN,84.101962,-142.660542,2025-05-20 16:57:04
C00007,144.17,achat,IT,42.925716,-81.914028,2025-06-07 01:06:04
C00053,4125.92,achat,US,25.406965,88.116551,2025-06-12 13:10:04
C00031,2126.45,virement,CN,83.147073,-76.937569,2025-05-29 22:34:04
C00009,1771.43,paiement,FR,82.021441,39.09217,2025-05-22 12:48:04
C00059,1841.09,virement,US,-23.257279,-177.280282,2025-05-28 06:18:04
C00129,2129.58,retrait,ES,65.811869,-67.616438,2025-05-31 11:39:04
C00022,1686.98,paiement,UK,-68.825922,105.45859,2025-05-30 14:42:04
C00118,579.55,versement,ES,-41.803882,177.347106,2025-05-23 23:42:04
C00054,2434.9,retrait,IT,-45.310693,58.579669,2025-06-03 08:30:04
C00190,1935.07,paiement,DE,-19.858761,42.34245,2025-06-07 14:26:04
C00044,1875.81,paiement,FR,57.765027,-92.224425,2025-06-15 01:45:04
C00136,509.22,retrait,ES,-20.71862,142.953894,2025-06-08 11:36:04
C00184,248.93,retrait,US,14.189163,-147.192056,2025-06-14 06:23:04
C00104,3680.64,paiement,FR,80.782074,-150.575591,2025-05-20 06:12:04
C00098,3359.92,virement,DE,65.459684,-113.537343,2025-06-14 10:02:04
C00191,4234.03,virement,UK,-80.999184,144.160839,2025-05-24 08:33:04
C00111,3917.29,versement,US,54.875661,32.190059,2025-05-23 21:58:04
C00016,2051.4,achat,DE,-74.197843,78.548952,2025-05-24 18:38:04
C00066,3698.96,paiement,CN,-88.62424,-163.529946,2025-06-07 22:58:04
C00137,658.63,paiement,US,-21.573162,-168.011399,2025-05-28 13:48:04
C00076,3942.43,achat,CN,-48.017678,-167.906868,2025-05-19 19:34:04
C00021,1588.93,versement,UK,89.145585,176.606823,2025-05-28 05:45:04
C00095,941.95,virement,UK,72.271364,-30.77052,2025-05-24 12:46:04
C00105,3851.72,paiement,US,-60.15468,-157.925137,2025-05-26 08:05:04
C00033,706.1,versement,JP,-86.88787,163.042381,2025-05-26 14:17:04
C00083,728.1,versement,DE,-49.208081,177.886298,2025-05-26 08:59:04
C00046,4819.0,retrait,JP,-85.360287,16.775038,2025-05-21 12:59:04
C00012,2437.73,versement,FR,16.308863,81.993218,2025-06-04 18:22:04
C00178,990.57,paiement,ES,80.1006,-164.045394,2025-06-14 15:15:04
C00148,1358.03,virement,ES,-89.476226,-148.764197,2025-06-08 09:22:04
C00101,4648.67,versement,ES,1.328994,-53.429059,2025-06-05 21:27:04
C00200,1738.32,retrait,US,34.092398,-124.458753,2025-05-31 02:10:04
C00070,1357.47,retrait,US,50.134263,-171.926942,2025-05-30 08:11:04
C00065,4889.31,versement,UK,9.562758,76.835909,2025-05-24 09:37:04
C00163,4358.97,paiement,US,-77.214421,-130.524942,2025-05-18 06:01:04
C00021,2708.87,retrait,DE,-67.55194,-81.672409,2025-05-21 14:28:04
C00104,321.95,versement,US,-18.394187,-34.388183,2025-06-16 04:52:04
C00045,2112.55,versement,JP,81.614366,-157.912602,2025-05-20 03:11:04
C00018,4506.8,paiement,DE,-54.360362,-68.740209,2025-06-16 18:20:04
C00181,4400.43,achat,UK,61.774505,-97.74916,2025-06-09 04:47:04
C00072,2313.61,paiement,UK,-46.309189,-95.715033,2025-06-02 04:47:04
C00113,581.85,achat,UK,-46.637858,-129.309593,2025-06-10 18:52:04
C00073,1720.34,achat,JP,53.771253,143.24698,2025-05-30 06:41:04
C00028,4138.05,virement,US,61.801805,-10.227444,2025-05-24 06:18:04
C00086,156.15,virement,UK,58.236061,-114.604159,2025-05-27 13:24:04
C00140,1498.75,achat,UK,-27.614597,-174.658549,2025-06-01 08:21:04
C00047,1855.23,versement,JP,-56.742519,-28.632059,2025-06-15 00:59:04
C00058,1753.42,versement,CN,71.010241,-173.237315,2025-06-11 09:31:04
C00135,2797.4,paiement,US,-87.145265,-168.95227,2025-05-26 19:01:04
C00174,2615.06,retrait,JP,33.208223,-33.358314,2025-05-27 00:10:04
C00141,4654.12,virement,CN,53.246811,108.472885,2025-06-15 04:01:04
C00105,2831.1,paiement,US,-23.204255,-45.492634,2025-05-20 06:52:04
C00104,3783.16,retrait,CN,-51.47266,-175.8026,2025-05-21 04:15:04
C00193,2008.5,versement,UK,88.209717,34.353331,2025-05-21 09:55:04
C00011,764.03,paiement,US,-59.213667,145.829773,2025-06-05 05:33:04
C00054,1060.41,retrait,JP,3.068191,60.149405,2025-05-22 21:39:04
C00139,4961.94,versement,CN,-6.59282,14.258168,2025-06-04 12:26:04
C00052,1732.73,paiement,CN,59.763311,-70.108644,2025-06-02 17:09:04
C00182,1863.55,paiement,US,-9.11101,-66.454569,2025-06-09 07:11:04
C00133,4927.95,virement,FR,8.126492,77.230083,2025-06-11 15:40:04
C00178,2112.41,versement,FR,-21.412896,-26.137343,2025-06-16 04:08:04
C00084,4920.4,retrait,IT,-70.99196,-127.191022,2025-06-16 02:29:04
C00089,212.02,versement,UK,-76.373033,145.47382,2025-06-06 02:13:04
C00008,375.26,paiement,DE,54.262961,105.46701,2025-06-11 16:06:04
C00021,3937.61,versement,ES,-43.081563,5.854257,2025-05-28 02:05:04
C00067,266.48,retrait,UK,11.952884,-159.118901,2025-06-08 11:37:04
C00036,777.64,virement,UK,-2.270961,57.795949,2025-05-18 02:48:04
C00024,116.65,achat,US,43.707127,107.249539,2025-06-09 11:17:04
C00147,3582.76,versement,US,28.990093,10.794891,2025-05-28 07:48:04
C00156,2858.34,versement,IT,32.102127,111.589985,2025-06-13 06:11:04
C00101,4106.51,achat,JP,28.82237,-57.311199,2025-06-07 22:44:04
C00009,4846.78,versement,ES,-45.670803,-74.262203,2025-06-15 18:06:04
C00002,3836.34,virement,JP,-84.631021,-177.42814,2025-06-03 16:32:04
C00192,3913.29,achat,JP,32.498593,150.909941,2025-05-22 23:45:04
C00023,2790.68,retrait,CN,37.079568,-68.156153,2025-05-19 01:57:04
C00118,482.29,achat,UK,-45.822397,-144.897206,2025-05-19 11:57:04
C00116,1017.24,achat,UK,-70.562775,42.700724,2025-06-01 04:51:04
C00165,676.78,achat,US,-18.32019,30.664498,2025-06-08 14:21:04
C00038,4197.53,achat,US,74.788539,167.232768,2025-05-25 18:57:04
C00066,4675.52,retrait,ES,-43.936926,47.963649,2025-06-06 04:37:04
C00083,1165.67,achat,IT,71.354619,-92.398966,2025-06-04 05:54:04
C00170,2758.62,virement,UK,-9.353632,-172.771541,2025-05-23 14:00:04
C00102,3010.61,virement,IT,-67.353427,13.914184,2025-05-23 14:17:04
C00040,4203.65,virement,FR,-86.028802,-30.378589,2025-06-11 14:59:04
C00184,3883.08,retrait,FR,60.497048,-86.62226,2025-05-21 10:43:04
C00198,4304.44,achat,IT,-0.093872,143.454168,2025-05-20 18:37:04
C00060,4678.4,virement,DE,-61.387471,60.331097,2025-05-28 23:18:04
C00068,1896.74,versement,IT,8.821664,-29.326581,2025-05-22 19:24:04
C00118,3891.41,versement,JP,-71.46989,146.79035,2025-05-18 21:16:04
C00072,2415.21,virement,US,-75.198743,12.066425,2025-05-18 13:58:04
C00074,4559.97,paiement,US,-36.284884,-144.488757,2025-06-03 13:39:04
C00074,168.48,retrait,DE,69.692603,-124.370171,2025-06-02 10:59:04
C00177,1025.51,virement,IT,58.99174,61.540635,2025-05-29 13:31:04
C00012,3619.48,achat,JP,22.585308,19.774835,2025-06-08 01:27:04
C00157,1062.39,paiement,IT,89.428546,-155.181668,2025-06-02 14:29:04
C00113,703.44,achat,FR,-43.733988,28.259449,2025-05-22 09:31:04
C00027,2807.71,virement,FR,-66.295001,80.237289,2025-06-13 23:21:04
C00117,2341.02,versement,IT,71.482124,19.823103,2025-05-19 10:54:04
C00009,3349.11,versement,IT,-44.855683,111.152344,2025-05-24 00:03:04
C00081,2226.2,achat,CN,36.445616,-138.389471,2025-05-26 13:38:04
C00153,3770.82,virement,FR,60.607511,75.29971,2025-05-20 13:11:04
C00197,337.43,paiement,US,-47.424369,164.43574,2025-06-04 17:11:04
C00103,542.04,achat,US,-22.626736,-17.166143,2025-06-08 18:12:04
C00118,706.95,virement,ES,80.970864,-147.494923,2025-06-09 22:52:04
C00070,4056.98,virement,ES,-78.118369,-27.310395,2025-06-12 00:57:04
C00163,2800.04,paiement,ES,71.410727,-149.680302,2025-06-01 19:56:04
C00086,855.89,versement,UK,15.85941,-151.550578,2025-05-19 21:40:04
C00025,708.86,achat,FR,-73.43596,-7.12948,2025-05-26 23:18:04
C00140,3765.09,virement,IT,-53.597216,80.758105,2025-05-25 05:56:04
C00087,2303.08,versement,DE,-30.554916,-93.137301,2025-06-13 02:05:04
C00123,2127.75,virement,US,-71.119827,-157.757466,2025-06-14 00:02:04
C00092,501.67,achat,ES,84.47795,177.30932,2025-06-15 18:51:04
C00056,2075.63,retrait,US,-13.595764,-62.862503,2025-06-16 00:40:04
C00045,212.4,virement,DE,25.180974,6.544868,2025-05-28 17:00:04
C00013,1041.28,retrait,IT,-13.142007,-135.09218,2025-06-12 16:29:04
C00029,4065.25,achat,US,75.151781,153.521408,2025-06-16 02:29:04
C00031,278.88,versement,DE,64.092786,-110.876479,2025-05-21 11:46:04
C00044,4242.1,virement,US,55.512522,-113.668238,2025-05-20 15:40:04
C00015,721.31,retrait,CN,-5.786863,147.578494,2025-05-29 17:42:04
C00047,1063.84,achat,DE,-73.154053,43.450317,2025-06-01 09:26:04
C00008,375.54,paiement,IT,-31.058684,-119.295504,2025-06-07 14:48:04
C00121,884.21,achat,DE,47.473122,-47.225385,2025-05-19 06:24:04
C00081,4013.87,versement,ES,26.127756,-24.852267,2025-06-07 11:52:04
C00051,146.93,versement,ES,-25.919498,-172.833193,2025-05-29 11:14:04
C00115,1434.53,retrait,US,23.571245,-85.3298,2025-05-26 03:51:04
C00158,3469.79,paiement,DE,45.111209,157.126793,2025-05-25 18:24:04
C00022,3005.02,virement,FR,-31.34941,43.667998,2025-06-04 02:38:04
C00038,4964.03,achat,JP,20.336625,-174.401571,2025-06-11 09:58:04
C00110,2229.45,versement,DE,68.825475,145.624348,2025-05-30 17:00:04
C00187,2301.65,virement,FR,-16.288905,6.340732,2025-06-01 02:48:04
C00042,4671.51,virement,CN,8.523287,74.40193,2025-05-25 12:56:04
C00078,2490.26,virement,US,-66.747477,-87.806247,2025-05-28 04:30:04
C00045,1578.33,achat,FR,43.890147,150.34773,2025-05-24 22:25:04
C00194,2664.92,achat,FR,-73.315425,175.93579,2025-06-11 03:59:04
C00195,196.98,retrait,US,-75.443332,-148.41181,2025-05-24 15:22:04
C00046,4420.25,versement,UK,-23.385491,-1.317949,2025-06-11 22:23:04
C00095,4798.45,achat,IT,-66.850947,-156.812362,2025-05-23 02:15:04
C00001,3610.64,paiement,ES,57.379983,49.540588,2025-06-11 06:23:04
C00023,1946.41,achat,US,-59.333799,128.613723,2025-05-18 22:23:04
C00118,3247.71,versement,US,39.784338,-21.475695,2025-05-21 13:55:04
C00018,2212.93,versement,JP,59.125926,69.639411,2025-05-19 10:08:04
C00022,4824.99,versement,DE,-65.101809,-36.834455,2025-06-12 22:28:04
C00094,1349.7,versement,UK,-80.087539,-4.099747,2025-06-16 00:20:04
C00180,2242.94,virement,UK,-21.285138,94.361436,2025-06-11 05:11:04
C00008,3776.97,versement,IT,24.174595,-149.755963,2025-06-13 13:46:04
C00093,690.04,virement,DE,7.930851,138.081623,2025-05-21 17:26:04
C00172,1512.48,paiement,IT,-46.073328,-93.018472,2025-06-08 23:36:04
C00078,4254.23,virement,CN,-54.5814,-165.350826,2025-06-04 19:40:04
C00149,4790.2,versement,DE,77.234128,-49.331187,2025-06-14 08:12:04
C00194,2344.9,virement,CN,-31.822717,-50.376655,2025-06-15 21:03:04
C00176,4899.64,versement,IT,71.019816,-64.430906,2025-06-15 18:19:04
C00076,2838.84,retrait,JP,-23.362042,43.760126,2025-05-23 06:32:04
C00176,668.76,retrait,CN,38.456146,-62.323645,2025-05-29 20:39:04
C00128,1147.87,achat,ES,66.172518,12.698515,2025-06-14 14:02:04
C00074,161.4,retrait,JP,17.848424,-172.635854,2025-05-31 20:06:04
C00121,4314.48,virement,JP,51.391986,22.788616,2025-05-28 05:21:04
C00193,3153.99,paiement,CN,-8.399579,-101.638202,2025-05-29 15:13:04
C00117,1376.73,paiement,ES,85.124646,173.286506,2025-06-03 01:21:04
C00165,4025.66,retrait,US,40.585082,-41.792954,2025-06-06 06:08:04
C00154,252.59,versement,ES,-1.070348,72.474532,2025-05-27 16:21:04
C00014,1250.9,virement,US,52.586342,23.814792,2025-06-07 11:37:04
C00078,4606.33,retrait,ES,-17.905791,56.746334,2025-06-10 13:26:04
C00046,3863.88,versement,ES,9.513102,-177.431172,2025-05-30 07:31:04
C00069,1552.28,virement,JP,78.751693,90.97529,2025-05-29 00:04:04
C00127,4811.36,virement,JP,-79.105292,-124.767971,2025-05-27 22:52:04
C00013,782.02,versement,UK,-37.676044,61.247449,2025-06-02 09:10:04
C00089,3532.33,versement,JP,-41.706336,-168.007362,2025-06-05 10:26:04
C00017,4339.12,achat,ES,48.922359,-163.64306,2025-06-09 05:00:04
C00054,3478.8,achat,US,26.474636,-65.163434,2025-05-19 16:09:04
C00026,4937.03,paiement,CN,-41.657566,79.028742,2025-05-22 10:36:04
C00078,4640.86,achat,US,-7.408242,166.499386,2025-05-30 03:19:04
C00146,4692.76,versement,ES,-16.934961,137.442541,2025-06-07 19:29:04
C00036,4805.82,achat,DE,-87.991347,56.37508,2025-06-01 10:49:04
C00078,138.83,versement,JP,-16.618435,-136.779341,2025-06-14 04:09:04
C00162,4618.22,achat,ES,36.049532,75.371644,2025-05-23 10:04:04
C00028,2548.79,versement,CN,-59.233268,52.662827,2025-06-01 07:38:04
C00153,586.92,achat,IT,79.306621,-171.766893,2025-06-08 06:35:04
C00115,4722.18,virement,CN,-26.016334,-63.602428,2025-05-21 16:15:04
C00121,88.55,paiement,FR,60.671982,-128.991536,2025-05-25 13:55:04
C00170,3801.06,versement,IT,-37.572993,13.783052,2025-06-11 10:08:04
C00108,4298.43,versement,UK,-38.414939,-65.436076,2025-06-09 06:55:04
C00092,4256.79,paiement,ES,-51.82481,58.56968,2025-05-19 11:48:04
C00078,1683.61,versement,CN,38.465232,-23.668122,2025-06-10 22:22:04
C00018,3675.04,retrait,IT,23.503123,39.036151,2025-05-24 00:09:04
C00171,3878.07,retrait,DE,-70.911169,-93.390071,2025-06-02 19:21:04
C00079,4834.1,retrait,FR,0.04575,77.630638,2025-06-07 07:39:04
C00160,4060.3,retrait,US,-79.553695,-61.202198,2025-05-26 16:23:04
C00168,2364.7,retrait,JP,59.837492,149.571928,2025-05-21 20:06:04
C00039,2450.19,retrait,JP,60.125844,173.734109,2025-05-30 06:31:04
C00181,206.47,retrait,UK,-8.888032,-153.25277,2025-05-31 09:11:04
C00162,3916.86,achat,JP,24.118878,102.740948,2025-06-07 22:17:04
C00106,870.46,achat,US,60.600493,-114.789808,2025-05-29 22:31:04
C00148,2050.62,retrait,FR,24.071841,91.113547,2025-06-09 12:03:04
C00195,169.52,paiement,CN,-29.068096,16.051467,2025-06-01 09:26:04
C00177,441.77,achat,CN,12.334153,53.933736,2025-06-06 11:39:04
C00080,4633.13,paiement,UK,-31.150649,16.025584,2025-05-22 06:36:04
C00155,3961.41,retrait,JP,-58.589987,81.604525,2025-06-06 11:14:04
C00051,148.5,versement,DE,-25.309257,-123.580184,2025-06-13 02:29:04
C00179,4061.42,virement,CN,1.437716,12.185934,2025-06-04 15:02:04
C00095,3769.36,virement,US,69.729999,-71.112884,2025-05-22 00:06:04
C00044,1348.05,virement,ES,-33.015293,-179.457938,2025-06-06 18:57:04
C00018,1501.02,versement,US,89.431957,132.805407,2025-06-10 09:31:04
C00183,2388.52,retrait,US,-43.446806,162.491446,2025-06-01 13:43:04
C00024,3843.73,paiement,IT,-30.312128,-95.986838,2025-06-13 04:38:04
C00020,4408.86,virement,IT,10.168268,157.756823,2025-05-18 05:16:04
C00117,2897.05,virement,FR,-31.787296,-72.222171,2025-05-27 12:16:04
C00199,2049.51,paiement,DE,19.859993,-40.315553,2025-05-22 20:30:04
C00169,4788.32,versement,CN,-83.774437,-139.950387,2025-05-18 02:34:04
C00092,1582.39,virement,DE,-58.914591,177.631869,2025-06-08 00:02:04
C00118,387.68,virement,US,28.704528,-123.704074,2025-05-30 14:51:04
C00015,2207.7,paiement,DE,2.941097,-153.239956,2025-05-21 05:12:04
C00070,1972.51,retrait,UK,-88.503448,169.369149,2025-06-05 06:57:04
C00196,1217.86,achat,ES,-46.797504,179.692193,2025-06-09 18:23:04
C00184,469.07,versement,JP,-88.353509,-7.043452,2025-05-23 14:43:04
C00068,2505.25,versement,DE,19.049883,172.375293,2025-05-29 11:23:04
C00104,1455.72,paiement,DE,-13.292957,-70.529013,2025-05-19 07:59:04
C00095,667.43,paiement,US,44.860663,58.228713,2025-05-28 07:16:04
C00052,1575.63,virement,CN,44.033578,74.648549,2025-05-23 22:52:04
C00088,4332.2,virement,CN,69.250504,-96.184417,2025-05-18 06:10:04
C00096,1649.93,versement,JP,24.837168,52.488271,2025-05-25 18:30:04
C00032,3557.07,paiement,US,48.451317,49.400367,2025-06-01 14:37:04
C00183,2790.73,retrait,JP,-84.429228,174.59704,2025-06-12 14:46:04
C00096,31.96,retrait,JP,18.36202,116.485639,2025-06-12 01:41:04
C00137,1511.4,versement,UK,-22.21134,-164.839628,2025-06-15 01:15:04
C00048,1004.68,virement,FR,-53.324071,-134.153477,2025-06-05 06:08:04
C00029,1779.91,achat,FR,-68.572601,-156.482909,2025-05-24 06:14:04
C00072,2434.59,retrait,ES,70.648311,-162.842175,2025-06-11 06:06:04
C00051,4085.62,versement,FR,-82.787814,22.127398,2025-05-30 23:57:04
C00053,268.08,paiement,CN,67.221494,-37.803631,2025-05-31 16:41:04
C00141,4594.52,versement,JP,-75.436843,176.763378,2025-05-23 19:17:04
C00071,2981.71,paiement,JP,78.38981,29.319434,2025-06-12 09:40:04
C00094,2690.5,paiement,CN,76.841701,141.535419,2025-05-25 20:23:04
C00145,1317.39,retrait,ES,-83.449279,-67.028029,2025-05-28 03:29:04
C00196,1743.26,achat,CN,60.722223,0.95733,2025-05-19 22:09:04
C00084,1309.29,retrait,JP,-71.14557,157.073529,2025-05-20 20:27:04
C00036,4015.08,versement,CN,17.843486,91.358723,2025-06-09 20:20:04
C00078,332.0,virement,US,7.383685,84.387083,2025-05-28 08:35:04
C00167,2829.76,achat,UK,70.481744,162.949249,2025-06-05 09:56:04
C00149,1532.19,virement,US,-50.378189,-148.600082,2025-05-27 21:17:04
C00077,3854.46,virement,FR,-27.97534,-11.206804,2025-06-02 21:04:04
C00136,4585.31,achat,JP,80.573399,-61.246576,2025-05-26 06:50:04
C00088,3452.24,achat,IT,11.790722,79.17788,2025-05-21 07:27:04
C00184,4172.0,virement,FR,45.456982,58.708935,2025-06-16 10:41:04
C00121,1503.66,achat,IT,-61.619873,-88.614023,2025-05-30 09:12:04
C00031,882.61,versement,CN,38.67433,-175.006297,2025-05-22 20:20:04
C00177,2028.27,versement,US,-65.244541,-26.792204,2025-05-18 18:45:04
C00120,3374.6,retrait,ES,50.907514,-134.40304,2025-05-27 12:16:04
C00079,275.48,versement,FR,63.873081,92.402531,2025-06-13 12:07:04
C00011,3472.96,versement,US,-31.396765,109.420937,2025-05-18 19:34:04
C00097,2638.46,virement,IT,-47.625457,-131.867842,2025-05-21 13:47:04
C00152,3873.34,achat,DE,48.601212,10.550558,2025-06-01 07:39:04
C00200,1430.17,versement,FR,-22.045671,82.29918,2025-05-26 05:37:04
C00048,2488.45,retrait,US,41.832357,-126.224658,2025-05-18 07:55:04
C00019,3873.7,retrait,FR,77.916908,122.809921,2025-06-11 02:55:04
C00044,2267.71,virement,ES,57.471044,-21.245605,2025-05-30 18:40:04
C00007,1960.63,achat,FR,-70.610004,64.996482,2025-06-06 22:06:04
C00041,4175.17,paiement,ES,51.541522,-95.749992,2025-05-31 01:30:04
C00125,1223.02,achat,FR,0.37192,169.981906,2025-05-21 23:48:04
C00043,4193.02,versement,UK,-60.993173,-150.607242,2025-06-04 23:21:04
C00024,4012.0,achat,US,-58.314877,111.823058,2025-06-03 04:48:04
C00154,396.86,versement,ES,72.737553,-138.175524,2025-06-06 17:15:04
C00104,1172.3,paiement,FR,83.075273,148.455158,2025-05-24 01:07:04
C00181,312.62,achat,IT,-25.916271,129.178696,2025-06-02 16:55:04
C00108,1423.83,achat,FR,7.965293,-103.163998,2025-05-25 08:38:04
C00088,1447.94,virement,ES,-4.341434,79.136971,2025-06-08 09:07:04
C00164,4549.74,achat,UK,35.558847,-13.625592,2025-06-04 11:08:04
C00184,864.86,virement,UK,19.653718,-156.294836,2025-06-06 21:52:04
C00187,804.59,paiement,UK,-23.907435,169.995771,2025-06-06 21:44:04
C00107,561.18,achat,ES,-57.937075,14.987112,2025-05-30 00:23:04
C00041,4850.83,versement,JP,-24.376537,157.777305,2025-05-21 23:22:04
C00105,4700.2,achat,US,16.556987,162.664567,2025-05-31 20:12:04
C00014,4814.08,achat,IT,-18.476395,50.445128,2025-06-12 05:02:04
C00146,2593.12,achat,CN,-84.091273,9.974199,2025-06-13 02:48:04
C00100,2779.94,achat,CN,-7.607738,-175.173374,2025-06-02 07:38:04
C00148,2409.81,retrait,US,12.056872,103.457769,2025-06-09 07:17:04
C00139,3655.64,paiement,IT,-4.861026,77.316675,2025-05-29 19:45:04
C00049,4860.8,achat,JP,-72.781516,-54.640001,2025-06-13 09:24:04
C00168,2851.22,retrait,JP,-49.863402,-71.085514,2025-05-19 03:35:04
C00068,2274.04,virement,IT,-18.494541,74.74986,2025-06-05 01:49:04
C00131,1045.71,paiement,ES,26.200828,-67.724963,2025-06-01 01:12:04
C00067,218.19,paiement,UK,-32.092281,-2.762045,2025-06-03 08:02:04
C00170,20.95,achat,ES,-67.372406,70.80963,2025-05-22 11:05:04
C00062,561.88,virement,CN,-29.837397,136.963543,2025-05-23 15:27:04
C00050,228.11,versement,UK,-17.247746,155.121305,2025-06-04 13:38:04
C00089,1566.29,retrait,FR,-19.912697,-18.3591,2025-06-07 11:03:04
C00198,4099.19,versement,ES,19.309387,-40.186999,2025-06-13 19:14:04
C00116,480.08,retrait,CN,-11.665086,-160.116358,2025-06-07 16:52:04
C00179,1152.43,retrait,ES,18.891496,59.133812,2025-05-30 09:50:04
C00095,823.37,versement,US,-74.130157,-163.473421,2025-06-04 13:43:04
C00187,1810.47,paiement,FR,-36.125042,-135.40597,2025-06-13 01:08:04
C00155,1686.64,versement,UK,-13.896129,97.022716,2025-06-09 14:31:04
C00054,1994.51,virement,US,59.477438,146.668887,2025-05-30 12:46:04
C00169,1480.61,paiement,CN,-18.151041,58.870023,2025-05-22 13:01:04
C00081,194.26,virement,CN,-6.214413,78.378327,2025-05-24 15:55:04
C00054,1442.94,paiement,UK,-55.018245,30.247468,2025-06-05 08:12:04
C00002,2795.06,virement,UK,-66.488724,161.070673,2025-06-02 05:58:04
C00186,446.4,versement,US,70.855241,-15.952786,2025-05-20 20:17:04
C00107,4406.49,retrait,UK,-49.565649,104.94858,2025-06-11 17:32:04
C00124,2599.85,retrait,UK,83.94866,-109.999243,2025-06-11 17:15:04
C00066,1973.77,versement,JP,3.850506,-103.379879,2025-05-18 17:37:04
C00100,2438.5,versement,ES,-34.956654,162.431669,2025-05-31 06:42:04
C00191,4841.73,retrait,US,-31.823228,115.601454,2025-06-07 02:08:04
C00087,4505.97,versement,US,-80.846132,46.895624,2025-05-22 06:05:04
C00079,75.97,achat,ES,-9.891556,-61.327024,2025-06-14 12:56:04
C00070,1286.42,paiement,FR,-7.647188,36.335818,2025-05-27 22:30:04
C00046,4866.91,paiement,JP,-51.141824,27.992166,2025-06-14 04:44:04
C00079,2293.84,paiement,UK,-50.870487,117.751357,2025-06-09 11:19:04
C00154,3685.67,virement,FR,78.678963,-126.813938,2025-05-18 22:13:04
C00083,4271.28,retrait,US,-39.396418,-147.184787,2025-05-20 15:04:04
C00005,3041.74,achat,US,-36.002986,-125.326571,2025-05-29 07:55:04
C00181,4384.94,achat,IT,72.329961,11.498517,2025-06-06 17:47:04
C00113,959.43,achat,JP,-78.734846,-161.474484,2025-05-31 15:40:04
C00113,930.09,versement,DE,-20.81896,68.196971,2025-05-27 12:51:04
C00179,3325.7,virement,DE,13.625521,-1.310951,2025-06-10 10:50:04
C00198,3421.4,retrait,ES,6.163196,164.671149,2025-05-25 04:18:04
C00116,666.83,retrait,ES,-9.034256,21.061911,2025-06-10 22:07:04
C00040,1437.76,retrait,JP,-49.631181,47.677364,2025-05-30 10:09:04
C00086,4817.92,paiement,FR,-14.993148,137.13743,2025-05-28 15:38:04
C00118,220.39,achat,FR,22.905619,-134.869357,2025-06-12 12:52:04
C00022,4763.51,achat,UK,-56.111495,132.981516,2025-05-19 21:44:04
C00027,2774.74,achat,IT,-20.640453,144.75386,2025-06-13 05:46:04
C00016,3647.8,versement,IT,-43.393451,-85.994261,2025-05-22 00:47:04
C00120,3722.16,retrait,IT,-85.899327,-1.891969,2025-06-13 08:17:04
C00194,3392.78,achat,ES,-50.379827,-115.881231,2025-06-14 02:16:04
C00198,183.05,versement,JP,19.197045,13.743129,2025-06-09 22:49:04
C00048,2059.13,paiement,CN,81.292583,-21.409483,2025-05-29 12:35:04
C00053,1409.06,achat,ES,76.884112,145.387237,2025-06-07 11:35:04
C00191,992.53,versement,JP,3.19969,25.608038,2025-06-16 10:25:04
C00045,3766.5,retrait,UK,-83.946222,68.711348,2025-06-02 18:02:04
C00139,134.03,retrait,IT,-68.045456,-97.508874,2025-06-13 16:34:04
C00079,4326.97,achat,UK,10.225051,140.338148,2025-05-18 21:10:04
C00155,1250.41,retrait,ES,-88.980874,37.810014,2025-05-25 14:35:04
C00105,2397.22,achat,US,-17.503885,-90.835353,2025-06-02 01:55:04
C00164,3380.09,virement,IT,-84.195285,-138.62824,2025-05-30 10:30:04
C00150,414.12,achat,JP,-39.427894,-117.037446,2025-06-16 17:01:04
C00018,3150.35,paiement,FR,80.184751,-13.932672,2025-05-21 15:52:04
C00141,202.26,virement,ES,-56.563772,-51.186434,2025-05-23 21:45:04
C00194,2951.56,paiement,JP,-47.266624,-90.05341,2025-06-16 22:27:04
C00044,3198.03,retrait,DE,86.480079,-49.507156,2025-06-06 21:15:04
C00003,3645.86,virement,CN,80.295617,-179.173222,2025-06-01 07:34:04
C00181,2757.32,retrait,JP,78.939416,-132.128853,2025-06-04 03:09:04
C00081,651.09,versement,IT,25.054831,11.644929,2025-05-27 03:32:04
C00089,1053.2,achat,UK,-85.707392,71.090801,2025-06-07 21:03:04
C00010,65.62,virement,US,59.533101,-32.220602,2025-06-11 16:18:04
C00084,343.7,virement,UK,-82.976454,146.595071,2025-05-31 21:19:04
C00152,1297.55,paiement,JP,-29.299848,158.170188,2025-06-12 07:33:04
C00025,4794.77,paiement,IT,2.614443,144.119668,2025-05-19 22:04:04
C00038,4905.61,retrait,US,68.381769,7.51371,2025-05-18 22:18:04
C00146,2706.76,virement,DE,25.535495,39.318354,2025-06-06 10:41:04
C00037,879.14,virement,DE,-14.803869,-33.27338,2025-06-01 14:24:04
C00095,3379.65,virement,ES,-66.171141,-171.781915,2025-06-10 11:31:04
C00017,1375.06,paiement,US,-27.867429,-107.767581,2025-05-20 07:58:04
C00074,1069.56,achat,CN,2.608492,-52.107195,2025-05-19 19:33:04
C00049,4382.07,retrait,ES,4.927763,-104.001546,2025-06-02 10:07:04
C00184,171.28,retrait,ES,12.332498,131.560201,2025-06-12 21:03:04
C00094,3760.76,retrait,ES,-6.925473,-122.004336,2025-05-30 08:17:04
C00048,4164.32,versement,US,-56.023859,107.669931,2025-05-18 12:27:04
C00181,1110.37,paiement,UK,32.782945,2.731506,2025-05-26 23:34:04
C00137,4720.3,virement,IT,-38.609339,19.761639,2025-06-07 02:10:04
C00038,4744.12,achat,JP,54.847212,37.200345,2025-05-21 17:17:04
C00051,2342.48,paiement,DE,-19.522696,-158.654711,2025-05-23 00:16:04
C00125,2558.17,versement,CN,-2.678228,65.593826,2025-06-05 07:20:04
C00162,3848.26,versement,FR,26.078885,122.955916,2025-05-22 05:34:04
C00134,2640.9,achat,DE,-67.719812,-45.544005,2025-06-05 14:43:04
C00198,1354.47,virement,CN,24.5984,-62.21279,2025-06-05 01:10:04
C00164,36.36,versement,DE,-15.540717,173.451477,2025-06-03 12:27:04
C00146,364.49,virement,FR,-27.535509,178.847984,2025-05-28 06:16:04
C00101,2686.2,achat,US,51.508785,-56.340487,2025-06-02 05:44:04
C00200,360.57,paiement,UK,8.523194,76.83347,2025-06-04 19:50:04
C00190,4120.0,achat,CN,15.703233,55.764933,2025-05-23 05:15:04
C00184,2000.55,versement,FR,30.20936,99.59912,2025-05-28 18:02:04
C00151,3353.02,paiement,JP,66.601721,54.80319,2025-06-10 19:25:04
C00094,3527.11,versement,DE,2.625566,-162.353625,2025-05-23 14:51:04
C00096,1096.86,paiement,US,-68.934716,92.666452,2025-05-28 00:56:04
C00153,4837.85,virement,DE,16.283224,163.986783,2025-06-06 02:39:04
C00070,2517.88,versement,US,46.732036,-2.288907,2025-05-23 18:29:04
C00036,790.04,achat,CN,-27.738931,-154.903203,2025-05-31 14:04:04
C00168,3902.74,versement,DE,-48.126428,169.311131,2025-05-25 08:57:04
C00116,3878.37,paiement,US,61.513867,164.286188,2025-06-08 14:22:04
C00032,4308.09,versement,ES,-20.243223,74.872722,2025-06-05 17:00:04
C00011,1559.95,versement,ES,-62.854893,-175.337844,2025-06-03 14:01:04
C00003,1707.59,achat,JP,64.512017,-176.354401,2025-06-11 13:53:04
C00146,1491.2,retrait,DE,-37.304374,-122.623959,2025-06-07 01:37:04
C00081,1578.94,paiement,JP,23.583627,47.299731,2025-05-19 23:10:04
C00140,4152.56,achat,CN,-10.277816,152.124352,2025-06-14 12:46:04
C00078,3553.34,versement,FR,11.922131,161.477636,2025-05-22 07:34:04
C00158,1645.96,achat,FR,14.146265,-152.848463,2025-06-02 18:58:04
C00109,1093.02,retrait,DE,32.809564,-145.025649,2025-06-10 11:06:04
C00193,1409.21,retrait,US,75.740633,-130.915605,2025-05-28 01:09:04
C00120,2691.25,achat,CN,-29.30844,155.043643,2025-06-15 16:51:04
C00117,776.63,paiement,IT,82.00979,86.77546,2025-06-10 03:17:04
C00024,3294.04,virement,FR,-9.373486,61.280402,2025-05-27 22:03:04
C00035,175.16,versement,ES,72.436388,-125.183874,2025-05-25 11:36:04
C00044,2053.87,achat,US,83.996807,-149.276544,2025-06-10 12:08:04
C00002,4218.25,paiement,UK,-5.565683,-34.471995,2025-06-10 13:49:04
C00062,2215.06,virement,CN,18.641967,68.551114,2025-06-06 01:25:04
C00103,2561.2,versement,ES,-55.576203,-138.10676,2025-05-30 18:17:04
C00175,213.06,paiement,JP,-74.626737,-73.321197,2025-06-06 06:49:04
C00011,3996.8,virement,US,85.590931,66.721873,2025-05-31 17:11:04
C00185,2551.64,virement,CN,30.065327,47.943793,2025-05-25 22:00:04
C00077,2991.26,paiement,JP,73.306624,39.212013,2025-05-31 04:09:04
C00095,4063.35,versement,JP,71.90577,9.891492,2025-06-02 04:22:04
C00091,786.42,versement,ES,-55.16354,-22.924128,2025-06-04 23:20:04
C00052,540.99,paiement,CN,-23.689168,57.349468,2025-06-12 06:51:04
C00106,123.03,virement,DE,73.860793,-157.744604,2025-06-14 17:35:04
C00008,2251.68,versement,US,-40.458566,56.281199,2025-06-06 02:15:04
C00154,1104.4,retrait,CN,-20.943325,-94.307175,2025-06-09 11:20:04
C00160,339.48,virement,IT,-54.781049,99.669595,2025-05-31 14:31:04
C00178,690.29,paiement,US,-1.213518,153.615446,2025-05-31 03:55:04
C00006,2569.73,paiement,US,89.613587,-166.351334,2025-06-04 09:47:04
C00074,4875.93,paiement,US,-46.237322,-163.332641,2025-06-05 10:11:04
C00058,3274.6,versement,JP,66.114933,-60.125052,2025-05-28 19:21:04
C00090,4259.97,paiement,JP,24.324724,147.529664,2025-06-03 15:27:04
C00157,1099.8,paiement,JP,11.541216,160.751832,2025-05-23 12:24:04
C00069,3445.16,paiement,FR,76.4029,-162.473766,2025-06-02 16:16:04
C00039,3744.31,paiement,DE,-26.826014,-8.066151,2025-06-08 01:43:04
C00009,4380.92,achat,JP,-56.641792,72.909585,2025-06-15 04:33:04
C00020,4586.02,retrait,CN,-76.062954,-71.902617,2025-06-03 01:41:04
C00101,3470.93,retrait,UK,33.735946,-160.86807,2025-05-30 19:59:04
C00025,131.02,virement,ES,13.132459,96.668468,2025-05-30 00:07:04
C00173,3267.9,paiement,FR,2.260818,-114.633812,2025-06-05 13:55:04
C00158,2027.98,virement,UK,-38.184098,38.771516,2025-06-10 10:54:04
C00062,3162.57,paiement,FR,-68.114193,-80.977874,2025-05-27 03:01:04
C00082,2812.16,paiement,CN,-37.64509,4.540194,2025-06-11 11:38:04
C00041,2306.88,paiement,FR,18.122735,116.291953,2025-06-12 03:04:04
C00151,2551.83,versement,FR,-53.800053,169.891525,2025-05-20 06:42:04
C00128,4474.28,paiement,JP,29.125015,-52.882143,2025-06-11 05:50:04
C00115,1120.63,versement,IT,-36.71913,-116.789717,2025-06-04 08:00:04
C00105,3089.29,retrait,FR,74.6221,-133.676567,2025-05-31 19:42:04
C00010,2786.55,achat,JP,48.066319,67.285501,2025-06-11 07:59:04
C00045,3389.3,versement,US,-74.278332,-82.717907,2025-05-25 05:56:04
C00191,839.48,paiement,DE,63.577036,-69.106511,2025-06-09 06:09:04
C00140,518.03,versement,FR,27.968884,159.390457,2025-05-26 22:52:04
C00083,1261.61,achat,IT,57.300939,-111.079854,2025-06-15 12:59:04
C00023,3754.66,paiement,UK,-58.149273,-40.274496,2025-06-08 06:55:04
C00110,1787.83,versement,ES,-63.865366,-5.766393,2025-06-08 21:40:04
C00141,3081.37,retrait,ES,-51.985583,110.855155,2025-06-14 17:55:04
C00153,4213.71,virement,ES,50.529731,21.665996,2025-06-03 23:40:04
C00164,1116.79,virement,DE,-68.617345,-5.051124,2025-06-04 12:06:04
C00060,164.56,paiement,JP,-28.564128,-151.237278,2025-06-16 05:01:04
C00121,3382.07,paiement,ES,35.679741,149.609601,2025-05-23 04:39:04
C00169,2321.94,achat,US,89.946099,-64.872579,2025-06-07 12:47:04
C00142,3137.61,paiement,FR,35.528501,139.097684,2025-06-16 19:14:04
C00160,805.08,retrait,FR,-50.059538,-161.011406,2025-05-24 13:32:04
C00139,2764.28,paiement,FR,-56.850949,19.246813,2025-05-18 21:23:04
C00029,4470.75,achat,DE,56.310116,58.094807,2025-06-10 18:21:04
C00049,3465.49,achat,FR,-59.584934,-147.368566,2025-05-31 06:23:04
C00042,208.74,paiement,JP,-24.394991,27.230646,2025-06-09 18:09:04
C00069,4390.45,paiement,UK,39.765894,-153.210267,2025-06-15 20:38:04
C00114,3894.98,achat,JP,5.607862,-74.479803,2025-05-24 06:18:04
C00031,4374.33,versement,JP,85.03825,-138.017561,2025-06-14 08:56:04
C00062,2522.6,retrait,DE,59.239675,-168.299993,2025-06-06 12:33:04
C00024,4179.26,versement,FR,-38.417614,21.90235,2025-05-29 10:26:04
C00008,1781.74,versement,FR,-9.465165,-59.589883,2025-05-29 15:51:04
C00188,3163.7,versement,JP,64.483574,122.962308,2025-06-09 12:21:04
C00144,276.79,achat,CN,-86.234663,47.687164,2025-05-22 22:09:04
C00013,3921.46,versement,CN,60.428585,104.94834,2025-05-29 14:26:04
C00003,4718.62,retrait,IT,43.88597,-98.487101,2025-05-28 02:19:04
C00077,3346.12,achat,FR,-55.333995,-175.936084,2025-05-29 02:03:04
C00112,2023.63,versement,ES,69.638567,-17.188377,2025-06-15 16:25:04
C00173,79.38,paiement,ES,-3.855677,-67.43272,2025-05-23 04:10:04
C00043,4629.37,virement,JP,-57.535212,121.277411,2025-05-22 19:33:04
C00159,2838.86,virement,US,85.197985,137.771098,2025-06-15 04:13:04
C00175,948.07,retrait,DE,-65.380406,-81.013647,2025-06-02 02:59:04
C00113,3752.9,versement,JP,-87.452585,38.530452,2025-05-25 19:19:04
C00043,4422.0,achat,CN,64.333521,77.576807,2025-06-05 11:32:04
C00196,3320.22,paiement,IT,-64.355923,-2.697402,2025-06-04 08:33:04
C00160,3903.92,achat,US,-22.688633,-64.237707,2025-06-16 16:14:04
C00085,3400.99,versement,ES,30.37537,-105.394683,2025-06-03 16:04:04
C00010,1618.3,achat,JP,-80.459863,103.520035,2025-06-02 11:35:04
C00061,4958.61,virement,FR,33.479116,-177.409781,2025-05-24 20:59:04
C00021,4480.16,virement,FR,10.370593,146.875442,2025-05-21 06:01:04
C00057,2336.12,virement,FR,82.080758,80.975916,2025-06-12 17:01:04
C00107,4843.27,versement,DE,-4.259885,-160.751329,2025-06-01 22:29:04
C00090,3065.77,versement,UK,-48.756931,-101.88023,2025-06-13 10:53:04
C00123,2648.78,retrait,US,25.48537,-86.385617,2025-06-11 15:16:04
C00089,1162.99,virement,IT,20.575815,-126.291569,2025-05-25 16:43:04
C00039,1271.53,versement,IT,89.91106,134.002694,2025-06-03 23:35:04
C00059,415.03,achat,FR,-80.974805,144.122965,2025-06-13 12:24:04
C00173,2255.65,achat,JP,82.369612,-12.0611,2025-06-14 16:13:04
C00163,4041.14,achat,US,-30.796745,140.931839,2025-06-09 17:54:04
C00024,929.49,paiement,ES,-65.660872,-18.083069,2025-05-21 02:08:04
C00049,4338.72,achat,ES,53.881787,13.55808,2025-05-25 14:55:04
C00110,2667.76,virement,ES,71.622531,-84.671799,2025-06-13 15:36:04
C00165,2153.99,virement,ES,66.535013,103.605287,2025-05-19 02:49:04
C00084,519.37,virement,JP,-76.364802,117.367551,2025-05-18 18:37:04
C00043,4783.13,paiement,US,-71.007267,-114.822695,2025-05-31 09:24:04
C00175,1598.25,achat,JP,-86.993114,95.827193,2025-05-28 20:15:04
C00089,4535.7,paiement,CN,-32.657206,171.418321,2025-06-15 04:20:04
C00055,3030.73,retrait,ES,27.439127,149.122323,2025-05-19 03:26:04
C00105,405.92,virement,DE,-39.313676,-17.579178,2025-06-12 20:04:04
C00114,3973.72,versement,ES,38.385349,109.1281,2025-06-03 07:09:04
C00077,1420.5,versement,DE,-21.849348,17.906788,2025-05-18 05:44:04
C00081,2572.85,paiement,CN,-52.16978,1.634176,2025-05-28 15:01:04
C00159,4175.71,versement,US,83.178048,-171.622387,2025-05-25 05:08:04
C00141,3028.1,achat,CN,-20.145323,-69.615469,2025-06-02 00:49:04
C00038,4095.71,versement,JP,24.791609,165.070559,2025-05-21 12:40:04
C00065,1631.33,achat,CN,11.720557,128.410944,2025-05-21 23:51:04
C00151,4880.67,paiement,UK,-67.832955,5.635612,2025-05-29 03:56:04
C00019,4103.13,achat,ES,11.538583,105.87148,2025-06-04 15:08:04
C00069,776.68,paiement,UK,67.263618,-34.881516,2025-05-26 20:06:04
C00027,2447.45,achat,IT,-45.444906,62.026941,2025-05-22 16:18:04
C00009,1564.13,achat,ES,-73.885698,147.534344,2025-05-29 18:59:04
C00165,222.42,virement,UK,56.589262,12.661053,2025-06-02 15:04:04
C00097,1687.2,versement,UK,71.984832,-54.775529,2025-05-31 08:30:04
C00089,4651.94,virement,UK,-37.491826,42.808684,2025-06-11 22:54:04
C00088,3984.99,achat,JP,79.259262,-14.914798,2025-05-24 18:32:04
C00025,3972.35,versement,US,36.649555,88.79201,2025-05-21 02:19:04
C00173,1481.26,paiement,DE,55.288783,83.075438,2025-06-10 21:21:04
C00132,2061.68,versement,ES,75.766513,-114.983824,2025-05-24 20:19:04
C00196,4175.79,versement,DE,76.993808,61.801584,2025-05-25 09:30:04
C00140,534.97,retrait,JP,6.422839,-163.543809,2025-06-01 11:51:04
C00005,1942.89,virement,JP,86.436898,171.274651,2025-05-25 01:34:04
C00157,2040.35,paiement,UK,-65.018433,-55.222878,2025-05-19 13:12:04
C00091,3791.39,versement,JP,48.87989,106.449126,2025-05-30 06:20:04
C00158,3747.79,paiement,UK,-85.326632,-150.575293,2025-05-19 09:04:04
C00128,1473.54,versement,DE,23.797008,-159.197027,2025-06-08 02:32:04
C00076,4263.4,virement,IT,52.979532,149.185314,2025-06-10 20:31:04
C00031,3957.43,versement,UK,-78.517236,119.687322,2025-06-06 23:41:04
C00194,936.26,versement,FR,59.364998,99.788927,2025-05-25 03:03:04
C00082,3330.41,paiement,ES,-57.125895,-70.566719,2025-06-09 11:46:04
C00039,4984.42,virement,IT,7.190557,78.281912,2025-06-11 20:04:04
C00112,4602.12,retrait,JP,84.062915,-147.507946,2025-06-12 07:33:04
C00063,3246.53,achat,CN,-85.256797,67.927481,2025-06-15 07:58:04
C00170,2855.85,paiement,ES,6.558624,-160.464514,2025-06-13 03:26:04
C00056,653.48,versement,ES,-36.891761,179.841865,2025-06-04 03:24:04
C00088,4210.95,achat,IT,89.712962,-57.652479,2025-05-22 08:19:04
C00169,4655.62,versement,ES,-51.394801,118.493203,2025-06-09 20:12:04
C00025,3032.25,achat,IT,-81.468049,35.611435,2025-05-18 10:33:04
C00191,4676.11,paiement,US,65.061788,136.939562,2025-06-04 09:06:04
C00198,2782.22,retrait,ES,15.030348,8.047411,2025-06-09 01:57:04
C00137,3541.68,retrait,IT,70.183768,130.427922,2025-06-15 11:02:04
C00121,1979.57,versement,JP,-7.740161,8.12829,2025-06-12 11:40:04
C00057,462.94,achat,US,-67.147736,-128.34429,2025-05-19 22:42:04
C00077,1022.9,paiement,ES,-13.947447,-44.130954,2025-05-24 21:14:04
C00074,3852.19,achat,ES,13.577919,157.938543,2025-05-28 02:15:04
C00145,1788.64,achat,IT,-84.248741,-98.70571,2025-06-05 23:42:04
C00041,571.43,virement,FR,-45.968961,-179.741947,2025-05-25 13:45:04
C00168,2188.35,retrait,JP,18.846609,-114.912598,2025-06-13 14:45:04
C00169,3008.39,retrait,ES,61.244124,142.943724,2025-06-10 11:16:04
C00193,2751.56,virement,IT,-34.054978,34.901596,2025-06-10 04:56:04
C00181,2307.18,paiement,IT,81.223917,66.814016,2025-05-24 21:12:04
C00003,2699.75,paiement,US,51.887352,-100.589941,2025-06-12 00:19:04
C00058,2285.19,virement,CN,23.968106,-177.186957,2025-05-18 14:26:04
C00163,812.09,versement,CN,86.511423,64.216073,2025-06-01 21:02:04
C00129,4466.23,paiement,JP,-62.088993,-116.054347,2025-05-20 00:15:04
C00134,3391.63,versement,UK,72.047074,-45.618344,2025-05-27 12:49:04
C00165,29.09,versement,DE,-1.997134,17.359578,2025-06-01 15:35:04
C00166,2461.97,retrait,DE,-22.805628,-74.655018,2025-05-19 23:36:04
C00085,3593.58,achat,JP,28.845561,116.503358,2025-06-02 13:18:04
C00186,665.46,paiement,UK,88.492425,71.153249,2025-06-04 21:19:04
C00007,4077.75,virement,UK,2.009318,9.089012,2025-06-06 16:49:04
C00128,3400.62,retrait,US,85.983316,-41.004033,2025-05-29 14:13:04
C00083,3390.0,paiement,IT,-47.393844,92.967072,2025-06-02 20:01:04
C00053,297.73,achat,JP,-50.298378,114.744596,2025-06-13 01:33:04
C00074,2717.09,virement,JP,-82.309164,-158.909311,2025-05-18 19:08:04
C00175,258.59,virement,IT,-70.777282,167.923977,2025-05-24 11:53:04
C00007,95.74,achat,FR,-35.393247,73.177316,2025-06-05 07:29:04
C00085,596.65,retrait,ES,1.027218,-30.15244,2025-05-29 17:46:04
C00079,2331.42,versement,UK,-2.652783,-30.53306,2025-05-18 05:39:04
C00062,913.94,virement,US,72.83145,-169.482152,2025-06-12 02:24:04
C00127,785.23,retrait,JP,31.297731,-62.112708,2025-05-21 16:48:04
C00056,908.64,versement,JP,56.940444,-63.989676,2025-05-21 12:53:04
C00162,4361.89,paiement,US,-19.240424,-64.545046,2025-05-31 00:34:04
C00157,1279.55,virement,CN,38.863035,-110.366348,2025-06-01 06:37:04
C00073,2363.92,virement,UK,64.450525,124.642453,2025-05-23 06:35:04
C00048,2108.62,versement,IT,-40.443425,23.164716,2025-05-27 03:14:04
C00041,3280.48,paiement,ES,59.192553,153.992819,2025-06-10 06:51:04
C00119,2828.42,paiement,FR,77.252566,64.973891,2025-05-30 10:33:04
C00184,2366.95,achat,US,37.994279,-76.672204,2025-05-28 18:12:04
C00051,1846.45,retrait,DE,21.478273,-44.784228,2025-06-04 22:02:04
C00178,4650.48,achat,ES,-50.177821,-29.325614,2025-05-31 01:59:04
C00148,2813.11,retrait,JP,-22.159902,136.853373,2025-05-27 05:48:04
C00052,3541.29,retrait,IT,-12.337269,-44.155735,2025-05-23 22:24:04
C00110,3419.07,paiement,IT,-72.414314,-7.588253,2025-06-12 03:59:04
C00121,1097.96,virement,CN,-6.522695,-73.386406,2025-05-31 22:41:04
C00178,3954.26,achat,US,-17.7289,118.27213,2025-05-21 22:07:04
C00083,4417.21,retrait,JP,4.26777,-144.055002,2025-06-09 05:44:04
C00200,1831.23,virement,US,34.059442,-132.236862,2025-05-18 16:16:04
C00107,1721.2,virement,UK,55.561856,96.014023,2025-05-29 06:53:04
C00096,3417.77,paiement,US,51.987821,-87.638166,2025-06-06 09:32:04
C00170,1991.33,achat,IT,-72.674813,-161.42363,2025-05-19 15:44:04
C00034,2392.9,versement,ES,-0.533035,172.183709,2025-06-08 09:42:04
C00029,4211.88,paiement,ES,-51.692332,-114.076414,2025-06-14 05:04:04
C00092,796.7,retrait,UK,20.808174,163.348543,2025-05-29 21:04:04
C00050,2917.98,virement,UK,-8.95269,-140.150205,2025-05-24 15:57:04
C00095,825.27,versement,CN,0.524199,-87.433809,2025-06-05 03:16:04
C00057,4418.73,retrait,ES,51.355529,-104.957425,2025-05-23 06:21:04
C00084,2657.98,achat,ES,-84.495046,76.713929,2025-06-05 19:29:04
C00012,2555.37,versement,US,-8.43789,-36.733399,2025-05-18 17:13:04
C00066,4010.81,versement,UK,3.812429,-60.528851,2025-05-25 14:43:04
C00103,4615.54,versement,DE,-88.334085,75.901823,2025-05-25 13:58:04
C00133,3912.49,versement,UK,79.743603,80.782729,2025-05-24 13:46:04
C00052,4052.57,paiement,DE,-67.277794,-178.238193,2025-06-08 05:36:04
C00088,702.84,versement,DE,63.148669,-160.717819,2025-05-19 20:57:04
C00124,1647.61,achat,US,39.178017,-69.084821,2025-06-01 16:33:04
C00095,1989.28,achat,CN,-71.539961,-151.406747,2025-06-08 02:35:04
C00134,2187.77,achat,IT,-67.384613,89.230114,2025-05-25 18:49:04
C00197,4436.83,versement,UK,-88.850108,-103.990337,2025-05-25 00:28:04
C00106,1500.69,achat,FR,-1.40669,153.886625,2025-05-22 14:34:04
C00015,2435.03,retrait,DE,65.154601,28.95651,2025-06-05 10:24:04
C00006,2610.68,retrait,CN,51.188167,48.137973,2025-06-11 06:36:04
C00140,3524.85,paiement,UK,-53.032325,8.422865,2025-05-21 21:18:04
C00070,2924.73,virement,FR,-69.919739,90.622211,2025-05-23 20:03:04
C00005,4741.01,virement,DE,35.050995,112.585469,2025-06-06 06:37:04
C00133,4790.02,versement,US,46.233732,-125.655264,2025-06-10 06:46:04
C00125,2886.25,paiement,DE,31.23131,-59.321801,2025-05-22 21:25:04
C00115,982.55,virement,JP,16.565263,-35.706861,2025-06-06 21:42:04
C00104,55.12,virement,UK,2.293108,-179.69316,2025-06-05 15:39:04
C00130,2913.2,paiement,ES,21.544807,50.523389,2025-06-12 01:51:04
C00091,4136.38,paiement,DE,80.228813,-63.698242,2025-05-26 16:12:04
C00130,2601.12,paiement,FR,-5.613901,-6.813791,2025-06-13 21:12:04
C00116,4076.39,retrait,ES,-60.081613,-176.334754,2025-06-08 01:58:04
C00026,3343.5,retrait,UK,-15.66877,100.340503,2025-06-02 03:38:04
C00078,809.96,versement,JP,-80.759377,68.838695,2025-05-26 02:19:04
C00141,3666.73,paiement,CN,-17.140712,-170.340877,2025-06-11 20:42:04
C00115,255.02,paiement,UK,70.289584,121.025035,2025-05-18 16:20:04
C00078,2938.87,virement,JP,-69.08661,58.184661,2025-05-19 18:54:04
C00102,4182.58,achat,IT,36.427195,92.713164,2025-05-21 19:39:04
C00093,2564.55,retrait,UK,-80.634682,-101.648645,2025-05-25 03:59:04
C00077,3485.7,paiement,JP,-26.497997,-54.660765,2025-05-26 08:43:04
C00193,2282.24,versement,IT,-2.227599,61.94349,2025-06-05 08:40:04
C00009,371.87,virement,ES,-73.464714,-168.991958,2025-06-09 13:31:04
C00179,2647.24,paiement,ES,-36.162514,-79.699236,2025-05-27 01:40:04
C00121,3431.47,virement,CN,-64.508326,-88.451912,2025-05-29 02:34:04
C00050,2455.19,paiement,DE,84.163659,118.169747,2025-05-26 05:20:04
C00069,3635.51,achat,FR,-39.325422,-14.963528,2025-06-15 02:48:04
C00035,3405.9,retrait,ES,-57.990449,-34.884737,2025-05-25 08:25:04
C00183,694.47,versement,FR,-23.842476,-101.106139,2025-06-16 11:31:04
C00101,286.45,achat,CN,-25.247634,99.221097,2025-05-18 19:05:04
C00034,297.29,paiement,IT,47.095923,103.528032,2025-06-02 08:52:04
C00100,965.09,achat,JP,14.626383,159.405179,2025-06-07 18:25:04
C00049,750.58,paiement,JP,78.793728,-6.150627,2025-05-24 06:58:04
C00071,669.84,virement,ES,-16.901889,124.787031,2025-06-04 04:08:04
C00113,2888.36,versement,JP,77.776615,-68.147627,2025-05-21 09:10:04
C00063,1500.98,versement,US,-32.198299,-141.712452,2025-05-28 07:11:04
C00169,3173.01,virement,DE,-75.966804,-125.648829,2025-05-24 00:31:04
C00138,2780.09,retrait,UK,-9.464592,-21.690359,2025-06-01 02:45:04
C00119,797.89,retrait,IT,88.255583,65.856835,2025-06-11 12:47:04
C00124,4402.41,versement,FR,-47.339973,-84.561703,2025-05-19 22:06:04
C00188,4646.8,paiement,US,18.946691,-169.695654,2025-05-26 14:28:04
C00061,1621.38,versement,FR,70.180773,-155.734736,2025-05-24 17:17:04
C00002,409.58,virement,ES,83.042222,-169.124435,2025-05-19 15:25:04
C00200,976.21,versement,UK,40.906011,73.597454,2025-06-12 03:44:04
C00011,2535.68,paiement,CN,-12.572686,22.344287,2025-05-20 15:08:04
C00177,96.51,versement,ES,20.65767,-126.807939,2025-06-16 11:28:04
C00151,3247.16,versement,US,75.519854,-62.303588,2025-05-17 23:58:04
C00099,3070.52,retrait,JP,53.294592,148.212728,2025-05-20 06:40:04
C00196,1349.34,virement,FR,43.617406,-109.243677,2025-05-18 12:34:04
C00100,4952.68,paiement,DE,-39.744664,104.41393,2025-06-04 16:26:04
C00150,3858.35,versement,ES,22.116917,-42.868898,2025-06-04 04:22:04
C00193,1837.18,retrait,JP,46.885976,126.818357,2025-06-03 02:26:04
C00013,785.19,retrait,US,0.437795,-46.023333,2025-06-07 05:36:04
C00086,4736.23,achat,DE,55.39969,-142.368311,2025-05-18 11:33:04
C00105,683.39,versement,US,-88.75422,88.97187,2025-06-13 05:49:04
C00117,2886.19,achat,ES,-10.74881,104.276655,2025-06-16 20:28:04
C00197,4311.66,achat,IT,32.205287,-71.493762,2025-06-03 08:04:04
C00082,2871.69,versement,ES,-3.496907,-129.744077,2025-05-31 10:33:04
C00052,806.96,retrait,FR,34.622631,-179.407145,2025-05-20 11:22:04
C00011,1532.22,versement,FR,79.069998,-53.99148,2025-06-07 20:07:04
C00038,1387.06,virement,CN,79.124998,-144.721885,2025-05-25 17:52:04
C00194,550.7,achat,IT,62.216224,-66.834906,2025-05-27 11:39:04
C00021,4168.63,versement,IT,-84.975032,-36.71301,2025-05-28 19:21:04
C00172,2167.5,virement,IT,28.203475,-83.730596,2025-06-04 16:57:04
C00159,3867.14,versement,ES,30.280179,95.18428,2025-05-23 12:57:04
C00196,3503.22,achat,IT,-69.153188,43.890945,2025-05-29 04:12:04
C00143,1055.45,paiement,FR,25.85139,24.114576,2025-06-01 20:56:04
C00063,4164.59,virement,JP,57.650849,77.396727,2025-06-08 12:47:04
C00016,2309.86,virement,IT,4.474398,130.331825,2025-06-07 23:24:04
C00042,1798.74,versement,IT,66.832397,6.982461,2025-06-02 16:59:04
C00083,3810.85,retrait,ES,-74.590529,84.561569,2025-05-30 01:33:04
C00142,2277.57,versement,FR,-54.340635,161.187511,2025-05-30 23:37:04
C00183,300.8,retrait,US,-20.563259,54.34445,2025-05-25 03:58:04
C00014,4332.47,virement,UK,6.882297,-162.540228,2025-05-31 17:42:04
C00109,1510.71,retrait,IT,59.583794,66.35729,2025-05-28 20:36:04
C00191,4537.25,versement,JP,-9.896687,-113.97947,2025-05-24 03:18:04
C00066,2758.43,versement,IT,-66.417501,5.769553,2025-06-13 20:12:04
C00040,4822.86,achat,FR,6.429315,36.584413,2025-05-29 20:17:04
C00107,2715.16,virement,IT,11.63394,166.240497,2025-05-30 03:55:04
C00009,2943.01,versement,CN,27.297931,48.524413,2025-05-18 17:17:04
C00173,1946.34,achat,IT,-35.797504,-47.594685,2025-06-16 08:02:04
C00014,698.12,virement,UK,-68.537884,54.801716,2025-06-15 14:30:04
C00037,481.71,virement,UK,61.217613,-95.719111,2025-05-19 23:05:04
C00071,1036.9,achat,DE,40.597485,-137.286137,2025-06-06 05:30:04
C00185,1915.87,paiement,IT,-65.600304,63.172149,2025-06-06 18:59:04
C00195,4419.85,versement,JP,68.393141,-76.749794,2025-06-10 04:44:04
C00088,3266.23,paiement,ES,-72.521002,67.516184,2025-05-23 18:09:04
C00176,3544.17,achat,US,-23.808247,113.22774,2025-05-25 14:11:04
C00028,2934.61,retrait,ES,-42.294113,-159.909468,2025-06-14 04:24:04
C00073,910.12,paiement,CN,-18.425369,153.033517,2025-05-24 00:27:04
C00159,1090.25,virement,ES,45.686932,136.633469,2025-06-02 19:29:04
C00097,1924.36,versement,DE,86.895576,106.95466,2025-05-31 16:30:04
C00042,2014.26,achat,JP,4.190174,-70.320624,2025-05-22 12:44:04
C00151,2779.94,paiement,UK,87.951717,-148.633557,2025-06-07 03:49:04
C00048,1234.24,achat,IT,34.980042,-39.081913,2025-06-08 18:33:04
C00025,194.37,paiement,DE,-46.597677,133.53383,2025-06-15 03:09:04
C00160,1675.05,virement,US,61.974077,81.425881,2025-06-08 13:35:04
C00170,817.3,achat,JP,89.859989,-8.083696,2025-06-06 06:04:04
C00036,1688.38,virement,UK,46.662106,39.695317,2025-06-09 16:58:04
C00121,2711.0,paiement,DE,73.495391,28.329251,2025-06-03 18:42:04
C00033,2893.19,achat,UK,-16.422513,30.762981,2025-06-15 09:02:04
C00192,747.84,versement,US,17.028783,36.399713,2025-06-10 11:13:04
C00159,257.3,retrait,CN,-24.579038,20.351962,2025-05-30 08:25:04
C00194,2264.82,paiement,IT,83.536288,4.266266,2025-05-18 22:20:04
C00099,2837.61,achat,FR,5.349903,28.067366,2025-06-13 04:40:04
C00118,527.9,virement,US,25.546851,22.823457,2025-06-15 19:42:04
C00082,1783.93,retrait,DE,3.90071,-31.073653,2025-05-28 08:07:04
C00065,2570.06,versement,UK,-23.077566,91.015876,2025-05-25 13:29:04
C00056,4057.14,virement,DE,32.689233,-91.743628,2025-05-24 12:48:04
C00110,4849.04,versement,DE,-32.430644,22.711898,2025-05-24 01:46:04
C00173,4426.24,paiement,US,-18.473522,25.259533,2025-06-07 09:33:04
C00039,3189.96,retrait,DE,19.523023,2.120423,2025-05-26 22:59:04
C00082,565.07,virement,IT,-85.134174,-152.974553,2025-05-20 04:54:04
C00052,4159.9,virement,UK,35.905882,-162.660194,2025-05-26 10:18:04
C00070,3977.47,retrait,FR,-19.722512,81.263388,2025-05-24 03:26:04
C00190,2237.03,paiement,JP,-40.231692,77.567778,2025-05-21 10:49:04
C00026,1452.76,retrait,FR,-17.784969,-83.934297,2025-05-27 22:08:04
C00093,3834.2,versement,FR,-81.194036,-140.022961,2025-05-26 03:35:04
C00090,3450.14,retrait,IT,72.755613,98.805518,2025-06-14 13:15:04
C00008,2991.59,virement,FR,-77.991915,91.925066,2025-05-21 04:50:04
C00150,115.13,versement,CN,37.87901,-158.228319,2025-05-19 02:23:04
C00145,3096.73,retrait,FR,-40.942921,26.540816,2025-06-03 02:17:04
C00067,3561.44,retrait,UK,-3.605389,22.74805,2025-06-12 21:14:04
C00014,1187.66,paiement,UK,-76.018279,-172.808723,2025-06-04 22:56:04
C00182,601.86,retrait,DE,19.521398,118.104725,2025-05-27 09:07:04
C00042,1315.92,versement,ES,37.762256,-133.250987,2025-06-02 18:15:04
C00064,3803.85,versement,DE,-0.687765,-110.294607,2025-05-25 16:40:04
C00068,1538.27,virement,IT,-53.70681,159.972726,2025-06-11 03:25:04
C00102,4409.15,achat,US,9.341387,79.265442,2025-05-29 04:22:04
C00147,902.61,paiement,CN,3.646078,-22.825862,2025-06-03 13:48:04
C00055,4790.57,virement,JP,-51.444852,85.183118,2025-06-09 00:54:04
C00042,1851.55,paiement,ES,-1.103663,-159.629564,2025-05-30 00:04:04
C00200,3393.56,achat,DE,57.210202,-79.867285,2025-06-12 17:24:04
C00194,2058.8,achat,IT,-40.636185,127.43297,2025-06-11 14:48:04
C00016,4829.09,paiement,CN,28.296423,151.829772,2025-06-06 01:57:04
C00005,1823.71,virement,US,36.126208,96.711094,2025-05-20 12:24:04
C00169,1656.36,retrait,US,16.951785,-10.275755,2025-06-08 15:05:04
C00042,3550.53,virement,ES,57.502458,63.024049,2025-06-05 17:32:04
C00177,1082.04,versement,ES,-12.253984,70.124864,2025-06-07 00:00:04
C00012,2148.58,retrait,CN,-73.480494,-175.054354,2025-06-08 02:43:04
C00170,1226.84,versement,CN,-77.232192,-165.720647,2025-05-25 14:02:04
C00083,1498.53,virement,US,51.958522,-45.481221,2025-05-27 10:33:04
C00066,4945.77,paiement,CN,-26.02036,-52.622392,2025-05-23 04:57:04
C00176,4827.03,virement,JP,-3.560506,-113.982204,2025-05-23 06:33:04
C00004,1104.39,paiement,CN,-70.766022,1.822314,2025-06-01 04:31:04
C00114,3043.93,versement,DE,-35.265856,17.368243,2025-06-12 13:11:04
C00088,4478.54,versement,UK,4.407031,157.590494,2025-06-10 01:11:04
C00059,2035.46,retrait,ES,-62.285486,-59.229269,2025-05-30 12:43:04
C00128,3948.45,virement,UK,-14.878462,-148.924206,2025-06-13 18:29:04
C00166,1535.01,paiement,IT,-81.241967,143.552828,2025-06-10 07:22:04
C00104,82.97,virement,FR,71.688776,82.085768,2025-05-30 21:29:04
C00107,2016.27,retrait,US,-80.475112,2.889173,2025-05-18 17:48:04
C00123,1585.65,virement,UK,-75.039326,-175.650424,2025-06-14 05:14:04
C00008,2456.48,achat,ES,-83.271451,-169.883312,2025-05-24 20:39:04
C00175,1576.17,retrait,JP,-80.556388,-75.29208,2025-05-18 13:11:04
C00107,4315.51,retrait,US,85.040975,-85.455699,2025-06-16 21:55:04
C00053,2647.62,paiement,ES,61.057096,33.009866,2025-06-02 12:45:04
C00134,3949.72,paiement,ES,-48.716262,62.624815,2025-06-09 10:15:04
C00013,4080.89,virement,DE,-59.143661,-62.642129,2025-06-13 17:29:04
C00153,2541.5,versement,UK,-48.893478,-112.45132,2025-06-13 11:01:04
C00005,135.41,paiement,FR,2.575326,-84.022911,2025-06-10 15:20:04
C00170,2866.56,versement,FR,31.865461,160.599745,2025-06-10 11:08:04
C00036,3620.45,retrait,US,64.10602,173.35236,2025-06-16 19:12:04
C00140,3281.07,achat,UK,-8.439662,-48.698369,2025-06-12 03:23:04
C00082,1512.45,achat,IT,77.641243,-102.895334,2025-05-21 19:35:04
C00159,389.61,paiement,JP,-50.080733,-14.920038,2025-06-06 14:50:04
C00052,689.55,achat,UK,-83.781303,11.885214,2025-06-10 22:09:04
C00090,4924.54,versement,ES,-14.232496,-32.17378,2025-05-23 09:19:04
C00195,668.7,virement,FR,51.498734,-63.904568,2025-05-25 19:57:04
C00049,4186.64,versement,FR,4.837534,168.767713,2025-06-11 11:46:04
C00157,4697.22,achat,FR,-78.460806,34.059432,2025-05-23 07:55:04
C00091,970.59,versement,IT,8.054583,-146.169275,2025-06-05 09:10:04
C00174,2619.87,virement,US,2.969877,-117.624093,2025-06-16 20:27:04
C00087,1931.46,virement,US,36.406378,-116.811667,2025-06-08 20:29:04
C00006,2040.68,retrait,DE,-38.815968,31.819936,2025-06-07 03:16:04
C00028,705.4,versement,ES,-74.731766,-96.786969,2025-06-11 10:30:04
C00015,1154.02,virement,IT,-38.281801,-143.726622,2025-06-07 16:31:04
C00200,1012.07,achat,US,-74.864278,-106.553446,2025-05-18 10:59:04
C00189,636.26,virement,DE,57.709825,-150.657975,2025-05-23 20:33:04
C00082,4016.56,achat,IT,-20.994605,-83.44568,2025-05-31 03:35:04
C00057,843.6,achat,IT,-82.343579,-41.631594,2025-06-02 04:03:04
C00033,900.49,virement,IT,-6.607299,-62.395411,2025-06-11 06:33:04
C00193,3970.03,paiement,CN,-2.446562,167.167285,2025-05-22 00:01:04
C00003,1070.22,achat,IT,42.496919,101.379913,2025-06-01 12:47:04
C00179,1876.96,virement,CN,69.620716,-145.301531,2025-05-26 18:01:04
C00089,1691.3,achat,DE,65.680575,143.233622,2025-06-02 12:39:04
C00027,2616.4,versement,JP,81.461502,6.444463,2025-06-08 19:29:04
C00177,4589.08,retrait,FR,71.853233,177.465631,2025-06-13 00:51:04
C00093,2024.58,achat,JP,32.374729,105.946349,2025-06-11 08:11:04
C00173,664.6,retrait,FR,-70.311081,113.499678,2025-06-12 22:03:04
C00063,4338.17,paiement,US,35.616218,-115.067672,2025-05-18 10:19:04
C00062,2770.73,achat,US,8.991181,-115.503939,2025-06-02 13:13:04
C00126,4933.09,retrait,UK,17.6993,-88.919636,2025-06-09 00:45:04
C00171,3769.99,retrait,ES,-16.619483,91.449173,2025-05-18 20:10:04
C00194,3665.22,paiement,JP,-20.390718,-83.313189,2025-05-26 02:00:04
C00078,1256.87,achat,UK,44.108286,-34.31493,2025-06-16 19:55:04
C00176,2306.73,retrait,DE,66.797725,116.928633,2025-05-21 18:26:04
C00154,3454.3,paiement,JP,-34.136127,165.200632,2025-05-28 08:30:04
C00103,3005.77,paiement,UK,-70.252813,-14.751763,2025-06-02 20:18:04
C00081,936.63,paiement,UK,26.739559,109.365031,2025-05-21 00:42:04
C00170,4667.13,achat,DE,88.120591,119.858784,2025-06-13 20:05:04
C00196,1936.74,virement,FR,-21.63012,-17.946454,2025-06-16 23:18:04
C00092,1032.77,virement,FR,-11.823543,36.329676,2025-06-16 12:27:04
C00192,872.16,paiement,DE,33.389643,-126.26435,2025-05-29 20:27:04
C00045,624.72,achat,DE,-85.779416,163.888421,2025-06-06 23:18:04
C00049,2096.38,achat,IT,-9.802184,45.917354,2025-06-02 02:05:04
C00018,831.48,achat,US,6.321766,0.704859,2025-05-21 08:41:04
C00173,412.57,achat,DE,-43.322318,-108.488425,2025-06-16 06:30:04
C00048,590.67,versement,UK,-12.264702,125.187988,2025-05-29 09:13:04
C00175,4346.12,versement,IT,2.934119,-34.380351,2025-06-10 00:52:04
C00051,1746.2,achat,US,-34.423851,166.837239,2025-06-03 17:15:04
C00059,4126.72,versement,ES,-26.317076,-107.806084,2025-05-23 05:59:04
C00012,4730.65,achat,US,-16.4265,-45.882288,2025-06-13 10:10:04
C00017,1090.25,versement,UK,-8.51243,176.165883,2025-06-09 22:27:04
C00007,2980.68,virement,CN,-85.823866,9.890365,2025-06-09 02:46:04
C00050,3717.93,virement,JP,43.751545,-133.022061,2025-06-03 06:28:04
C00027,1757.53,paiement,US,55.92619,-151.632528,2025-06-13 15:20:04
C00164,1025.49,virement,UK,43.938347,-150.788222,2025-06-12 07:27:04
C00061,4713.22,versement,US,-71.98093,-25.815709,2025-06-04 16:05:04
C00194,4069.38,versement,UK,-35.029339,-21.854148,2025-05-25 01:54:04
C00056,1624.77,virement,UK,-40.081107,-144.761262,2025-05-26 10:48:04
C00042,2151.39,virement,JP,-47.195658,41.608305,2025-05-19 18:51:04
C00160,4452.91,virement,US,48.903521,75.792209,2025-06-13 00:21:04
C00059,2099.95,versement,ES,36.362537,-73.634023,2025-05-23 14:15:04
C00061,2803.72,versement,CN,53.448222,152.36552,2025-06-03 17:56:04
C00094,368.3,versement,JP,-8.047403,36.390734,2025-06-07 06:53:04
C00186,2622.78,versement,US,-24.387024,-121.495925,2025-06-05 08:31:04
C00176,4797.87,retrait,ES,69.5772,157.710843,2025-06-02 06:09:04
C00004,889.03,versement,FR,61.044796,-80.558707,2025-06-02 09:04:04
C00123,903.19,virement,DE,-81.433633,52.042199,2025-05-21 17:59:04
C00147,3206.71,paiement,IT,-20.518261,50.60291,2025-06-12 03:29:04
C00056,2708.25,versement,IT,17.802839,100.845948,2025-05-18 23:07:04
C00111,583.45,virement,UK,-40.365285,-103.009575,2025-06-06 15:31:04
C00184,4859.19,paiement,US,-6.099737,-78.54163,2025-06-14 02:43:04
C00177,2736.73,versement,FR,-49.844998,-34.543867,2025-05-30 05:34:04
C00026,332.19,retrait,UK,-69.852633,-0.399839,2025-06-03 11:14:04
C00157,3384.67,virement,DE,-49.556437,-29.637716,2025-06-08 01:02:04
C00093,3245.39,achat,DE,84.086177,15.073663,2025-05-20 19:39:04
C00020,948.54,achat,CN,5.386535,-66.290638,2025-06-06 04:22:04
C00083,206.52,paiement,US,58.80915,-148.845812,2025-05-23 04:23:04
C00023,4514.44,retrait,IT,-84.469254,151.679648,2025-05-24 17:42:04
C00008,2972.51,paiement,IT,-18.59782,112.86932,2025-06-03 05:19:04
C00134,4382.31,virement,ES,66.672772,94.975442,2025-05-18 21:55:04
C00061,3429.32,virement,IT,-15.107634,-24.382409,2025-06-02 07:34:04
C00060,4587.68,paiement,DE,21.788392,-52.821742,2025-06-11 17:22:04
C00098,3743.43,versement,DE,41.539875,-13.851437,2025-06-14 20:17:04
C00135,1979.92,retrait,JP,-36.101029,-124.119177,2025-05-18 02:14:04
C00025,3185.62,paiement,DE,73.123545,69.309428,2025-05-18 10:39:04
C00186,463.15,paiement,CN,53.688875,146.193329,2025-06-15 16:31:04
C00043,2595.96,paiement,UK,9.069062,177.724687,2025-05-27 05:03:04
C00149,634.51,paiement,JP,-48.542345,96.634474,2025-05-18 14:12:04
C00128,2650.86,versement,CN,27.802909,142.788832,2025-06-13 01:47:04
C00014,2471.78,versement,ES,-62.056996,-41.377882,2025-05-29 08:53:04
C00062,4825.51,retrait,US,9.519028,-160.409208,2025-05-20 03:46:04
C00109,1512.5,virement,IT,-38.705897,-137.859963,2025-06-13 04:05:04
C00173,698.76,paiement,FR,43.055561,-34.425072,2025-05-25 11:55:04
C00175,2101.66,paiement,DE,-74.929888,179.255391,2025-05-26 09:36:04
C00035,4764.18,versement,ES,-69.318753,153.823042,2025-06-12 17:33:04
C00091,867.79,achat,FR,-67.315262,150.53653,2025-06-05 03:05:04
C00073,4973.75,versement,JP,-89.966029,-120.137925,2025-06-14 20:15:04
C00181,3196.82,virement,CN,-78.278256,132.893616,2025-05-29 01:13:04
C00082,2006.12,retrait,IT,-70.374791,39.971787,2025-06-05 09:31:04
C00187,818.69,paiement,DE,30.975997,-132.260491,2025-05-27 12:35:04
C00149,1013.8,achat,US,11.713763,-137.705004,2025-05-20 21:26:04
C00066,4134.99,retrait,UK,-51.590729,61.487096,2025-06-13 07:58:04
C00192,1798.71,retrait,FR,-44.408523,149.803688,2025-06-11 00:16:04
C00114,2255.34,virement,CN,-78.282027,-5.373645,2025-06-16 02:26:04
C00146,4309.42,paiement,CN,-6.087643,-68.514362,2025-06-13 12:44:04
C00119,4590.86,virement,JP,-67.628491,170.542437,2025-05-22 12:02:04
C00126,4790.53,achat,ES,-17.96108,-62.202102,2025-06-12 10:43:04
C00086,1081.69,virement,UK,38.405858,18.876477,2025-06-01 05:10:04
C00004,4631.88,paiement,UK,24.006476,89.556083,2025-05-30 20:30:04
C00020,1724.88,achat,UK,80.245901,32.546729,2025-05-20 07:08:04
C00069,3198.69,paiement,CN,4.354367,-116.855828,2025-05-26 09:26:04
C00009,1460.74,virement,FR,-78.12839,33.889093,2025-05-31 03:19:04
C00045,1469.1,retrait,IT,87.50447,-48.581999,2025-06-03 09:30:04
C00040,3572.84,retrait,UK,12.246145,-27.118883,2025-06-16 18:40:04
C00013,594.88,versement,FR,82.21746,-68.015597,2025-06-02 23:49:04
C00163,2179.02,virement,IT,39.87634,-166.13011,2025-05-24 07:04:04
C00111,2976.93,versement,US,-60.179855,107.044577,2025-06-09 00:43:04
C00116,4643.93,achat,ES,29.726888,-68.42201,2025-06-04 20:58:04
C00153,4551.54,virement,CN,-20.062966,143.257569,2025-05-25 06:34:04
C00071,1488.16,retrait,ES,78.29646,-137.054548,2025-06-13 12:32:04
C00114,1717.17,achat,US,-49.952664,43.67455,2025-06-09 05:52:04
C00135,2463.99,achat,US,17.183996,25.905337,2025-05-18 21:02:04
C00034,1797.02,versement,US,33.069951,-124.05371,2025-06-16 15:19:04
C00050,3236.13,retrait,FR,-40.979081,41.879615,2025-05-25 21:29:04
C00085,523.06,virement,FR,68.335282,177.563858,2025-06-14 11:53:04
C00146,1480.31,paiement,JP,51.521773,130.738984,2025-05-28 04:35:04
C00012,1128.11,achat,JP,53.679972,116.082735,2025-05-18 04:12:04
C00029,2170.68,retrait,ES,-24.12505,-143.641189,2025-06-12 07:07:04
C00091,3965.84,versement,DE,19.791525,171.36525,2025-05-29 18:13:04
C00097,2675.38,versement,ES,26.530845,163.412244,2025-06-03 22:24:04
C00159,274.05,paiement,US,72.078366,65.046974,2025-05-23 10:27:04
C00156,4709.14,versement,CN,37.219352,-139.207486,2025-06-13 03:05:04
C00155,1339.62,paiement,DE,84.936261,49.86726,2025-06-06 16:55:04
C00101,536.66,versement,JP,-39.698984,82.999944,2025-05-20 04:03:04
C00107,4916.97,virement,US,-69.82066,144.479022,2025-06-16 04:42:04
C00131,184.91,paiement,US,29.170886,-55.985361,2025-05-25 06:59:04
C00077,3131.91,achat,ES,72.271151,-137.673969,2025-05-24 16:30:04
C00042,3317.05,virement,UK,-25.592174,62.074368,2025-06-12 00:54:04
C00077,4843.46,versement,CN,-53.93215,-1.130571,2025-06-15 11:42:04
C00114,2251.71,achat,FR,-85.998326,98.800312,2025-05-22 00:53:04
C00074,615.35,paiement,UK,-79.987858,-117.319028,2025-06-14 11:25:04
C00058,651.9,achat,CN,36.419104,-26.778735,2025-06-01 08:19:04
C00061,153.31,paiement,FR,-67.869184,-135.358363,2025-06-05 23:43:04
C00150,2493.37,retrait,IT,34.280231,-20.643218,2025-06-12 18:24:04
C00122,1784.38,retrait,UK,8.556839,-125.617534,2025-05-27 06:02:04
C00011,1582.38,achat,DE,82.673392,-39.177584,2025-06-15 17:33:04
C00114,4423.55,retrait,CN,-85.422241,-54.257839,2025-05-21 21:26:04
C00009,760.06,virement,US,-72.807084,87.082034,2025-05-29 15:31:04
C00199,3545.04,retrait,FR,23.81102,164.273178,2025-05-22 02:19:04
C00145,1897.82,paiement,JP,59.457131,6.958912,2025-05-22 09:16:04
C00107,4926.3,retrait,US,-53.532798,-150.564764,2025-06-15 07:37:04
C00069,3160.02,virement,JP,1.54914,133.63488,2025-06-09 15:26:04
C00118,806.74,retrait,DE,-40.516441,-108.62785,2025-05-30 15:21:04
C00135,2241.47,virement,DE,83.493879,-146.030048,2025-06-16 04:24:04
C00030,4579.8,virement,CN,38.794257,-43.375762,2025-06-09 06:00:04
C00154,348.36,virement,UK,45.146825,-144.57661,2025-06-03 15:40:04
C00133,3120.03,achat,US,74.613383,42.415528,2025-05-31 13:40:04
C00098,4046.04,retrait,DE,-21.732649,79.399445,2025-06-12 05:47:04
C00117,2323.64,retrait,FR,76.986463,-12.245536,2025-06-09 06:31:04
C00113,556.87,versement,IT,24.988009,-142.71164,2025-05-23 12:05:04
C00189,4293.58,versement,CN,-74.298929,63.251603,2025-05-31 15:47:04
C00033,322.16,versement,FR,44.834254,-19.907157,2025-06-16 22:20:04
C00085,3408.15,virement,FR,22.748742,-96.616955,2025-05-30 17:31:04
C00076,414.99,achat,DE,-87.692703,149.540796,2025-06-02 00:29:04
C00011,113.16,versement,IT,8.756708,172.782193,2025-06-13 02:33:04
C00005,2673.03,achat,ES,-4.719537,-58.047001,2025-05-30 02:21:04
C00133,2692.48,retrait,IT,-89.199,86.463997,2025-05-20 08:12:04
C00101,1484.84,paiement,US,44.235686,-173.169027,2025-06-02 11:46:04
C00024,3107.29,achat,DE,-28.156618,-32.119501,2025-06-10 09:06:04
C00012,4341.88,versement,FR,59.292976,64.076589,2025-06-04 06:48:04
C00075,1553.73,virement,CN,-44.777137,122.434522,2025-05-18 04:42:04
C00006,1505.94,versement,UK,37.69745,111.65922,2025-06-12 06:58:04
C00054,1734.34,virement,US,9.074885,144.712002,2025-06-15 00:34:04
C00056,1297.05,paiement,JP,80.807403,-47.02888,2025-06-02 05:44:04
C00110,2728.05,paiement,DE,-89.82871,55.020181,2025-06-15 02:00:04
C00011,2506.63,retrait,ES,-26.379209,89.974038,2025-06-16 14:40:04
C00065,417.62,paiement,CN,-46.891922,-2.832917,2025-05-19 17:59:04
C00081,207.56,versement,JP,42.170892,-14.596325,2025-05-31 05:17:04
C00177,4838.46,versement,ES,50.845596,81.32187,2025-06-05 02:01:04
C00140,3542.48,achat,US,-74.820308,53.486295,2025-05-24 08:56:04
C00001,3075.29,retrait,US,40.512225,-97.758661,2025-05-26 04:31:04
C00159,2953.73,versement,US,27.035024,13.746514,2025-06-05 19:50:04
C00170,4472.31,versement,US,-9.240336,-54.961132,2025-06-03 09:49:04
C00140,323.78,versement,ES,31.792106,130.222021,2025-05-25 23:43:04
C00139,966.03,retrait,JP,54.260917,43.57395,2025-06-11 20:13:04
C00044,2962.04,achat,FR,-59.483823,178.726393,2025-05-24 22:41:04
C00123,4105.05,virement,ES,-72.508468,101.269241,2025-06-10 10:46:04
C00071,4725.63,virement,FR,59.252334,-110.61988,2025-05-31 21:54:04
C00061,2902.57,virement,JP,-3.415705,-85.244002,2025-05-21 00:29:04
C00123,330.81,achat,IT,-74.53679,-4.250383,2025-06-10 06:10:04
C00072,4292.62,achat,ES,-4.466197,-23.761386,2025-06-10 03:01:04
C00047,2175.25,versement,JP,-8.971221,145.039917,2025-05-18 21:21:04
C00013,4626.11,virement,IT,-83.332913,-104.300015,2025-05-19 19:52:04
C00030,4525.07,virement,DE,-42.679594,12.159344,2025-06-08 09:51:04
C00130,2375.1,paiement,CN,-81.883886,11.303457,2025-06-09 11:31:04
C00047,3714.54,achat,ES,-55.457691,-145.332743,2025-06-16 08:21:04
C00137,2711.1,achat,ES,4.67467,-119.497092,2025-06-03 18:06:04
C00146,1269.76,achat,JP,89.022949,47.047403,2025-05-24 06:42:04
C00045,1178.8,versement,FR,-47.713347,-38.439833,2025-05-25 06:04:04
C00054,1127.7,versement,CN,6.346079,156.553954,2025-06-12 15:30:04
C00001,4538.07,achat,FR,-75.761754,-36.212472,2025-06-01 06:40:04
C00059,1224.47,virement,CN,56.310448,98.645512,2025-05-21 01:22:04
C00101,2859.05,paiement,IT,23.137167,-134.289798,2025-06-08 15:30:04
C00118,4780.98,retrait,UK,-29.486612,-68.725712,2025-05-29 01:25:04
C00012,1752.77,virement,IT,13.401811,56.93746,2025-06-04 01:01:04
C00153,1225.41,versement,ES,-32.995718,2.816836,2025-06-15 12:54:04
C00018,1470.14,virement,DE,9.563606,96.804741,2025-06-06 17:28:04
C00076,4804.78,virement,FR,-2.674728,129.173854,2025-05-25 05:11:04
C00136,3186.04,versement,DE,86.150792,128.237965,2025-06-01 17:49:04
C00091,2046.71,paiement,US,-30.708655,31.383466,2025-05-22 12:26:04
C00069,1734.19,achat,IT,33.423017,62.957044,2025-05-21 23:47:04
C00143,4072.13,versement,CN,-86.02052,-41.382551,2025-06-09 23:37:04
C00142,2892.43,retrait,US,-32.668268,88.077572,2025-05-23 19:41:04
C00197,4245.63,virement,CN,-5.537319,-51.922296,2025-05-19 09:36:04
C00085,4830.83,achat,UK,-77.365852,-133.34648,2025-05-23 07:58:04
C00029,1127.57,retrait,CN,-76.610223,174.726866,2025-06-08 01:43:04
C00181,152.81,versement,IT,37.763882,-98.907476,2025-05-27 15:36:04
C00079,2902.84,achat,UK,-19.174635,108.119878,2025-06-05 00:07:04
C00121,722.48,virement,JP,-68.105051,-96.898715,2025-06-09 13:50:04
C00121,4725.88,versement,US,-66.608404,96.961973,2025-06-01 14:55:04
C00009,267.27,virement,JP,-56.894747,-158.117454,2025-05-29 03:37:04
C00002,2554.16,virement,FR,53.547777,-86.405172,2025-05-25 01:48:04
C00028,136.02,achat,CN,-79.733279,11.03987,2025-06-13 06:19:04
C00053,3945.25,virement,JP,1.07731,140.99054,2025-05-27 01:06:04
C00174,1013.86,virement,US,6.180406,-31.364995,2025-06-04 08:05:04
C00076,4390.9,retrait,FR,-88.611451,153.949793,2025-06-07 10:46:04
C00113,4433.42,paiement,UK,30.088042,-175.9302,2025-06-05 18:34:04
C00091,2461.39,achat,DE,-55.8398,-77.240213,2025-05-26 16:59:04
C00187,2897.38,paiement,US,-11.163765,36.196242,2025-06-04 06:28:04
C00073,4221.16,paiement,DE,71.602149,-46.230443,2025-05-24 11:27:04
C00019,4376.87,virement,JP,67.634252,-21.733635,2025-06-01 18:34:04
C00031,3313.2,virement,UK,-87.316037,160.063714,2025-05-19 06:26:04
C00178,2903.65,achat,DE,24.968261,-138.552197,2025-06-12 03:32:04
C00097,303.18,paiement,IT,5.875533,-161.870775,2025-06-12 18:33:04
C00156,1773.91,retrait,DE,-20.793137,-154.222766,2025-05-30 07:41:04
C00002,731.44,versement,FR,-87.863743,-142.236243,2025-06-07 18:38:04
C00085,1025.1,retrait,CN,-31.65298,-95.869299,2025-06-08 06:03:04
C00140,2110.59,achat,IT,60.615779,152.352549,2025-06-13 07:52:04
C00195,3206.04,virement,CN,26.879471,-114.050196,2025-06-15 09:26:04
C00070,1522.28,achat,JP,85.93903,143.685257,2025-06-06 03:25:04
C00041,279.52,retrait,DE,-21.84889,68.72667,2025-05-26 18:42:04
C00133,1191.25,versement,ES,-82.44645,15.000921,2025-06-13 18:33:04
C00039,2347.7,virement,FR,-2.015719,-98.689207,2025-06-11 07:11:04
C00199,4378.63,paiement,CN,19.553133,4.689486,2025-05-18 14:58:04
C00136,895.51,versement,DE,36.775685,-91.676845,2025-05-31 05:41:04
C00023,3799.7,achat,FR,57.828194,108.160019,2025-05-23 23:35:04
C00081,4871.95,achat,DE,-22.997425,-148.092046,2025-06-11 07:58:04
C00180,2437.21,versement,FR,71.010937,75.97212,2025-06-06 04:21:04
C00171,2647.55,achat,UK,-7.059286,-93.727887,2025-05-30 10:00:04
C00038,484.42,retrait,FR,53.373788,-59.718198,2025-06-13 03:39:04
C00145,4143.27,achat,DE,-26.050128,-45.879524,2025-05-18 00:47:04
C00139,615.84,virement,CN,18.770084,-9.414302,2025-06-03 06:04:04
C00144,948.0,versement,ES,2.675346,92.953151,2025-06-07 23:38:04
C00192,550.6,paiement,US,-30.918647,107.452954,2025-05-21 14:29:04
C00193,3092.38,paiement,JP,-58.59846,36.004225,2025-06-15 05:24:04
C00169,304.42,paiement,FR,-88.442241,-99.802837,2025-05-22 12:53:04
C00068,2133.86,versement,DE,-32.690598,-59.403594,2025-06-15 17:30:04
C00116,4758.88,paiement,CN,-70.757911,71.091622,2025-06-10 05:54:04
C00191,2840.3,virement,UK,60.909932,-109.706484,2025-05-24 07:45:04
C00032,4884.89,virement,UK,24.247031,85.741043,2025-06-06 18:27:04
C00018,781.72,versement,JP,-49.153791,-37.751154,2025-06-15 17:34:04
C00155,3324.41,achat,ES,48.565899,-149.985261,2025-05-21 07:57:04
C00036,4315.35,retrait,IT,46.206868,-120.331015,2025-05-24 03:59:04
C00121,3888.7,versement,IT,37.475139,30.947219,2025-05-26 17:33:04
C00121,3670.63,versement,DE,22.338786,-49.024983,2025-05-25 16:48:04
C00012,1397.51,virement,JP,24.695975,-163.905865,2025-05-22 05:46:04
C00128,2883.26,virement,ES,-19.68747,90.988694,2025-06-09 18:30:04
C00089,327.47,virement,JP,47.26237,156.991625,2025-05-29 15:40:04
C00199,2443.88,achat,JP,-32.525926,-7.82661,2025-05-31 10:41:04
C00109,2654.96,virement,CN,-65.948427,84.879229,2025-05-25 18:42:04
C00078,4665.76,paiement,DE,-4.979787,-45.387827,2025-05-19 19:05:04
C00030,2415.19,virement,CN,50.491447,-50.083054,2025-06-09 06:11:04
C00007,4767.4,retrait,FR,-57.130723,5.335126,2025-05-26 07:37:04
C00072,4062.15,paiement,US,65.356998,106.410232,2025-05-20 02:37:04
C00085,230.2,virement,FR,30.020387,55.438301,2025-05-20 08:02:04
C00014,1778.7,retrait,JP,-85.56899,176.594476,2025-05-29 05:29:04
C00082,4622.81,retrait,UK,14.694592,-10.708545,2025-06-01 22:39:04
C00016,2142.27,retrait,ES,76.780227,81.946943,2025-06-07 17:46:04
C00029,3456.13,virement,JP,-49.255082,83.086994,2025-06-15 11:04:04
C00013,4962.7,versement,UK,-2.936593,72.253071,2025-06-15 15:38:04
C00151,2696.51,virement,JP,12.209392,-18.151964,2025-06-05 13:38:04
C00094,4688.99,virement,UK,-55.364997,105.972564,2025-05-22 11:07:04
C00009,3977.1,paiement,US,50.632332,156.692789,2025-06-09 23:14:04
C00152,1680.18,paiement,CN,-22.26926,120.362715,2025-06-11 18:33:04
C00018,2605.76,retrait,UK,58.693813,-105.697929,2025-06-08 07:13:04
C00111,1189.18,versement,ES,-23.652445,-129.554296,2025-06-10 14:19:04
C00100,1988.13,virement,CN,-63.035969,37.938708,2025-06-10 23:40:04
C00101,2710.85,retrait,JP,82.324684,85.945893,2025-05-26 11:47:04
C00054,263.04,virement,FR,20.81479,-14.677173,2025-06-03 04:03:04
C00180,1294.75,retrait,ES,-20.820307,174.725481,2025-06-11 12:02:04
C00119,4954.3,versement,JP,32.23143,-132.146669,2025-05-28 20:56:04
C00040,120.99,achat,CN,-78.436672,171.731672,2025-06-02 03:24:04
C00129,1768.74,achat,JP,8.692612,121.859407,2025-05-21 21:33:04
C00039,4684.77,achat,DE,-12.09991,45.45332,2025-05-27 22:23:04
C00021,3810.69,versement,JP,27.286999,55.281147,2025-05-27 03:43:04
C00131,617.1,versement,ES,-89.473417,174.144215,2025-06-12 05:41:04
C00004,624.27,versement,CN,80.426475,-128.877565,2025-06-03 00:30:04
C00114,3203.19,virement,DE,40.992747,-13.09447,2025-05-27 20:12:04
C00092,2211.25,versement,JP,51.231377,-103.913434,2025-06-14 07:45:04
C00124,2068.31,paiement,DE,72.764158,178.390619,2025-05-30 13:43:04
C00117,3539.19,paiement,DE,-54.73285,-32.19981,2025-05-31 02:43:04
C00036,3632.08,paiement,JP,-29.490779,162.298748,2025-06-03 15:50:04
C00042,4355.36,retrait,DE,5.081223,-60.937835,2025-06-08 09:23:04
C00010,2967.4,retrait,US,-69.486345,162.965346,2025-06-12 20:45:04
C00081,503.38,paiement,DE,-76.958102,124.24856,2025-05-30 17:38:04
C00162,4113.71,versement,UK,-38.523389,33.968415,2025-05-21 09:29:04
C00175,2057.67,achat,CN,24.321439,72.808403,2025-06-05 00:48:04
C00179,2286.97,versement,CN,-19.112387,70.611507,2025-05-18 05:58:04
C00067,4923.2,retrait,ES,47.442297,145.446927,2025-05-21 12:01:04
C00179,163.39,paiement,UK,40.856103,20.561171,2025-05-20 09:07:04
C00096,3519.62,retrait,DE,-71.843697,151.0224,2025-05-20 01:07:04
C00053,3113.84,retrait,UK,17.173345,-110.205751,2025-05-26 11:49:04
C00089,195.18,retrait,FR,31.191537,-43.831163,2025-06-06 18:51:04
C00090,71.27,versement,FR,-77.85805,-86.706652,2025-06-03 20:36:04
C00141,792.64,virement,IT,-30.904726,-87.738981,2025-05-21 14:35:04
C00162,2319.51,virement,IT,-21.680289,-86.3534,2025-05-25 18:17:04
C00171,3078.76,versement,ES,-17.955895,145.11724,2025-06-09 08:54:04
C00102,1042.11,virement,US,-68.216314,146.569872,2025-05-28 17:51:04
C00092,4920.54,versement,UK,-23.883006,-10.073525,2025-06-06 19:11:04
C00062,398.26,versement,CN,7.7568,169.48643,2025-06-14 07:22:04
C00067,1774.94,virement,UK,-45.761418,-96.591596,2025-05-24 03:41:04
C00170,4929.6,paiement,FR,-13.536514,-142.508255,2025-06-12 14:40:04
C00159,3046.29,retrait,JP,-6.344854,133.874505,2025-05-27 18:06:04
C00104,4822.34,achat,UK,-78.912068,171.86256,2025-06-14 22:21:04
C00078,1442.8,virement,FR,-10.688903,-162.343622,2025-05-25 18:32:04
C00115,2962.6,retrait,DE,88.244127,-145.245621,2025-05-31 21:11:04
C00110,467.97,retrait,FR,-48.726174,-148.1639,2025-06-16 06:25:04
C00200,2747.15,versement,IT,80.426442,126.672546,2025-06-07 20:57:04
C00120,4706.15,virement,UK,-77.723081,157.336343,2025-06-15 18:10:04
C00128,2318.97,achat,ES,79.707629,38.152467,2025-06-02 06:36:04
C00132,1500.7,virement,JP,-15.88862,-133.625988,2025-06-14 05:44:04
C00023,836.59,achat,FR,-4.015671,166.13308,2025-06-10 19:42:04
C00119,3009.17,achat,US,-68.796369,156.239403,2025-06-03 02:35:04
C00194,2395.67,versement,ES,-18.328342,-144.227449,2025-06-06 22:59:04
C00033,2707.45,retrait,CN,-57.949922,-84.538843,2025-05-18 22:26:04
C00037,957.93,paiement,CN,64.514476,51.089353,2025-05-24 20:56:04
C00125,2784.82,achat,IT,-0.719576,142.02699,2025-05-20 21:06:04
C00098,1134.22,versement,CN,10.873918,104.600673,2025-06-03 01:54:04
C00141,3953.3,versement,FR,28.077163,-15.478295,2025-05-22 17:04:04
C00058,4758.53,retrait,UK,44.571824,-65.918062,2025-05-18 16:22:04
C00057,1986.49,achat,IT,-17.985972,-14.967417,2025-05-25 06:58:04
C00060,3973.81,virement,DE,46.819942,-85.208707,2025-05-31 11:59:04
C00189,1315.19,paiement,JP,83.169645,-179.063587,2025-06-14 12:11:04
C00056,247.87,paiement,CN,77.851555,98.695223,2025-05-22 05:19:04
C00085,1567.64,virement,DE,-80.646623,41.805361,2025-06-06 02:37:04
C00120,2025.19,achat,CN,59.753069,-102.019859,2025-05-23 14:37:04
C00149,3392.25,paiement,US,-30.750199,-30.249703,2025-06-05 03:46:04
C00013,3638.3,virement,JP,52.81903,-85.851373,2025-06-06 23:29:04
C00061,4377.1,virement,US,14.507204,-102.174451,2025-06-09 10:18:04
C00021,2468.98,retrait,ES,39.698969,145.139781,2025-05-27 16:54:04
C00072,4046.22,paiement,CN,51.894731,81.884124,2025-05-26 10:22:04
C00051,2218.43,virement,DE,10.86794,106.080238,2025-05-28 09:31:04
C00035,4787.8,retrait,US,29.509266,44.937833,2025-05-29 01:03:04
C00100,4663.52,versement,DE,-70.311808,-147.051608,2025-06-01 23:06:04
C00058,1484.08,paiement,IT,32.121738,78.889052,2025-06-03 22:21:04
C00003,4420.64,retrait,US,67.299766,-29.402984,2025-06-12 04:54:04
C00118,3993.13,achat,IT,-47.316839,-162.672255,2025-06-15 16:45:04
C00192,1388.76,paiement,CN,-42.346781,-94.57006,2025-05-19 16:36:04
C00144,2607.96,virement,DE,10.861619,73.406795,2025-06-13 09:22:04
C00024,637.91,virement,ES,38.989205,-48.137072,2025-06-11 03:20:04
C00196,4420.35,virement,CN,37.47783,-89.915783,2025-05-20 23:36:04
C00053,440.3,paiement,IT,72.308941,-8.438676,2025-06-01 09:37:04
C00166,3681.43,versement,UK,78.125407,-143.879204,2025-05-21 21:18:04
C00013,2094.5,achat,JP,17.82033,-15.802351,2025-05-18 02:35:04
C00146,1563.26,versement,IT,15.17392,113.839128,2025-06-14 18:48:04
C00067,4744.85,paiement,JP,45.21961,-83.655535,2025-06-02 22:00:04
C00007,51.81,achat,DE,-40.333726,77.624618,2025-06-01 09:31:04
C00016,2423.35,versement,ES,68.808871,125.564764,2025-05-21 00:53:04
C00096,3432.9,virement,CN,51.326777,154.594083,2025-06-07 21:02:04
C00200,4835.0,paiement,DE,-8.615386,-29.44517,2025-06-03 23:01:04
C00041,3362.77,retrait,IT,59.760575,-59.937665,2025-06-09 04:35:04
C00054,4088.19,virement,ES,81.112668,-59.528109,2025-05-20 00:43:04
C00057,982.14,virement,ES,-18.098133,5.408777,2025-05-25 00:06:04
C00075,2847.45,versement,DE,11.667184,-93.604652,2025-06-06 08:35:04
C00145,4519.99,paiement,IT,-45.545711,-50.067489,2025-06-06 02:30:04
C00048,1817.42,virement,US,-8.620739,45.855307,2025-06-14 01:15:04
C00078,4562.38,retrait,ES,86.938185,-14.414728,2025-06-01 03:55:04
C00181,2877.94,paiement,IT,-17.232693,-98.566318,2025-05-24 08:29:04
C00092,2485.85,retrait,UK,-54.062149,-167.30194,2025-05-22 10:52:04
C00033,4431.76,retrait,FR,-19.834705,-159.866636,2025-05-18 14:09:04
C00190,2706.52,achat,ES,-11.539008,41.890872,2025-06-06 14:41:04
C00112,2110.72,achat,ES,15.669474,168.200085,2025-05-31 01:06:04
C00189,1353.67,virement,ES,51.987887,139.396649,2025-05-26 02:28:04
C00059,3282.45,achat,US,84.719071,119.194676,2025-05-19 07:13:04
C00129,1833.51,achat,DE,28.097418,-157.573573,2025-06-08 14:34:04
C00016,2515.85,paiement,UK,-30.480787,162.594402,2025-06-03 16:46:04
C00073,3179.72,virement,ES,74.484716,-43.454885,2025-06-04 14:28:04
C00150,3352.64,virement,US,88.676854,-100.945623,2025-06-15 23:38:04
C00184,4187.19,virement,FR,-47.801185,-86.364927,2025-05-28 11:36:04
C00188,961.73,versement,US,-6.721204,-69.126498,2025-06-16 19:49:04
C00155,1602.13,achat,FR,63.347702,-156.380234,2025-06-12 18:04:04
C00042,164.78,achat,IT,-16.779433,34.929006,2025-05-26 22:35:04
C00121,4436.31,virement,CN,58.9938,77.673383,2025-06-01 00:56:04
C00007,233.13,achat,CN,9.698299,16.535413,2025-05-22 23:01:04
C00108,4384.08,achat,JP,49.762732,-28.678408,2025-06-05 01:49:04
C00187,2562.72,paiement,US,86.774769,29.013968,2025-06-01 05:13:04
C00110,1839.63,retrait,UK,-4.382315,-63.281813,2025-06-09 12:48:04
C00061,1345.32,versement,DE,-19.652547,123.785306,2025-06-11 00:31:04
C00015,2497.94,achat,JP,-71.858451,162.601809,2025-05-31 09:46:04
C00165,2134.04,paiement,DE,65.314632,42.973205,2025-05-22 19:07:04
C00022,2871.03,versement,UK,47.040673,-121.784378,2025-06-12 19:41:04
C00142,307.34,paiement,UK,53.505735,-27.003666,2025-06-10 00:04:04
C00176,3304.23,virement,CN,-47.564146,-31.789297,2025-05-24 16:52:04
C00021,4426.78,retrait,IT,-86.462341,173.130711,2025-05-28 17:32:04
C00006,3492.68,virement,UK,-13.338415,34.405022,2025-05-29 05:19:04
C00091,1486.07,versement,US,78.584165,57.522062,2025-06-15 18:28:04
C00101,1247.3,paiement,IT,7.201056,122.550708,2025-06-13 17:08:04
C00003,4389.94,retrait,UK,22.429102,155.866629,2025-05-25 10:09:04
C00100,43.86,virement,IT,22.739934,-167.287162,2025-05-18 02:15:04
C00032,4183.3,versement,DE,38.155037,77.096506,2025-06-14 08:34:04
C00114,4017.07,retrait,DE,26.599175,-116.865284,2025-05-20 12:40:04
C00009,2061.0,paiement,UK,54.084754,15.966455,2025-05-25 21:57:04
C00126,1112.73,versement,US,-87.936135,-116.526269,2025-05-20 17:42:04
C00173,1317.07,paiement,IT,-13.72356,-60.55134,2025-06-14 03:36:04
C00130,1566.75,versement,FR,-60.165087,-7.899845,2025-06-12 20:55:04
C00099,3935.24,achat,ES,-15.882872,-72.502734,2025-06-07 14:21:04
C00012,765.0,achat,CN,-35.116988,56.786564,2025-06-12 06:49:04
C00192,316.16,retrait,JP,-25.998343,-54.243797,2025-06-11 17:38:04
C00069,655.8,achat,UK,-56.409281,163.614187,2025-06-04 07:27:04
C00107,303.35,virement,UK,-13.764759,-92.661682,2025-06-06 22:37:04
C00157,513.03,versement,CN,22.07331,-81.999167,2025-05-31 05:18:04
C00019,2831.17,paiement,JP,-87.796005,-10.526438,2025-05-24 21:34:04
C00012,4410.76,versement,IT,-86.028557,140.052371,2025-06-01 18:33:04
C00068,1338.02,achat,ES,-55.898568,101.782553,2025-06-01 14:20:04
C00069,1899.34,paiement,JP,69.757498,-26.378921,2025-05-29 13:18:04
C00108,1602.78,virement,FR,-4.566483,123.631971,2025-06-11 19:51:04
C00170,2847.56,retrait,DE,-17.319148,84.514233,2025-06-06 08:28:04
C00185,3425.61,achat,JP,53.621731,163.330702,2025-05-19 01:38:04
C00131,1663.34,paiement,IT,-1.160135,-137.205834,2025-06-11 19:14:04
C00115,2118.5,virement,UK,-28.251202,86.082704,2025-06-03 03:33:04
C00038,1579.22,retrait,CN,-4.97791,59.188344,2025-05-23 16:25:04
C00043,1984.47,paiement,UK,62.705395,23.820479,2025-05-22 12:09:04
C00013,2414.14,achat,US,66.084795,42.207029,2025-05-23 14:36:04
C00123,4987.75,paiement,FR,-56.328528,130.176359,2025-06-08 02:18:04
C00183,3683.36,achat,UK,49.951205,-117.234005,2025-05-31 11:54:04
C00096,4350.81,achat,US,23.40167,170.980774,2025-06-02 05:51:04
C00104,1370.36,retrait,DE,45.814935,17.946437,2025-05-21 01:19:04
C00074,136.7,retrait,DE,-33.062131,-112.189866,2025-06-03 00:02:04
C00199,3892.13,paiement,DE,13.495754,160.857589,2025-05-19 23:48:04
C00199,4725.39,achat,ES,-3.876519,-133.435241,2025-06-03 07:23:04
C00167,4977.19,paiement,US,34.561233,179.812484,2025-05-30 00:14:04
C00151,468.39,retrait,DE,-68.80934,139.765708,2025-05-18 14:18:04
C00185,1416.67,achat,CN,44.323277,-83.059858,2025-05-31 06:37:04
C00111,4818.51,virement,FR,-25.965378,75.608587,2025-06-10 18:05:04
C00077,4843.59,achat,US,3.230164,146.935071,2025-06-01 19:07:04
C00074,3622.48,virement,FR,55.682445,152.751722,2025-05-27 00:46:04
C00010,3905.82,virement,FR,11.982671,-142.379494,2025-05-20 13:38:04
C00024,4219.53,virement,ES,12.749745,122.054785,2025-06-11 11:56:04
C00057,2789.23,retrait,JP,2.072017,34.83933,2025-05-23 21:06:04
C00145,516.8,achat,UK,-81.523799,1.653943,2025-06-15 18:11:04
C00028,595.73,versement,US,-24.907052,-149.340488,2025-05-25 20:18:04
C00120,2199.81,versement,JP,44.653542,158.675143,2025-06-16 02:24:04
C00007,4817.89,versement,CN,66.582748,-58.226927,2025-06-12 07:31:04
C00020,3594.95,achat,DE,60.835607,-0.047685,2025-05-21 18:26:04
C00164,982.29,paiement,CN,-65.217887,-174.291074,2025-06-02 15:52:04
C00091,2895.17,paiement,UK,82.007536,20.658936,2025-05-24 20:02:04
C00080,2247.17,achat,JP,87.560384,89.70048,2025-06-02 03:02:04
C00062,4892.95,virement,UK,46.16705,-66.330175,2025-06-04 03:19:04
C00192,1318.06,achat,CN,64.086599,-68.639662,2025-05-27 06:03:04
C00052,3677.2,achat,CN,-55.726344,-63.818062,2025-06-08 09:49:04
C00160,1459.32,retrait,UK,76.162567,179.488824,2025-05-31 08:32:04
C00198,1569.37,virement,US,-71.029462,-104.15288,2025-06-16 09:55:04
C00064,3297.98,versement,DE,54.006315,-18.944555,2025-06-02 14:34:04
C00129,4794.95,virement,UK,-40.265699,60.605624,2025-06-05 14:18:04
C00107,342.08,paiement,ES,-73.987286,139.243901,2025-06-13 20:00:04
C00096,3680.89,retrait,JP,59.916161,-75.770799,2025-06-07 11:22:04
C00090,4670.31,virement,ES,61.139891,15.55876,2025-06-03 21:09:04
C00048,312.3,virement,CN,-39.134674,30.462289,2025-06-07 21:20:04
C00147,3973.71,virement,UK,-11.994051,127.851401,2025-06-02 05:38:04
C00165,3782.49,versement,CN,34.76936,-86.133676,2025-06-01 08:35:04
C00182,2857.53,virement,DE,-17.127218,-126.757485,2025-06-04 02:57:04
C00111,3635.98,retrait,UK,61.876589,-123.884273,2025-05-18 02:06:04
C00015,2966.0,retrait,JP,-9.54822,89.679488,2025-06-04 11:04:04
C00157,4857.82,retrait,UK,-40.94404,-59.675407,2025-06-14 03:01:04
C00035,1798.35,paiement,ES,-75.968507,-76.729387,2025-05-18 02:15:04
C00043,1139.74,virement,CN,-46.095736,54.178998,2025-06-02 17:32:04
C00099,876.48,virement,ES,56.61999,-4.289482,2025-05-22 17:23:04
C00135,2285.98,paiement,FR,-56.264076,82.304464,2025-05-20 16:59:04
C00047,1972.59,paiement,JP,70.828317,28.121846,2025-06-16 23:10:04
C00067,4235.49,achat,ES,5.548029,100.051441,2025-06-01 01:44:04
C00099,2029.82,virement,UK,-43.467067,139.517634,2025-06-05 02:46:04
C00022,4459.67,retrait,FR,-86.708206,37.518661,2025-05-28 14:24:04
C00182,2824.21,paiement,FR,-55.15002,151.952894,2025-06-13 13:22:04
C00031,3038.11,paiement,ES,-67.476583,108.21958,2025-05-20 16:03:04
C00058,2788.28,achat,JP,-29.826194,-164.787911,2025-06-05 06:40:04
C00193,2217.86,achat,US,27.130734,-47.595478,2025-06-13 17:45:04
C00197,640.12,retrait,DE,41.778441,-136.319755,2025-05-22 22:05:04
C00028,3514.07,achat,ES,-55.659641,33.671183,2025-06-03 10:52:04
C00041,2733.62,paiement,US,60.545222,-84.678251,2025-05-24 03:20:04
C00100,3406.68,versement,US,-31.065985,-176.493883,2025-06-07 11:11:04
C00199,4804.57,retrait,IT,28.472565,0.003894,2025-05-27 19:10:04
C00042,1860.64,versement,CN,-33.075265,-3.012302,2025-06-10 14:53:04
C00186,4878.55,virement,IT,-31.632917,147.155891,2025-05-18 16:40:04
C00002,3326.98,achat,IT,-40.366916,-177.378901,2025-05-28 17:14:04
C00192,2394.88,virement,FR,64.234318,120.180756,2025-06-14 10:58:04
C00142,1021.36,achat,FR,34.702375,-124.520503,2025-05-28 09:18:04
C00192,2313.67,versement,US,69.956412,10.33964,2025-05-21 21:42:04
C00034,4761.94,paiement,JP,-62.919593,-150.672281,2025-05-25 21:49:04
C00013,2457.7,virement,CN,-70.745584,-108.047201,2025-06-06 01:44:04
C00195,2619.58,retrait,US,61.575324,-69.293437,2025-05-28 09:43:04
C00147,4244.11,versement,US,-75.812746,49.482585,2025-05-20 16:55:04
C00058,23.93,versement,FR,-3.587347,142.782268,2025-06-08 22:42:04
C00120,1024.53,versement,CN,-82.136177,169.081905,2025-06-11 22:11:04
C00001,1370.32,virement,FR,-64.253427,-32.53429,2025-05-24 12:44:04
C00069,2366.28,versement,FR,-0.867933,-41.034,2025-06-03 03:06:04
C00130,1677.33,retrait,UK,-25.00335,135.100385,2025-05-29 10:53:04
C00038,4975.95,virement,FR,-85.354983,153.563635,2025-05-18 01:27:04
C00015,948.89,paiement,CN,-48.122695,94.443741,2025-05-30 19:14:04
C00014,948.51,achat,JP,-19.462826,31.02881,2025-06-06 11:01:04
C00085,59.12,achat,JP,2.435523,143.228438,2025-05-19 07:13:04
C00015,1737.47,versement,JP,40.968907,-142.579115,2025-05-20 01:26:04
C00153,1744.37,virement,UK,-61.485447,144.452956,2025-06-10 04:07:04
C00038,838.97,virement,FR,18.149609,135.488155,2025-06-09 06:01:04
C00189,64.41,achat,ES,0.049182,84.119059,2025-05-25 22:36:04
C00013,3294.21,versement,IT,-38.190424,118.93542,2025-06-04 20:47:04
C00010,879.77,paiement,JP,-54.583429,133.659737,2025-05-22 12:41:04
C00159,2721.23,retrait,UK,75.507814,-135.705597,2025-05-23 14:50:04
C00090,3070.94,achat,US,-47.19654,-140.58205,2025-06-03 13:40:04
C00156,2215.76,paiement,US,18.945419,121.646,2025-05-20 05:52:04
C00053,3001.06,virement,IT,7.059533,-43.578717,2025-05-31 19:41:04
C00060,1881.09,paiement,DE,-83.338367,110.593929,2025-05-28 22:10:04
C00077,3712.09,virement,ES,-22.125051,-174.116417,2025-05-22 08:38:04
C00054,425.43,virement,JP,-66.921742,50.592227,2025-06-10 05:52:04
C00120,1100.1,retrait,US,10.565505,83.733127,2025-06-11 08:25:04
C00072,174.0,versement,ES,23.222109,-174.910499,2025-06-12 03:47:04
C00174,4170.55,retrait,FR,-58.37125,-159.772098,2025-06-09 19:52:04
C00095,789.71,virement,CN,-50.382935,-175.414175,2025-05-26 08:52:04
C00132,470.66,paiement,DE,-55.281951,47.578489,2025-06-09 01:53:04
C00178,772.41,retrait,UK,-64.679445,-164.07404,2025-06-06 22:19:04
C00044,416.84,achat,JP,-57.620403,-38.130298,2025-05-19 13:35:04
C00056,4859.24,achat,FR,27.667543,112.62106,2025-06-09 18:16:04
C00143,4706.2,paiement,JP,-20.483474,-96.079642,2025-05-18 08:10:04
C00096,4943.73,virement,IT,37.581219,-22.572817,2025-05-21 06:24:04
C00042,1983.27,achat,US,49.003335,146.728211,2025-05-23 12:40:04
C00146,1840.83,achat,JP,18.231651,31.900797,2025-05-30 22:18:04
C00005,963.01,paiement,IT,-54.895355,-3.506897,2025-05-21 22:14:04
C00144,2036.09,retrait,US,-49.887825,20.880198,2025-06-04 08:25:04
C00181,2057.56,retrait,JP,80.948692,-45.977126,2025-06-03 11:19:04
C00131,1866.6,retrait,DE,0.257177,-127.879997,2025-06-04 16:59:04
C00126,4611.26,retrait,IT,56.307869,41.611029,2025-06-01 17:16:04
C00098,1765.03,versement,ES,57.858551,-163.824619,2025-06-05 14:41:04
C00122,579.87,achat,IT,-67.32247,129.167533,2025-06-08 06:10:04
C00124,1737.7,versement,UK,-37.571813,-109.257955,2025-06-13 22:42:04
C00173,598.69,achat,JP,-4.679717,93.806538,2025-05-19 19:08:04
C00088,646.31,achat,CN,75.358502,-167.435425,2025-06-07 18:40:04
C00145,1425.36,versement,ES,1.596086,-36.4835,2025-06-02 03:10:04
C00149,3837.03,paiement,JP,-7.663712,82.363889,2025-06-16 17:17:04
C00114,2651.9,paiement,US,-32.021996,23.91939,2025-06-15 17:55:04
C00058,2991.04,paiement,CN,4.855157,-82.66986,2025-05-29 11:37:04
C00124,3325.74,achat,US,-5.290994,168.163513,2025-06-06 10:53:04
C00050,4395.36,virement,ES,15.995458,58.260585,2025-06-10 17:07:04
C00100,4401.5,retrait,UK,-53.717826,-98.206172,2025-06-15 03:06:04
C00086,3286.32,achat,UK,77.707066,96.155759,2025-06-04 18:59:04
C00019,1071.99,retrait,US,80.855244,-170.44554,2025-06-11 20:41:04
C00056,2996.59,retrait,ES,20.499066,170.228017,2025-06-12 17:02:04
C00031,4253.26,achat,US,18.876625,144.802517,2025-06-16 22:13:04
C00061,1543.78,retrait,UK,-14.142515,124.19565,2025-05-27 01:42:04
C00168,3694.14,paiement,CN,-51.910057,-2.360981,2025-05-21 04:48:04
C00082,3322.25,retrait,US,-47.26623,42.880165,2025-06-01 18:21:04
C00057,1599.26,virement,FR,13.374617,-12.923216,2025-05-22 14:51:04
C00046,3080.83,virement,CN,-35.758556,-86.227789,2025-05-31 11:49:04
C00152,3942.54,retrait,ES,21.439897,-89.2232,2025-05-23 09:19:04
C00185,4959.85,achat,JP,19.07708,8.430407,2025-06-10 04:08:04
C00137,996.04,versement,FR,51.959473,-10.004448,2025-06-04 04:55:04
C00183,1966.47,versement,JP,-3.882905,162.69673,2025-05-21 12:48:04
C00097,943.6,versement,DE,-25.562491,-176.380201,2025-06-13 06:51:04
C00021,3851.51,versement,FR,-39.270718,84.334205,2025-06-09 08:02:04
C00011,81.37,achat,US,55.006021,116.353606,2025-06-12 12:21:04
C00078,2237.18,versement,CN,-68.656197,167.123462,2025-05-24 15:18:04
C00071,937.76,versement,JP,80.964323,141.412857,2025-05-29 08:00:04
C00015,353.07,versement,JP,-8.884752,137.335967,2025-06-05 18:00:04
C00098,2095.5,achat,US,69.758639,137.190238,2025-06-15 04:15:04
C00199,4434.77,versement,IT,-87.223458,10.346656,2025-05-29 15:05:04
C00098,433.4,virement,ES,-34.240212,95.70856,2025-05-28 12:14:04
C00138,1433.52,paiement,US,83.113006,173.137415,2025-05-25 15:08:04
C00114,2650.07,versement,FR,35.686164,58.886119,2025-05-31 01:19:04
C00002,3714.06,achat,US,6.451113,-31.454723,2025-06-16 07:33:04
C00012,4940.31,achat,IT,-70.391592,-178.697451,2025-05-30 06:42:04
C00035,3375.61,versement,US,5.264843,-11.684855,2025-06-16 15:26:04
C00124,777.13,retrait,FR,-42.42227,-27.685024,2025-06-03 01:49:04
C00159,3485.45,retrait,US,-49.5126,136.303097,2025-05-18 02:36:04
C00130,1647.8,retrait,UK,-68.439,10.409274,2025-06-04 12:41:04
C00069,3242.17,paiement,ES,-5.161039,-153.80246,2025-05-30 02:08:04
C00100,2785.9,virement,DE,34.3904,-35.802318,2025-06-16 15:39:04
C00109,4451.04,achat,IT,25.688986,-15.714176,2025-05-23 18:24:04
C00098,2274.3,virement,ES,26.542873,-85.726829,2025-06-09 11:18:04
C00140,3534.74,paiement,US,43.586734,-14.709791,2025-05-28 08:52:04
C00172,2866.09,achat,US,-15.788403,-29.974379,2025-06-09 15:11:04
C00128,3192.24,versement,JP,70.135043,54.642213,2025-06-07 12:19:04
C00056,1629.28,virement,IT,-10.19075,-112.698008,2025-05-22 10:16:04
C00160,4099.97,retrait,US,-69.329973,-118.098291,2025-05-22 08:05:04
C00075,3854.41,virement,FR,60.388288,-29.689649,2025-05-28 21:11:04
C00011,1049.69,retrait,CN,45.020021,102.826315,2025-05-21 18:40:04
C00113,4782.46,retrait,CN,-77.214626,-107.303261,2025-06-07 12:14:04
C00166,3872.53,paiement,US,30.656708,47.154687,2025-06-05 02:27:04
C00059,3163.81,versement,UK,-6.947533,-48.620318,2025-06-08 03:08:04
C00016,1699.15,versement,DE,-57.352034,-116.912949,2025-05-21 16:50:04
C00056,2880.27,versement,UK,-25.454545,123.746396,2025-06-08 00:34:04
C00045,1507.62,virement,FR,-66.940788,150.473844,2025-05-26 18:52:04
C00067,1519.9,virement,UK,-2.227369,-101.044888,2025-06-05 13:56:04
C00142,761.13,virement,FR,56.078632,13.24103,2025-05-21 18:40:04
C00091,706.25,versement,CN,11.033335,-152.99332,2025-05-30 23:46:04
C00191,3650.73,achat,FR,-63.283247,172.64987,2025-05-31 03:51:04
C00077,446.6,virement,IT,-61.276314,-140.306666,2025-05-30 11:52:04
C00068,41.36,retrait,US,22.654105,42.051606,2025-06-14 04:30:04
C00186,1951.36,virement,UK,50.981732,107.93566,2025-05-30 07:12:04
C00177,889.37,retrait,FR,-13.752791,135.992915,2025-05-19 16:49:04
C00101,269.08,achat,ES,-3.769734,163.58606,2025-06-04 00:15:04
C00124,235.0,virement,JP,-43.174166,179.33797,2025-05-25 22:03:04
C00058,4503.1,paiement,UK,-49.335503,84.452026,2025-05-23 21:15:04
C00136,4435.82,virement,US,14.307669,35.742322,2025-05-19 03:43:04
C00168,4152.45,virement,CN,-76.469754,-80.14857,2025-05-25 12:54:04
C00063,2187.12,versement,UK,75.478689,-135.831116,2025-06-05 07:23:04
C00045,4383.72,retrait,JP,-61.661215,168.696689,2025-06-01 10:10:04
C00189,86.05,virement,UK,64.396543,136.595045,2025-06-07 19:49:04
C00080,591.92,versement,JP,76.336381,-87.914287,2025-06-06 00:45:04
C00087,1098.98,paiement,DE,65.075572,18.270556,2025-05-27 22:02:04
C00174,1664.53,paiement,CN,78.836705,130.514519,2025-06-06 12:17:04
C00185,355.46,versement,US,65.965253,82.20233,2025-06-08 19:04:04
C00159,2009.68,virement,JP,87.580184,-171.008471,2025-06-10 12:48:04
C00140,1456.82,versement,ES,42.190911,-73.64208,2025-05-18 01:00:04
C00001,1964.55,achat,JP,46.541957,-67.223756,2025-05-23 07:24:04
C00122,306.73,achat,JP,-3.034095,3.671911,2025-06-16 18:13:04
C00127,2121.03,versement,UK,48.110084,-166.780413,2025-05-28 01:03:04
C00195,3372.33,versement,US,-32.611845,157.72344,2025-06-11 14:43:04
C00073,4266.67,achat,UK,21.22988,-90.852301,2025-05-24 00:51:04
C00072,4120.35,achat,ES,-61.065511,11.812403,2025-05-18 17:02:04
C00166,1430.51,virement,CN,-65.408288,164.888853,2025-06-11 14:40:04
C00187,4741.95,achat,ES,86.394737,96.432113,2025-06-15 01:25:04
C00163,2024.75,retrait,FR,-75.553242,-54.020158,2025-06-02 20:29:04
C00043,3391.69,virement,JP,-21.162947,63.565508,2025-06-01 01:38:04
C00137,1337.21,paiement,US,-68.268969,21.960563,2025-06-04 08:13:04
C00150,4583.01,achat,US,79.443795,-142.626535,2025-06-05 12:10:04
C00053,3498.01,achat,IT,-31.40512,-102.020305,2025-05-20 09:14:04
C00158,1561.59,retrait,ES,42.369492,-167.230228,2025-05-28 02:09:04
C00148,1621.58,versement,FR,67.72903,-66.049376,2025-06-01 05:35:04
C00141,1234.84,retrait,FR,54.365954,65.927432,2025-06-08 16:53:04
C00061,2990.16,achat,JP,77.273803,90.187421,2025-06-09 02:14:04
C00167,123.48,achat,CN,-41.172798,51.908588,2025-06-07 01:10:04
C00035,2570.84,achat,UK,68.025327,-17.099612,2025-05-28 09:40:04
C00132,735.05,retrait,IT,32.752754,-93.055631,2025-06-09 19:40:04
C00063,787.07,versement,US,39.200397,-168.753049,2025-06-11 08:27:04
C00040,806.19,versement,FR,-82.900246,-123.961956,2025-06-01 08:01:04
C00068,4587.12,paiement,ES,9.543137,72.410929,2025-06-02 17:47:04
C00047,593.69,paiement,CN,47.82664,93.468782,2025-06-09 08:34:04
C00161,110.17,versement,FR,26.17778,135.606685,2025-05-24 06:35:04
C00152,1109.25,versement,CN,-49.349253,50.707806,2025-06-05 16:17:04
C00163,4957.38,paiement,FR,-18.8623,72.963224,2025-06-15 00:05:04
C00081,1657.52,paiement,CN,23.113871,37.33147,2025-06-07 09:53:04
C00096,2661.39,achat,FR,-2.762046,-104.983828,2025-06-12 03:12:04
C00050,3548.43,versement,UK,40.845889,-19.248728,2025-06-15 23:26:04
C00122,781.08,virement,IT,10.056744,72.712654,2025-05-27 17:55:04
C00173,3671.7,achat,ES,-49.178311,41.272449,2025-05-22 20:49:04
C00055,1614.52,paiement,FR,74.948529,-40.780714,2025-06-15 12:45:04
C00105,2173.93,retrait,DE,-4.95053,111.405455,2025-06-13 12:25:04
C00017,1031.97,paiement,CN,-87.105554,-101.545884,2025-06-02 09:35:04
C00008,1451.69,retrait,IT,38.22486,-15.634721,2025-05-22 04:59:04
C00049,4367.14,versement,FR,50.447824,122.338794,2025-06-10 16:35:04
C00013,2073.24,achat,US,5.83079,170.288228,2025-06-16 09:43:04
C00042,2749.79,retrait,DE,89.779136,98.893784,2025-06-06 14:24:04
C00101,2373.75,virement,CN,-64.140859,113.593527,2025-06-02 23:54:04
C00149,3213.98,retrait,CN,70.832508,95.290814,2025-06-04 00:44:04
C00175,4272.03,paiement,UK,-0.868842,13.451101,2025-05-22 08:23:04
C00159,919.69,virement,JP,-12.815834,-63.630362,2025-05-27 07:56:04
C00026,2009.81,retrait,UK,-53.262813,100.207433,2025-06-15 16:46:04
C00046,682.21,versement,JP,65.102721,-132.019209,2025-05-29 14:26:04
C00090,3586.36,paiement,US,27.627314,-50.195083,2025-06-04 07:08:04
C00168,2399.05,virement,IT,-19.599576,161.665711,2025-06-13 08:26:04
C00018,4401.54,achat,ES,74.585136,159.109041,2025-05-19 02:35:04
C00011,2746.36,virement,DE,-57.728527,-64.409057,2025-06-04 15:28:04
C00050,43.73,achat,DE,7.023902,41.19984,2025-05-30 00:59:04
C00016,2943.4,paiement,DE,71.011528,115.780875,2025-05-21 09:55:04
C00083,333.14,paiement,JP,59.579076,19.145694,2025-06-14 23:02:04
C00070,170.07,paiement,IT,36.549327,153.599532,2025-06-12 13:46:04
C00129,1828.86,paiement,DE,86.735976,29.916785,2025-06-05 22:50:04
C00181,419.33,virement,FR,59.420071,15.757195,2025-05-31 23:21:04
C00093,2948.25,virement,JP,-46.04486,16.49913,2025-06-10 13:16:04
C00153,1075.09,achat,CN,-84.174166,-73.738481,2025-06-15 22:46:04
C00135,174.73,retrait,JP,16.254013,145.77721,2025-05-18 04:56:04
C00076,4227.34,paiement,US,-23.931739,80.803241,2025-05-23 11:58:04
C00133,1282.15,achat,FR,-55.252825,-42.122933,2025-06-04 08:27:04
C00145,917.41,achat,ES,-50.948231,-166.349842,2025-05-21 01:23:04
C00011,286.01,paiement,UK,-59.002079,77.321211,2025-06-02 01:29:04
C00083,2234.38,paiement,IT,-14.51943,102.174016,2025-06-05 10:53:04
C00036,2234.31,versement,CN,65.282982,160.507981,2025-05-21 07:13:04
C00136,4416.87,virement,IT,-66.432001,-156.751952,2025-05-21 14:35:04
C00033,1864.77,achat,FR,2.865357,57.235396,2025-05-27 21:52:04
C00133,3511.05,retrait,DE,-15.644246,43.878856,2025-06-15 22:58:04
C00085,2553.51,achat,CN,-15.49407,-96.582335,2025-06-15 00:50:04
C00003,4860.17,retrait,JP,22.006887,-133.960052,2025-05-31 22:12:04
C00093,1901.59,virement,ES,-51.494011,72.23127,2025-06-14 21:57:04
C00175,561.9,retrait,UK,17.185432,-91.61776,2025-06-05 15:39:04
C00122,4855.87,paiement,US,-17.683924,-172.834809,2025-05-24 13:11:04
C00084,1519.03,achat,FR,31.162128,7.284589,2025-06-16 01:04:04
C00078,447.87,achat,DE,-83.481862,-118.065706,2025-05-21 07:31:04
C00176,1377.41,paiement,DE,-70.313661,22.91022,2025-05-28 16:13:04
C00043,2280.24,paiement,DE,43.732405,85.939416,2025-06-04 15:32:04
C00072,3917.33,virement,US,-88.017341,88.619836,2025-06-06 20:20:04
C00044,1011.65,retrait,FR,26.695592,-56.690463,2025-06-14 18:26:04
C00195,3050.35,virement,US,-57.129037,100.00938,2025-06-06 12:05:04
C00084,4859.48,virement,UK,45.022637,-136.952894,2025-05-19 22:35:04
C00184,4189.62,retrait,US,-85.425293,-121.976621,2025-06-04 07:51:04
C00043,3694.84,achat,FR,53.509662,179.25735,2025-06-03 19:10:04
C00193,4908.04,paiement,UK,-73.939736,-81.640304,2025-05-27 09:11:04
C00103,4557.12,retrait,IT,52.436155,113.531505,2025-05-31 14:21:04
C00112,1990.71,paiement,JP,-80.623398,-71.252847,2025-06-06 17:34:04
C00026,1867.93,paiement,IT,33.855581,-43.465582,2025-06-13 15:59:04
C00184,1216.01,virement,UK,-84.414619,62.025526,2025-06-12 22:39:04
C00119,3767.94,paiement,FR,-44.699516,9.319072,2025-05-26 20:04:04
C00034,2384.87,paiement,ES,-57.719403,-96.183102,2025-06-13 01:15:04
C00155,2490.58,achat,IT,54.68562,-3.199223,2025-05-19 02:29:04
C00019,510.68,versement,FR,-76.10917,-173.757027,2025-06-05 17:38:04
C00028,3679.49,achat,FR,42.237106,-61.297599,2025-06-07 06:19:04
C00050,2448.72,versement,US,-81.628224,-96.624031,2025-05-19 01:22:04
C00124,4483.86,retrait,JP,3.647862,-37.63774,2025-06-06 03:16:04
C00065,688.65,virement,DE,67.595758,-39.920177,2025-06-02 03:32:04
C00097,4903.97,achat,US,-41.421835,-81.008453,2025-06-12 05:13:04
C00137,76.86,versement,DE,-87.06839,3.326485,2025-05-23 11:21:04
C00149,1776.95,retrait,JP,-26.842398,-126.255085,2025-06-09 20:54:04
C00048,3506.69,paiement,FR,-73.356226,0.551092,2025-05-30 11:18:04
C00113,2834.26,retrait,US,71.621383,89.306197,2025-05-25 10:37:04
C00197,1890.42,virement,US,-31.812614,-178.497651,2025-06-04 01:54:04
C00076,1874.09,versement,ES,-52.11019,-173.105944,2025-05-25 20:44:04
C00178,1697.47,virement,UK,70.797142,-148.058457,2025-05-20 02:29:04
C00171,4401.2,achat,UK,-4.122937,-129.332839,2025-05-27 19:02:04
C00034,1056.46,virement,DE,61.055572,79.703371,2025-05-30 22:25:04
C00119,537.12,versement,IT,-69.075136,-103.787052,2025-06-13 16:20:04
C00151,3906.68,achat,ES,-88.348442,-120.526164,2025-06-10 20:18:04
C00032,3954.18,retrait,IT,-70.292662,106.38818,2025-05-25 02:15:04
C00102,229.33,versement,US,10.151866,137.011685,2025-06-15 22:57:04
C00004,850.92,versement,US,28.880305,65.141987,2025-05-28 11:47:04
C00044,2846.81,paiement,JP,-49.940594,-145.448672,2025-06-16 14:40:04
C00105,2774.78,achat,DE,63.14343,-144.480932,2025-06-13 17:52:04
C00142,3615.2,paiement,IT,-17.948345,162.359683,2025-06-06 03:59:04
C00108,4899.07,versement,IT,72.997849,-140.306051,2025-06-16 02:15:04
C00160,3988.58,retrait,IT,-17.543552,-174.97778,2025-06-03 01:35:04
C00098,824.03,paiement,JP,11.512465,49.306019,2025-05-18 15:25:04
C00151,3587.18,retrait,FR,-72.267664,-150.104366,2025-06-08 11:12:04
C00112,4320.42,paiement,JP,3.030323,-162.547895,2025-06-16 13:09:04
C00092,53.43,retrait,ES,-64.012839,55.64566,2025-05-18 03:58:04
C00012,3373.49,paiement,JP,-43.408995,60.961145,2025-05-25 09:04:04
C00169,2490.82,versement,UK,-15.912289,112.27252,2025-06-14 23:42:04
C00051,3455.89,versement,CN,48.800752,149.668074,2025-06-13 20:06:04
C00182,2082.38,virement,DE,7.607046,32.759961,2025-05-19 15:59:04
C00183,245.25,achat,DE,-67.357392,-77.463427,2025-05-24 09:45:04
C00160,4415.91,achat,IT,26.273949,73.5829,2025-05-28 06:44:04
C00178,2546.39,virement,US,-21.554947,138.572795,2025-05-29 11:04:04
C00193,4587.91,versement,CN,52.155011,-78.235879,2025-05-21 19:33:04
C00157,4052.69,achat,US,-66.238794,41.602182,2025-06-05 19:43:04
C00077,2520.66,virement,FR,-31.332676,27.547459,2025-05-20 07:07:04
C00026,2294.74,virement,FR,86.25192,98.916814,2025-05-20 00:15:04
C00055,1383.01,versement,ES,41.214625,77.351421,2025-06-09 08:02:04
C00193,2675.57,achat,CN,13.419587,11.555023,2025-06-11 19:43:04
C00153,1403.33,retrait,UK,34.083528,21.818532,2025-06-14 20:18:04
C00058,65.73,achat,ES,40.080426,84.246601,2025-05-19 04:42:04
C00191,3269.96,achat,JP,50.628696,-19.533795,2025-06-01 19:38:04
C00082,1207.36,virement,IT,58.322116,-120.557143,2025-05-25 21:51:04
C00035,481.64,versement,FR,-37.255107,-101.52738,2025-05-30 23:48:04
C00001,4867.97,paiement,ES,-56.15996,97.825551,2025-06-10 09:07:04
C00141,2953.01,achat,ES,81.870112,167.879799,2025-06-08 05:09:04
C00183,4118.4,versement,FR,-22.432837,132.053427,2025-05-28 16:31:04
C00160,1227.55,virement,CN,81.929966,119.877755,2025-05-30 17:07:04
C00184,1059.88,paiement,UK,-61.550889,-100.863736,2025-05-25 07:22:04
C00125,283.35,paiement,IT,-10.32236,53.739505,2025-05-18 09:48:04
C00082,3342.61,virement,FR,-13.250031,66.916258,2025-05-20 03:23:04
C00053,4057.06,virement,US,-49.280801,160.412072,2025-06-09 15:47:04
C00086,2733.28,virement,ES,-10.100697,73.242186,2025-05-31 16:48:04
C00076,12.16,paiement,IT,7.903824,94.11597,2025-06-01 06:27:04
C00143,1314.64,retrait,FR,-76.736072,174.9711,2025-05-18 19:45:04
C00047,1566.61,paiement,CN,35.273807,11.52026,2025-06-02 11:31:04
C00094,3073.74,paiement,IT,-62.304513,-54.878555,2025-06-05 03:46:04
C00036,4160.97,versement,ES,-67.304654,160.574231,2025-05-25 20:26:04
C00193,921.98,retrait,CN,25.001918,28.369352,2025-06-01 08:44:04
C00069,1582.15,achat,DE,76.456197,-122.350927,2025-06-05 15:02:04
C00090,4753.43,virement,ES,-72.148612,-161.017706,2025-05-30 13:09:04
C00049,3282.29,paiement,JP,47.220302,-130.58969,2025-06-15 01:28:04
C00186,2486.03,paiement,US,-83.833803,145.355515,2025-05-26 15:19:04
C00121,2373.0,virement,ES,48.190667,-168.080647,2025-05-28 02:18:04
C00043,2583.83,achat,DE,56.8385,64.199253,2025-06-15 22:00:04
C00170,1856.01,achat,CN,68.135834,-80.25056,2025-06-03 08:29:04
C00037,4209.78,virement,US,-8.928887,-41.392148,2025-06-01 16:40:04
C00093,3869.31,achat,FR,-9.550203,147.057396,2025-05-20 08:27:04
C00084,2932.43,versement,FR,9.878477,96.147674,2025-05-18 21:16:04
C00128,3586.29,versement,ES,52.395504,146.258296,2025-06-04 18:13:04
C00091,691.38,paiement,FR,-87.923997,-154.000101,2025-06-16 16:12:04
C00017,2530.51,achat,FR,-12.412838,-122.669443,2025-06-15 05:01:04
C00031,3450.56,virement,DE,-55.252447,119.170453,2025-06-05 21:51:04
C00200,2427.95,virement,JP,52.950712,-78.555362,2025-05-31 04:43:04
C00069,531.29,retrait,DE,-12.717814,19.651746,2025-05-26 17:33:04
C00028,4079.71,versement,UK,49.30524,74.723402,2025-06-13 18:23:04
C00020,3724.28,retrait,DE,18.855091,93.290094,2025-05-21 09:08:04
C00189,2290.56,paiement,JP,0.268144,150.944975,2025-06-07 17:38:04
C00117,1296.39,paiement,US,62.527198,-119.1837,2025-06-04 15:09:04
C00075,516.83,retrait,ES,-76.90793,90.606848,2025-05-21 06:19:04
C00039,3241.32,retrait,FR,-35.133608,-16.880081,2025-05-19 22:52:04
C00175,1930.47,versement,UK,-72.885298,68.922367,2025-05-21 08:17:04
C00026,673.39,achat,DE,61.984117,-47.64518,2025-06-04 15:03:04
C00027,1168.5,versement,ES,-18.907792,156.708942,2025-06-15 00:26:04
C00145,3118.89,versement,IT,-45.74828,-103.418353,2025-05-22 03:06:04
C00120,3645.25,versement,CN,-55.876578,-11.701852,2025-05-26 20:14:04
C00021,1317.92,retrait,CN,4.69352,-28.052891,2025-05-23 08:52:04
C00085,1510.07,achat,CN,45.780102,161.132074,2025-05-25 00:21:04
C00179,3299.03,achat,CN,62.749845,-121.048953,2025-06-14 15:02:04
C00148,1066.77,versement,ES,42.062012,-74.730748,2025-05-31 07:37:04
C00188,3047.82,versement,JP,84.324484,-48.187216,2025-06-02 15:00:04
C00191,3691.41,achat,CN,88.311389,-155.985372,2025-05-19 06:51:04
C00073,578.21,versement,CN,74.81677,169.203144,2025-06-13 11:43:04
C00102,4475.85,virement,US,-13.578458,28.338868,2025-05-29 04:03:04
C00028,3819.22,versement,ES,-72.25811,133.643042,2025-05-22 23:05:04
C00165,2805.21,retrait,ES,74.992146,-39.870016,2025-05-24 23:37:04
C00028,2988.9,versement,DE,68.669852,-3.499536,2025-06-04 13:47:04
C00082,2088.71,retrait,DE,-65.215712,11.427239,2025-06-08 02:00:04
C00053,2274.65,achat,UK,-70.015314,118.583869,2025-05-28 03:11:04
C00198,3847.05,achat,IT,-20.305127,-135.662123,2025-05-21 01:23:04
C00007,3426.54,retrait,ES,-31.102317,-87.286875,2025-05-20 23:23:04
C00028,3442.19,retrait,US,-13.500595,-0.529919,2025-05-20 06:33:04
C00174,847.31,retrait,IT,-83.53379,103.662837,2025-06-14 12:02:04
C00070,1507.88,versement,CN,89.422939,25.07361,2025-05-26 12:47:04
C00025,4150.43,virement,DE,-32.475397,-130.660196,2025-06-02 18:08:04
C00011,4209.43,virement,US,7.622117,17.757979,2025-05-29 22:07:04
C00037,2618.74,retrait,DE,72.123132,140.098168,2025-06-06 05:46:04
C00176,379.75,versement,FR,-83.464739,173.862558,2025-05-24 14:52:04
C00086,2150.2,retrait,US,56.857344,155.372421,2025-06-05 17:07:04
C00182,438.64,versement,CN,-18.573861,-142.888964,2025-06-15 03:13:04
C00035,4584.25,retrait,JP,74.392306,22.660666,2025-06-09 01:32:04
C00104,2500.09,paiement,CN,-68.44777,-106.66427,2025-06-06 10:00:04
C00181,4250.38,achat,DE,-46.073766,42.373235,2025-06-07 07:51:04
C00192,719.63,virement,JP,-80.84244,-163.847273,2025-06-01 22:15:04
C00188,4498.83,retrait,FR,9.814748,-150.832513,2025-05-18 18:04:04
C00033,653.1,retrait,FR,39.002827,108.829268,2025-06-15 09:35:04
C00072,2511.69,versement,JP,82.525889,128.237096,2025-05-27 02:03:04
C00186,20.74,paiement,DE,56.442673,42.917243,2025-06-16 16:40:04
C00057,4044.53,retrait,UK,-18.459607,-95.247872,2025-06-16 01:28:04
C00103,2499.18,versement,JP,84.160278,142.386776,2025-06-16 06:12:04
C00002,4338.4,paiement,UK,75.324743,-161.394774,2025-06-15 02:46:04
C00054,4031.17,paiement,DE,-45.592719,48.075659,2025-06-15 00:06:04
C00102,2087.46,versement,US,-65.847833,108.826188,2025-06-08 23:23:04
C00053,4448.81,achat,DE,24.86387,-103.499117,2025-06-12 12:51:04
C00035,4734.28,versement,CN,20.925149,97.334984,2025-06-05 13:12:04
C00052,2401.63,achat,JP,-30.979776,175.019546,2025-05-20 18:43:04
C00167,1899.16,versement,CN,-14.071525,133.129049,2025-06-15 15:16:04
C00044,1086.87,achat,CN,-23.829167,-70.784953,2025-05-24 17:40:04
C00061,1332.71,paiement,DE,82.935816,-164.490467,2025-05-19 14:56:04
C00088,2120.65,virement,CN,24.904847,-89.775642,2025-05-18 20:02:04
C00090,2612.23,virement,US,-63.848536,-128.743105,2025-05-31 06:04:04
C00001,1467.24,virement,FR,-85.598145,-100.263989,2025-06-11 05:38:04
C00197,4450.88,paiement,ES,-71.062121,-145.121194,2025-06-02 18:01:04
C00042,2054.74,achat,CN,-44.15465,108.756379,2025-05-24 19:18:04
C00093,57.98,achat,DE,16.067022,91.309026,2025-06-02 03:36:04
C00141,1835.39,retrait,UK,1.683705,-41.851303,2025-06-15 21:19:04
C00076,4123.77,retrait,CN,29.661882,-168.799766,2025-06-07 21:31:04
C00100,4892.01,achat,CN,-57.845945,-16.648224,2025-05-31 10:48:04
C00153,3252.33,achat,FR,-49.302388,174.225077,2025-05-29 17:22:04
C00173,2187.26,virement,DE,-15.859256,-87.316963,2025-06-01 17:58:04
C00096,2772.35,versement,US,66.982832,-178.61004,2025-06-08 14:52:04
C00028,2070.55,virement,DE,-60.89345,-83.583945,2025-05-31 10:07:04
C00070,1242.95,versement,JP,8.522013,48.411382,2025-05-18 09:58:04
C00183,1682.08,achat,CN,8.460718,91.826809,2025-06-09 02:17:04
C00160,3009.12,retrait,UK,-18.407198,138.548069,2025-05-21 12:56:04
C00149,4369.22,virement,CN,-47.417671,-141.091377,2025-06-06 02:49:04
C00028,4254.18,virement,CN,76.308956,77.012973,2025-05-31 17:56:04
C00187,2914.08,virement,ES,63.808446,-114.074938,2025-06-12 04:49:04
C00070,856.92,versement,FR,-37.103431,-164.341667,2025-05-28 19:21:04
C00161,321.71,versement,US,56.314752,23.282604,2025-05-23 23:02:04
C00039,4428.38,virement,UK,13.759878,-167.900703,2025-06-02 21:48:04
C00135,265.55,retrait,IT,-89.721333,-26.810386,2025-05-25 17:06:04
C00056,4071.44,versement,US,53.564016,174.795782,2025-05-22 03:27:04
C00105,1335.78,achat,ES,-57.549821,121.203469,2025-05-25 01:13:04
C00144,1562.61,versement,IT,24.021741,-117.557389,2025-05-21 20:20:04
C00142,3564.81,versement,IT,-12.045529,174.380301,2025-05-18 00:02:04
C00196,1494.73,paiement,DE,-32.459354,11.705153,2025-06-14 18:28:04
C00016,1950.29,versement,US,-75.25099,-119.205472,2025-05-29 12:13:04
C00023,975.16,achat,US,11.015817,50.812096,2025-05-28 20:24:04
C00200,3893.25,virement,ES,-69.104816,38.31595,2025-06-02 15:32:04
C00184,4456.66,retrait,DE,-70.773003,85.666415,2025-06-02 23:44:04
C00136,63.58,virement,UK,-7.044355,-3.635492,2025-06-06 07:25:04
C00033,1903.14,virement,DE,27.429579,167.622124,2025-05-29 21:00:04
C00155,451.97,virement,ES,-24.306401,-40.557571,2025-06-05 16:19:04
C00009,489.81,virement,ES,43.354982,-163.156157,2025-05-22 14:52:04
C00024,3984.63,retrait,ES,-66.560404,102.064432,2025-06-14 15:04:04
C00119,2444.06,retrait,UK,83.145981,-45.978099,2025-05-27 21:36:04
C00120,2513.74,virement,DE,-25.934166,139.174885,2025-05-25 03:10:04
C00043,2604.23,paiement,FR,-66.763606,-35.375485,2025-06-05 16:46:04
C00143,3714.51,retrait,JP,-14.533619,8.404973,2025-06-07 08:35:04
C00022,110.15,retrait,ES,72.241274,-115.798677,2025-06-16 22:04:04
C00171,2939.54,virement,UK,-75.355812,11.428806,2025-05-27 08:33:04
C00171,446.0,achat,ES,-79.017936,-145.696197,2025-06-12 15:02:04
C00138,1001.81,virement,IT,-25.841623,-108.778958,2025-05-30 02:09:04
C00146,4741.04,retrait,DE,-56.230012,-54.565226,2025-06-13 17:33:04
C00079,4060.14,achat,IT,86.553955,83.98955,2025-05-22 02:28:04
C00018,3254.82,retrait,JP,-62.951442,-100.1364,2025-05-27 11:08:04
C00172,4705.97,versement,UK,-43.707735,92.20138,2025-05-18 22:59:04
C00117,4129.88,virement,UK,89.828415,75.84933,2025-05-27 06:26:04
C00125,2915.12,virement,FR,74.801664,-86.729854,2025-06-07 12:54:04
C00094,2712.16,virement,DE,-54.724678,43.472287,2025-06-04 11:26:04
C00187,2120.33,virement,IT,-47.784497,154.299792,2025-05-18 09:45:04
C00194,319.76,achat,UK,-27.587802,78.986858,2025-05-18 16:05:04
C00134,4707.6,achat,ES,11.410691,-82.580923,2025-06-06 21:01:04
C00103,839.36,achat,UK,-75.167193,173.079242,2025-05-30 02:54:04
C00111,32.17,versement,CN,58.427368,109.175124,2025-06-08 16:53:04
C00116,3252.57,retrait,DE,12.951587,-103.941985,2025-06-15 16:03:04
C00119,3224.22,virement,IT,23.985176,-106.960303,2025-05-30 20:12:04
C00128,3323.33,retrait,US,-30.501107,61.933356,2025-06-08 08:36:04
C00088,343.22,achat,FR,-61.409905,87.098127,2025-06-11 20:16:04
C00193,1784.81,virement,DE,-58.827375,-137.119021,2025-06-13 10:39:04
C00183,2539.35,paiement,ES,23.434073,-138.796475,2025-06-12 20:27:04
C00129,827.53,virement,UK,-17.69164,37.367546,2025-06-08 02:28:04
C00103,1974.33,virement,DE,-34.996451,-70.272179,2025-06-10 12:31:04
C00075,248.76,paiement,US,13.902476,-63.708695,2025-06-16 20:20:04
C00012,1556.12,virement,IT,-30.322274,59.986981,2025-05-29 03:59:04
C00154,4905.17,paiement,DE,-27.302107,-146.945019,2025-06-16 05:11:04
C00149,453.14,achat,DE,57.755902,116.139596,2025-05-24 18:56:04
C00162,4961.16,retrait,CN,-48.160725,60.550879,2025-06-09 05:53:04
C00038,1311.65,retrait,IT,84.209203,-0.822576,2025-06-04 07:26:04
C00070,1803.83,virement,US,-62.502464,-126.454205,2025-06-03 08:03:04
C00193,3372.89,achat,UK,66.15075,150.640205,2025-06-02 01:00:04
C00024,4187.47,paiement,IT,-27.188057,12.45912,2025-06-11 17:52:04
C00117,2922.79,versement,UK,40.443073,53.333931,2025-06-08 22:07:04
C00066,3131.57,versement,FR,82.706428,-165.85915,2025-05-31 00:27:04
C00018,1730.13,paiement,DE,73.368358,-4.288599,2025-05-19 18:24:04
C00142,489.86,versement,FR,37.606398,93.160596,2025-06-02 02:42:04
C00178,3893.87,virement,CN,7.03259,161.201981,2025-05-23 22:42:04
C00014,1209.75,virement,ES,-82.420263,-129.434002,2025-05-31 21:04:04
C00101,4209.05,achat,UK,-6.781886,-8.21917,2025-06-03 23:09:04
C00036,3619.67,paiement,JP,-86.418509,69.870897,2025-06-06 11:51:04
C00166,4010.28,paiement,US,-25.360591,171.179852,2025-05-25 06:05:04
C00112,3939.61,paiement,JP,69.035045,-125.983303,2025-05-28 00:31:04
C00061,1224.05,achat,DE,58.451866,136.46069,2025-06-03 11:41:04
C00178,2001.13,achat,UK,80.017339,25.804684,2025-05-18 17:08:04
C00183,4831.93,paiement,ES,89.318962,90.662121,2025-06-13 08:03:04
C00070,4339.11,virement,US,-18.434293,66.536763,2025-05-29 20:14:04
C00175,4693.61,retrait,JP,-10.252234,-63.942737,2025-06-02 02:04:04
C00086,367.02,virement,JP,-22.165846,-128.075842,2025-06-07 14:08:04
C00159,377.48,paiement,UK,-40.055526,12.627537,2025-05-25 15:07:04
C00030,673.77,achat,US,-19.516533,79.529,2025-05-25 04:07:04
C00014,2124.42,versement,ES,76.747333,-121.938742,2025-05-25 16:07:04
C00120,1432.14,versement,FR,-9.327487,78.635658,2025-06-09 23:11:04
C00016,3255.52,retrait,IT,78.339622,-6.727002,2025-06-12 11:23:04
C00144,1235.43,paiement,JP,-50.417717,-125.403295,2025-06-07 02:32:04
C00027,4615.37,paiement,CN,69.855218,-95.934094,2025-06-02 22:04:04
C00132,2427.72,paiement,CN,71.960836,-70.380277,2025-06-01 19:20:04
C00178,4086.02,achat,FR,49.809072,-55.779738,2025-06-15 16:51:04
C00068,1185.19,virement,IT,-7.378113,70.706328,2025-05-26 11:20:04
C00099,3720.67,achat,JP,-50.955514,141.262068,2025-05-28 15:37:04
C00098,2231.81,versement,CN,1.983937,-136.929948,2025-06-06 07:23:04
C00068,4382.9,paiement,FR,68.777577,29.477831,2025-05-22 19:50:04
C00090,1963.08,paiement,CN,-22.521521,-124.315683,2025-05-18 09:27:04
C00036,1060.3,retrait,CN,-19.598983,-112.808663,2025-05-26 17:27:04
C00057,4053.01,virement,ES,52.226804,61.59599,2025-06-05 22:05:04
C00011,1013.64,paiement,US,-75.521055,43.754622,2025-05-28 13:29:04
C00098,2107.97,virement,UK,-26.465196,86.734097,2025-05-23 16:37:04
C00022,2226.11,retrait,ES,5.172965,75.18696,2025-05-30 12:07:04
C00177,3933.56,versement,UK,64.41849,-25.272847,2025-06-10 23:54:04
C00125,3314.92,achat,DE,43.910963,144.363441,2025-05-28 05:23:04
C00041,1933.69,achat,US,-13.047777,32.417355,2025-05-21 07:30:04
C00025,2286.7,paiement,IT,4.112442,-4.418223,2025-06-04 04:52:04
C00043,421.86,retrait,IT,-49.709028,28.346019,2025-06-16 07:04:04
C00154,2023.88,paiement,CN,-4.468439,-106.299584,2025-06-05 05:58:04
C00142,2985.46,achat,FR,83.076051,-38.84986,2025-06-14 08:24:04
C00083,2634.45,paiement,ES,-35.532747,177.81056,2025-06-02 19:15:04
C00188,1071.34,virement,JP,26.423537,-54.964984,2025-06-04 15:40:04
C00031,1112.88,retrait,IT,52.909668,134.535477,2025-06-10 07:38:04
C00001,372.46,achat,US,58.775828,126.071222,2025-06-06 12:16:04
C00013,879.39,versement,UK,-78.968065,145.656291,2025-06-13 13:56:04
C00123,1640.11,achat,JP,74.943755,132.357673,2025-05-18 17:33:04
C00183,4289.27,paiement,IT,18.82191,-8.954747,2025-05-29 00:02:04
C00159,3689.7,virement,UK,35.627714,153.641405,2025-06-07 01:05:04
C00027,919.72,versement,CN,-26.045058,-2.34906,2025-05-20 23:47:04
C00178,4218.05,retrait,US,-82.268832,-140.587606,2025-05-27 04:42:04
C00029,215.39,achat,JP,33.468677,-69.135442,2025-05-20 05:27:04
C00043,4830.93,achat,CN,-5.475514,-112.902793,2025-05-23 08:59:04
C00106,824.42,retrait,CN,85.820112,71.596462,2025-05-28 09:24:04
C00173,4833.45,versement,IT,-10.451281,54.910549,2025-06-02 09:41:04
C00005,196.14,versement,CN,81.451765,134.911193,2025-06-01 01:31:04
C00113,1236.65,versement,US,3.141339,-150.063304,2025-06-07 19:50:04
C00026,4775.96,retrait,US,-6.546139,-129.354443,2025-06-09 20:49:04
C00179,1982.52,paiement,IT,80.915524,-34.318575,2025-06-02 06:49:04
C00032,138.96,paiement,CN,85.312574,28.34676,2025-05-25 01:41:04
C00106,204.29,achat,ES,56.147766,174.25689,2025-06-09 20:18:04
C00138,1450.91,achat,FR,76.355591,-91.795407,2025-05-22 17:58:04
C00070,2528.45,achat,ES,-8.911745,-68.794697,2025-06-01 06:30:04
C00137,3292.65,virement,IT,88.36625,-160.673162,2025-05-25 05:52:04
C00016,3357.28,paiement,DE,-28.460604,-53.069431,2025-06-12 08:09:04
C00078,1284.55,virement,FR,-34.82236,161.300494,2025-05-19 03:30:04
C00072,1723.32,versement,CN,-47.373323,103.968409,2025-05-31 06:07:04
C00011,92.0,virement,US,85.291092,147.499016,2025-06-08 09:38:04
C00060,3294.21,retrait,CN,-35.62298,77.133873,2025-06-07 08:55:04
C00030,4162.57,achat,US,-57.192719,173.147152,2025-06-04 12:53:04
C00109,3950.62,achat,ES,-73.532724,-32.799128,2025-06-04 04:47:04
C00033,4823.82,versement,CN,25.607341,173.234563,2025-05-27 02:38:04
C00012,2943.6,virement,UK,71.403266,-124.645048,2025-05-26 03:30:04
C00097,505.75,retrait,FR,78.345817,107.134787,2025-05-21 20:50:04
C00044,3438.23,paiement,ES,40.162817,-152.030273,2025-05-28 09:48:04
C00096,33.34,paiement,DE,-21.507117,117.38321,2025-05-22 09:48:04
C00121,3618.98,versement,FR,-39.941925,-124.230793,2025-06-13 08:16:04
C00107,43.37,achat,US,83.710095,-25.237807,2025-06-12 22:46:04
C00018,2470.0,achat,FR,53.158529,-173.919252,2025-06-15 03:33:04
C00169,2955.79,versement,UK,54.619619,-120.825301,2025-05-21 14:12:04
C00115,1602.38,achat,JP,-34.94871,124.005608,2025-05-25 02:48:04
C00156,4214.06,versement,US,1.214622,117.400179,2025-06-07 08:06:04
C00153,3424.85,retrait,IT,-68.457668,138.827242,2025-05-27 08:38:04
C00012,4329.85,achat,CN,-69.541829,-87.845332,2025-06-13 06:31:04
C00025,3875.95,paiement,ES,-83.815366,-179.447754,2025-06-14 14:32:04
C00091,4642.55,virement,FR,28.270738,-63.32378,2025-06-06 14:08:04
C00036,3812.33,retrait,JP,-2.725125,114.243193,2025-06-03 05:25:04
C00195,1851.82,achat,CN,62.951966,149.561494,2025-05-23 12:59:04
C00177,3274.07,paiement,US,-9.267566,-124.07018,2025-06-10 14:20:04
C00102,1386.2,achat,CN,-47.783803,-35.582356,2025-06-02 17:29:04
C00144,2832.87,paiement,CN,-79.054353,-164.660034,2025-05-24 18:05:04
C00069,1813.55,retrait,IT,67.852799,-176.268235,2025-06-02 17:03:04
C00023,4032.01,versement,UK,5.967963,151.287508,2025-06-06 04:43:04
C00151,1697.63,virement,US,78.118147,44.67943,2025-06-05 03:11:04
C00074,2867.43,achat,DE,-29.924186,104.62966,2025-06-01 07:17:04
C00017,1212.54,paiement,US,-30.110921,23.708119,2025-05-27 07:29:04
C00187,347.76,versement,CN,2.493713,4.344802,2025-05-20 10:01:04
C00136,563.73,versement,JP,-79.006936,-130.821842,2025-06-06 09:43:04
C00008,2259.37,versement,US,-62.93311,-144.011394,2025-05-24 15:56:04
C00054,2246.77,virement,UK,-42.336274,-146.866396,2025-06-07 04:08:04
C00080,4421.9,virement,DE,4.739501,-122.916722,2025-05-24 21:18:04
C00037,4139.65,retrait,DE,-76.690692,-141.004183,2025-05-21 15:55:04
C00083,2742.01,versement,ES,-57.873154,-126.305359,2025-06-08 22:31:04
C00161,1750.14,versement,CN,73.011127,47.708421,2025-06-01 18:51:04
C00007,1435.41,virement,UK,-33.035597,102.638032,2025-06-02 23:57:04
C00062,4994.41,paiement,IT,68.729404,92.437051,2025-05-26 14:54:04
C00055,1298.36,virement,UK,-58.615991,-38.659099,2025-06-04 12:37:04
C00021,1550.7,paiement,FR,37.535411,133.208042,2025-06-11 22:03:04
C00190,1195.31,virement,FR,-43.116795,140.959349,2025-06-03 17:30:04
C00039,3826.43,retrait,IT,46.220142,39.102187,2025-06-01 16:42:04
C00091,2752.4,paiement,DE,-41.919685,-74.55598,2025-06-08 15:34:04
C00011,1980.04,retrait,JP,-78.7669,-48.859862,2025-05-18 16:48:04
C00052,3076.56,virement,UK,3.287695,-146.311111,2025-06-14 04:34:04
C00101,3675.99,virement,UK,83.492847,-150.960243,2025-06-10 04:57:04
C00037,1621.16,achat,CN,-3.317489,103.466306,2025-05-18 19:28:04
C00097,4881.74,versement,CN,26.05933,156.131811,2025-05-20 07:30:04
C00040,4822.97,retrait,CN,24.267203,72.114424,2025-05-20 02:48:04
C00162,1980.93,achat,US,-76.723202,44.613586,2025-06-07 15:11:04
C00089,178.97,achat,FR,-9.315832,-47.872616,2025-06-05 03:47:04
C00162,1262.57,retrait,DE,-59.588494,-82.078662,2025-06-05 16:25:04
C00166,1089.04,retrait,IT,63.503961,-146.017031,2025-05-19 14:40:04
C00049,3078.72,retrait,CN,88.242364,-47.320611,2025-05-29 18:08:04
C00006,1371.52,paiement,FR,-77.384406,-35.770311,2025-06-12 12:07:04
C00081,734.25,virement,UK,23.8733,129.086619,2025-06-14 01:21:04
C00027,3780.85,virement,CN,-3.275142,-86.747564,2025-06-11 22:33:04
C00013,3432.81,retrait,ES,75.993323,-161.927504,2025-05-25 14:23:04
C00163,722.32,achat,CN,85.647149,22.12898,2025-05-31 19:45:04
C00051,2722.84,virement,DE,-11.596869,-13.803164,2025-06-08 18:34:04
C00147,1008.57,retrait,DE,23.456744,-60.552871,2025-06-12 04:37:04
C00173,4796.43,achat,FR,67.018139,106.584857,2025-05-25 09:11:04
C00137,4787.44,retrait,IT,-60.030679,-104.797726,2025-05-20 00:24:04
C00030,2244.22,paiement,FR,67.950259,83.532639,2025-06-14 01:03:04
C00054,1699.08,virement,US,74.20666,-122.712744,2025-06-15 23:24:04
C00169,11.43,paiement,IT,76.973083,-163.641259,2025-05-25 04:05:04
C00115,3849.89,virement,DE,39.920218,-69.902411,2025-06-08 13:13:04
C00196,2538.09,retrait,IT,42.318879,-10.446379,2025-05-21 01:37:04
C00153,4885.73,paiement,US,86.680241,98.671963,2025-06-10 20:19:04
C00071,3160.29,retrait,UK,-79.200034,45.685753,2025-06-10 07:45:04
C00010,368.97,achat,IT,-14.770121,163.093224,2025-05-27 01:19:04
C00176,1803.21,virement,CN,52.950642,-97.491924,2025-06-09 06:35:04
C00141,3430.12,retrait,UK,-83.283719,-19.833627,2025-05-29 01:51:04
C00123,3011.05,achat,IT,55.147363,51.629515,2025-06-08 01:40:04
C00180,4980.34,virement,IT,72.205583,-42.743438,2025-06-11 18:44:04
C00124,4475.07,retrait,JP,-89.415932,171.387389,2025-05-21 05:47:04
C00019,2180.88,versement,DE,76.786049,33.375761,2025-06-02 06:09:04
C00029,2568.23,versement,CN,-37.394459,-69.971949,2025-06-16 02:50:04
C00057,2940.0,virement,US,-60.455572,38.191663,2025-06-05 19:17:04
C00147,4956.69,virement,UK,31.80596,-94.002113,2025-06-07 14:12:04
C00096,3830.33,versement,US,3.7736,132.41061,2025-06-13 09:47:04
C00009,4480.22,versement,DE,42.971096,117.838601,2025-06-01 00:20:04
C00142,2827.32,versement,ES,32.310043,-45.727234,2025-05-19 06:18:04
C00058,3743.6,paiement,CN,87.545879,133.486129,2025-05-30 18:41:04
C00171,4777.97,retrait,FR,60.049387,173.638755,2025-06-06 00:29:04
C00032,2411.7,versement,FR,-52.22913,43.953523,2025-05-19 10:09:04
C00043,1555.93,retrait,IT,-41.8298,107.899812,2025-06-08 23:36:04
C00171,3538.01,virement,ES,-3.242502,-55.136658,2025-05-30 22:24:04
C00134,4133.28,versement,CN,-75.761241,80.927256,2025-06-13 10:41:04
C00115,692.53,retrait,UK,28.23148,19.271595,2025-06-04 02:17:04
C00033,3497.59,retrait,IT,-6.470826,85.924656,2025-06-13 12:29:04
C00130,650.01,achat,CN,20.352101,125.542185,2025-05-21 13:38:04
C00194,821.03,achat,JP,59.285024,107.366695,2025-05-25 21:51:04
C00155,1652.49,retrait,US,-5.109422,178.914924,2025-05-19 14:59:04
C00176,561.05,achat,IT,-57.501129,86.26957,2025-05-29 10:33:04
C00055,2411.54,virement,IT,-49.721238,-96.070154,2025-06-06 17:29:04
C00089,4949.83,versement,DE,65.727152,80.756302,2025-06-05 12:36:04
C00003,205.94,paiement,IT,44.039172,110.288396,2025-06-10 16:12:04
C00136,2481.96,achat,UK,-51.600948,147.53807,2025-05-31 20:57:04
C00124,4946.96,virement,ES,-82.598759,-52.517391,2025-06-08 06:25:04
C00050,2001.85,versement,CN,-71.365184,-35.494495,2025-06-09 16:19:04
C00027,306.32,versement,ES,-28.027979,-27.91985,2025-06-05 22:48:04
C00008,1836.87,paiement,FR,87.080564,129.267335,2025-05-24 01:07:04
C00016,1722.0,achat,DE,55.075102,-30.057021,2025-05-27 23:40:04
C00061,1795.69,paiement,DE,-5.180431,117.969745,2025-05-20 09:55:04
C00122,4300.33,retrait,JP,-46.183152,110.84677,2025-06-01 01:20:04
C00059,4830.49,retrait,IT,29.381075,-14.26056,2025-06-09 03:29:04
C00067,2594.36,retrait,FR,-18.855477,87.859925,2025-05-26 20:02:04
C00073,2451.41,retrait,IT,28.782032,150.07114,2025-05-28 09:23:04
C00008,4593.31,virement,FR,70.906983,-130.604347,2025-06-03 18:32:04
C00121,361.98,paiement,JP,75.652036,68.156218,2025-06-11 03:48:04
C00160,3422.09,virement,JP,-37.857238,-19.098068,2025-05-30 15:58:04
C00045,4828.86,retrait,CN,28.442553,-136.743058,2025-05-24 08:50:04
C00008,1966.45,achat,CN,-24.56984,19.554379,2025-06-03 21:33:04
C00173,1065.43,versement,US,-21.36554,166.261415,2025-06-07 19:20:04
C00123,1354.25,versement,FR,-31.313883,91.364226,2025-05-30 13:48:04
C00033,1296.06,achat,UK,-39.551218,105.00016,2025-05-26 20:08:04
C00012,2380.39,virement,UK,17.137435,-24.872867,2025-06-07 15:19:04
C00145,2703.48,virement,JP,-20.681187,-130.891579,2025-05-21 23:23:04
C00152,4862.91,versement,DE,1.184015,52.146566,2025-06-10 09:12:04
C00187,1811.81,retrait,CN,82.565258,176.122911,2025-05-18 08:59:04
C00177,4116.08,achat,FR,-47.911775,-41.181117,2025-06-05 06:16:04
C00118,3613.27,retrait,ES,-60.200123,-97.202253,2025-06-11 22:07:04
C00063,3688.61,versement,DE,88.423223,38.21342,2025-05-24 04:31:04
C00108,2323.31,paiement,UK,-88.422581,-177.574182,2025-06-09 16:01:04
C00049,409.95,versement,JP,-25.805539,116.497519,2025-05-29 15:15:04
C00157,4816.37,virement,FR,73.229895,8.900439,2025-06-12 14:11:04
C00030,724.01,paiement,FR,-59.41052,-140.557938,2025-06-09 19:41:04
C00033,3408.54,versement,US,49.757137,-135.622066,2025-06-09 08:12:04
C00005,3475.54,retrait,JP,-87.434147,136.698646,2025-06-12 04:06:04
C00059,3906.97,virement,FR,73.062334,-46.814422,2025-06-11 15:00:04
C00040,1234.79,achat,UK,-53.828132,-87.034246,2025-06-03 09:52:04
C00115,2364.89,virement,JP,-10.628573,109.627233,2025-06-08 11:12:04
C00134,1137.48,achat,DE,-88.999623,9.681682,2025-05-27 11:14:04
C00036,4874.43,virement,US,-13.461913,106.758889,2025-06-15 19:15:04
C00062,3828.91,achat,IT,-58.471211,-47.462669,2025-06-14 19:08:04
C00016,1830.49,versement,CN,-61.257567,143.489686,2025-05-29 14:33:04
C00170,4644.67,versement,US,-11.563652,-5.48523,2025-05-30 22:00:04
C00130,3687.6,retrait,US,43.552247,-65.569679,2025-06-03 23:09:04
C00187,497.1,virement,IT,52.393208,-179.128122,2025-05-28 01:45:04
C00091,3890.05,paiement,JP,-10.873972,-72.819949,2025-05-22 23:37:04
C00041,3031.29,paiement,ES,-56.564439,-99.751396,2025-06-07 22:48:04
C00089,2517.55,paiement,IT,13.000477,-33.088358,2025-05-18 14:36:04
C00176,4038.51,virement,IT,6.50619,-0.549767,2025-05-30 14:41:04
C00006,3294.26,paiement,FR,-65.018244,89.549726,2025-05-30 06:48:04
C00034,4820.43,paiement,US,14.395075,-95.980382,2025-06-06 19:24:04
C00018,2634.7,paiement,FR,-50.183465,31.874404,2025-05-23 08:48:04
C00140,1923.35,paiement,IT,-44.518941,91.609623,2025-06-07 00:17:04
C00134,2609.85,virement,DE,-61.503262,24.304515,2025-06-10 09:31:04
C00035,4400.02,versement,JP,7.797368,70.345364,2025-05-23 02:40:04
C00149,2213.06,retrait,IT,27.579663,-71.419589,2025-06-10 09:16:04
C00083,3270.81,versement,IT,41.504077,21.95616,2025-05-28 04:29:04
C00003,2013.77,paiement,US,-79.60048,168.326205,2025-06-04 02:10:04
C00169,1197.14,virement,JP,-14.170961,-35.769365,2025-06-02 23:11:04
C00066,4051.23,versement,CN,-13.959949,-96.128073,2025-05-21 10:06:04
C00115,3430.64,versement,US,-74.032063,-55.124998,2025-06-02 14:38:04
C00034,4506.71,achat,ES,14.451933,112.846716,2025-05-23 17:29:04
C00137,2341.74,retrait,UK,1.068566,92.487364,2025-05-19 11:44:04
C00098,952.26,retrait,ES,23.93484,-9.343604,2025-05-23 07:49:04
C00192,4039.34,retrait,DE,-78.34716,-50.528739,2025-05-26 03:16:04
C00014,3247.69,virement,UK,20.005182,-48.656627,2025-05-24 12:46:04
C00102,2519.78,retrait,JP,-84.724889,150.15549,2025-06-04 10:47:04
C00171,4511.1,versement,CN,-15.069998,-57.617603,2025-06-07 23:47:04
C00011,316.47,versement,DE,37.009803,6.78993,2025-06-14 00:04:04
C00158,961.32,paiement,FR,-48.346399,18.240434,2025-05-19 05:32:04
C00115,2634.61,achat,FR,-85.836162,152.748929,2025-05-20 07:48:04
C00178,137.05,paiement,FR,-69.298428,103.400462,2025-05-21 05:10:04
C00047,1661.17,versement,IT,68.114378,-109.63706,2025-05-24 03:29:04
C00190,4444.49,virement,IT,45.248486,18.672205,2025-05-31 12:23:04
C00055,3719.57,versement,ES,-25.186223,173.30217,2025-06-01 00:23:04
C00163,4098.46,paiement,IT,3.061028,73.209311,2025-05-26 13:53:04
C00006,1496.1,paiement,ES,-3.100409,22.470854,2025-05-26 07:34:04
C00182,4281.4,versement,IT,-18.72666,-104.500927,2025-05-25 07:05:04
C00070,1826.55,paiement,US,6.63993,-3.560422,2025-05-27 07:28:04
C00026,3536.03,versement,IT,30.443613,99.554481,2025-06-13 02:43:04
C00081,2102.57,retrait,IT,-38.72586,144.388113,2025-05-21 14:49:04
C00052,2183.53,achat,JP,-5.438293,78.556914,2025-05-24 19:16:04
C00095,681.09,virement,JP,60.167877,77.920949,2025-06-14 18:13:04
C00192,2542.09,paiement,DE,38.503516,119.957114,2025-06-09 06:08:04
C00146,1972.0,versement,IT,-75.095539,66.539577,2025-06-05 11:32:04
C00020,4385.92,retrait,US,43.746915,-130.154991,2025-05-19 01:30:04
C00027,1040.72,achat,ES,-58.047478,29.567499,2025-06-02 06:38:04
C00192,1724.81,virement,DE,-26.447221,134.698911,2025-06-16 20:34:04
C00070,2857.58,paiement,CN,79.604054,130.302255,2025-06-10 11:49:04
C00064,1051.12,paiement,US,-64.748824,51.464799,2025-05-25 04:45:04
C00165,1692.89,virement,DE,-49.725368,154.549034,2025-05-21 09:55:04
C00067,2900.43,paiement,FR,5.380766,-177.66697,2025-06-14 21:57:04
C00023,1330.83,versement,ES,61.380337,-89.090606,2025-06-14 18:05:04
C00198,3402.75,retrait,FR,-89.775306,87.526021,2025-06-04 02:37:04
C00045,1527.29,achat,UK,-23.657616,-50.551056,2025-06-15 14:58:04
C00129,4101.79,retrait,ES,39.219107,-91.947724,2025-06-13 18:35:04
C00056,2101.42,paiement,FR,42.769483,23.46256,2025-05-30 10:20:04
C00079,4949.85,virement,ES,15.003503,-105.091756,2025-06-05 09:36:04
C00047,954.72,virement,DE,-19.602919,177.790853,2025-05-28 04:06:04
C00197,1691.74,virement,ES,29.549652,30.863792,2025-05-21 16:12:04
C00092,127.18,virement,ES,-47.95525,-29.210802,2025-06-05 16:28:04
C00175,540.73,achat,FR,7.93607,8.07526,2025-05-21 03:37:04
C00020,3345.57,virement,IT,-41.940004,-69.303311,2025-06-04 07:02:04
C00034,2688.29,retrait,UK,17.778589,-168.053551,2025-05-19 11:23:04
C00092,2020.6,virement,DE,-41.54654,-16.70763,2025-06-03 18:18:04
C00009,3820.68,retrait,UK,9.89013,37.175334,2025-05-30 13:46:04
C00086,3865.66,paiement,IT,31.962152,-21.752117,2025-06-06 10:59:04
C00037,1511.17,paiement,JP,45.277149,130.465778,2025-06-07 05:13:04
C00067,593.02,versement,IT,31.857689,-124.546209,2025-05-27 06:26:04
C00057,1619.25,versement,IT,-56.721715,62.283186,2025-05-27 07:13:04
C00080,1839.94,achat,DE,-13.898763,33.378255,2025-06-07 10:42:04
C00011,1065.74,paiement,FR,-35.975051,-162.971885,2025-06-10 05:06:04
C00086,1811.62,paiement,JP,-69.150673,-9.386842,2025-05-29 23:59:04
C00130,1943.27,paiement,JP,-13.946831,149.488247,2025-05-19 00:24:04
C00194,3225.94,versement,CN,-71.139926,-165.559952,2025-06-05 01:36:04
C00068,856.68,virement,ES,37.210448,112.512185,2025-05-20 11:21:04
C00146,3677.8,achat,JP,50.63566,74.123367,2025-06-01 02:38:04
C00186,170.82,versement,FR,59.0722,71.88676,2025-06-03 09:35:04
C00058,4746.83,versement,US,51.044695,171.923734,2025-05-29 16:18:04
C00099,985.78,virement,DE,-68.527071,-32.850821,2025-06-11 12:54:04
C00021,882.2,retrait,CN,-74.630235,122.683457,2025-06-16 18:34:04
C00118,4709.19,retrait,ES,61.077226,50.920879,2025-05-24 08:17:04
C00151,2789.07,retrait,UK,0.531812,-111.579102,2025-06-07 08:11:04
C00022,3538.05,retrait,US,-89.088274,172.018422,2025-06-15 21:14:04
C00106,4978.32,retrait,US,55.044823,-97.139325,2025-05-27 10:39:04
C00090,2932.9,retrait,UK,44.040684,179.512864,2025-05-26 09:02:04
C00156,1626.06,virement,IT,-55.358419,79.841599,2025-05-31 20:28:04
C00083,4346.05,versement,IT,15.487612,142.587651,2025-06-02 03:40:04
C00150,4991.22,versement,ES,-83.653324,-4.980691,2025-05-19 21:21:04
C00126,932.67,retrait,US,82.434851,129.997183,2025-06-15 10:12:04
C00012,4444.34,retrait,CN,72.911511,-177.289726,2025-05-31 14:28:04
C00080,2394.13,paiement,JP,79.933515,-157.255673,2025-06-14 13:29:04
C00010,2486.73,retrait,ES,69.172119,-112.283784,2025-06-03 14:15:04
C00060,36.9,virement,JP,62.337966,21.008544,2025-05-29 17:44:04
C00008,4835.11,retrait,FR,18.166291,-73.286032,2025-05-21 06:45:04
C00120,2629.32,versement,IT,-17.752127,155.236486,2025-06-05 05:53:04
C00093,2578.54,versement,ES,63.470086,101.123198,2025-06-13 19:04:04
C00139,577.14,paiement,DE,24.104875,36.958792,2025-06-15 17:39:04
C00196,452.78,paiement,ES,48.208581,8.401672,2025-06-14 18:36:04
C00146,4526.89,versement,FR,70.239905,-89.902313,2025-05-18 14:54:04
C00088,64.84,virement,DE,-26.848599,67.366151,2025-06-04 15:34:04
C00109,3251.85,retrait,DE,18.214344,166.309089,2025-05-29 06:04:04
C00116,3421.99,versement,US,-87.949063,9.990692,2025-05-23 11:07:04
C00170,2359.53,retrait,ES,34.862194,136.481923,2025-05-18 10:59:04
C00098,465.93,versement,US,79.398777,121.177143,2025-06-12 14:17:04
C00040,2395.21,paiement,JP,26.810776,53.95619,2025-05-24 17:03:04
C00054,1265.54,achat,JP,74.530478,134.515953,2025-06-07 15:51:04
C00193,4624.79,achat,US,-6.727797,81.667247,2025-05-30 14:02:04
C00135,2232.22,achat,JP,78.717325,-164.352933,2025-06-16 20:29:04
C00040,1912.33,virement,US,19.105922,-107.666184,2025-06-01 09:27:04
C00082,1921.49,paiement,ES,-27.178146,117.437599,2025-06-11 07:22:04
C00111,1889.85,retrait,IT,-29.878063,-31.223196,2025-05-20 00:06:04
C00102,4341.74,retrait,ES,-50.258752,-73.911799,2025-05-23 02:26:04
C00148,3689.47,versement,UK,-81.351963,108.458843,2025-06-15 18:00:04
C00087,4829.6,virement,IT,68.795583,144.422477,2025-06-08 00:47:04
C00174,3838.02,retrait,JP,-53.816661,-89.842933,2025-05-23 18:42:04
C00016,2849.17,retrait,UK,76.343467,-8.399345,2025-06-15 06:39:04
C00139,4310.57,versement,IT,9.768871,140.892966,2025-05-19 22:32:04
C00166,319.21,paiement,JP,-30.601762,-132.380539,2025-06-07 04:40:04
C00097,4867.65,versement,US,75.509616,-88.637602,2025-05-30 03:48:04
C00150,3975.24,retrait,ES,56.459936,158.253549,2025-06-07 18:11:04
C00149,3192.81,retrait,DE,-51.501141,98.366224,2025-06-03 23:30:04
C00105,1085.55,versement,ES,48.077966,170.259799,2025-06-12 15:18:04
C00043,834.31,virement,ES,-56.976993,-129.834883,2025-06-12 05:39:04
C00182,264.25,achat,US,-65.543852,-53.461026,2025-05-20 12:43:04
C00146,4737.69,achat,US,38.588597,110.332281,2025-06-06 07:12:04
C00195,1217.99,retrait,IT,12.682857,-87.897543,2025-05-19 07:14:04
C00050,3656.15,versement,DE,-11.171484,-56.499322,2025-05-24 16:14:04
C00115,441.23,virement,US,83.573737,7.581337,2025-05-31 21:27:04
C00015,1843.97,paiement,FR,37.99327,68.275644,2025-05-18 03:57:04
C00079,1404.88,retrait,UK,11.899551,-176.421225,2025-05-25 09:22:04
C00032,722.31,retrait,JP,-14.799572,112.312741,2025-05-18 07:13:04
C00054,435.09,virement,US,6.371291,48.874015,2025-06-07 12:05:04
C00012,4710.26,virement,FR,37.514015,-55.99434,2025-06-11 17:09:04
C00134,1931.39,paiement,ES,73.590676,-47.681617,2025-06-14 07:30:04
C00138,4820.03,versement,UK,-23.588573,139.467572,2025-06-05 14:50:04
C00173,4987.49,retrait,CN,-18.760645,-164.522106,2025-06-14 11:23:04
C00057,2927.66,retrait,DE,79.99452,100.412239,2025-06-04 06:19:04
C00018,4863.99,virement,JP,31.907882,-175.111201,2025-06-01 11:32:04
C00016,3546.78,versement,UK,-49.624066,134.649367,2025-05-25 17:12:04
C00091,2285.72,paiement,US,24.643703,84.040735,2025-05-28 23:47:04
C00009,377.14,versement,ES,46.372935,28.390883,2025-05-29 00:10:04
C00190,2229.89,achat,CN,3.484552,-5.424934,2025-06-15 11:07:04
C00086,1138.86,virement,ES,67.021517,-98.264057,2025-06-12 12:09:04
C00089,1903.32,achat,JP,6.207145,-12.570178,2025-05-18 03:11:04
C00178,1077.2,paiement,JP,-4.018773,-19.212182,2025-06-16 16:13:04
C00037,3319.01,versement,ES,57.731288,9.783538,2025-05-30 02:26:04
C00041,4338.93,retrait,CN,-40.142231,107.674781,2025-05-31 02:46:04
C00111,151.41,virement,FR,-10.831507,156.024763,2025-05-23 11:59:04
C00178,1383.55,virement,FR,44.501675,57.371436,2025-05-24 23:40:04
C00164,2824.56,retrait,CN,-36.34006,13.678045,2025-06-10 04:53:04
C00126,1909.99,achat,DE,-59.789782,115.275756,2025-06-15 15:23:04
C00070,3611.02,retrait,IT,20.436381,139.244393,2025-06-14 19:02:04
C00064,802.78,versement,ES,47.060435,-86.125011,2025-06-13 17:57:04
C00086,2193.32,versement,DE,6.810078,-73.99762,2025-05-26 20:39:04
C00102,556.25,virement,ES,-71.508121,129.469424,2025-05-20 23:20:04
C00132,1879.77,retrait,CN,31.872627,-20.367802,2025-06-07 03:47:04
C00110,4587.2,versement,FR,-38.588778,-73.737367,2025-06-14 23:37:04
C00101,2797.67,achat,US,-51.844512,-96.743756,2025-06-02 12:29:04
C00176,2835.85,achat,ES,-18.545634,-133.043842,2025-06-06 13:44:04
C00108,1881.8,achat,FR,77.709644,76.108585,2025-06-08 23:36:04
C00188,3747.68,virement,FR,14.562895,175.822573,2025-06-08 12:31:04
C00200,1535.73,paiement,ES,-87.732379,96.66538,2025-05-19 16:02:04
C00142,1676.23,retrait,UK,10.01099,171.059083,2025-06-12 21:35:04
C00104,1021.21,versement,IT,-88.130994,-99.213172,2025-06-03 01:14:04
C00043,4083.4,paiement,CN,79.919311,-42.572366,2025-06-13 16:51:04
C00031,3041.61,achat,CN,58.109421,17.24254,2025-05-24 07:54:04
C00148,1184.25,retrait,US,-68.611244,-130.209892,2025-05-25 06:22:04
C00020,2901.36,achat,US,-86.238019,172.621926,2025-06-13 22:19:04
C00121,3175.54,achat,US,-73.25059,-133.441332,2025-05-19 08:28:04
C00127,933.44,retrait,FR,55.432267,1.415392,2025-06-16 08:53:04
C00195,1825.93,versement,IT,-52.681643,123.539766,2025-06-15 05:38:04
C00033,2253.57,achat,JP,57.993253,-35.013529,2025-05-19 11:29:04
C00172,279.13,achat,US,-41.785024,10.272223,2025-06-09 00:06:04
C00071,42.2,retrait,DE,40.839436,-38.260732,2025-05-20 00:43:04
C00154,1003.55,achat,CN,-17.136598,-154.466662,2025-06-13 05:52:04
C00043,4134.38,paiement,CN,-30.172998,153.399029,2025-06-10 17:30:04
C00154,159.57,virement,US,-48.138727,-23.178865,2025-05-19 16:50:04
C00040,478.26,versement,FR,11.943177,-73.13022,2025-06-06 08:19:04
C00154,4435.72,achat,CN,3.420381,-161.539109,2025-05-27 17:35:04
C00134,3713.49,achat,UK,1.772601,-42.110127,2025-06-15 01:14:04
C00003,1323.63,retrait,DE,-25.571292,2.211899,2025-05-30 00:26:04
C00066,4314.68,paiement,ES,-49.284411,102.136716,2025-06-13 06:27:04
C00122,1948.09,virement,FR,10.463768,-27.88304,2025-06-12 05:58:04
C00083,3566.04,achat,DE,0.01913,29.989666,2025-05-23 09:09:04
C00096,1396.11,versement,IT,-71.520179,-48.213356,2025-06-15 19:53:04
C00031,4410.49,retrait,US,-32.665535,124.869517,2025-05-19 11:53:04
C00150,1125.95,paiement,FR,-20.900439,-63.318919,2025-05-22 08:51:04
C00013,2098.56,retrait,UK,65.014573,-18.039367,2025-06-04 05:40:04
C00174,2694.4,achat,DE,-77.654739,-164.163334,2025-05-28 03:32:04
C00199,3010.89,virement,US,-25.15165,-124.388809,2025-06-11 11:02:04
C00181,1891.74,paiement,UK,75.152822,104.184191,2025-06-10 09:07:04
C00155,2156.76,versement,UK,-46.671698,-49.732993,2025-06-06 07:08:04
C00159,4309.73,retrait,CN,-29.998572,-26.431125,2025-05-29 16:20:04
C00154,97.48,retrait,UK,76.498717,-162.708671,2025-06-10 12:07:04
C00193,3537.83,retrait,ES,-62.236508,-8.229613,2025-05-22 05:56:04
C00012,1058.06,achat,FR,71.612736,-122.330511,2025-06-16 05:40:04
C00131,3221.65,virement,DE,-50.139426,22.480644,2025-06-14 19:18:04
C00122,1518.48,achat,JP,-23.488264,-123.651836,2025-05-22 21:19:04
C00071,2591.53,versement,UK,-84.297178,-52.897045,2025-05-21 14:55:04
C00006,90.72,paiement,US,-84.984193,-16.499434,2025-05-28 18:42:04
C00122,3094.85,paiement,US,-84.229613,-89.809423,2025-06-02 07:50:04
C00138,2190.83,paiement,DE,1.976361,-21.689739,2025-05-30 03:05:04
C00029,4897.78,virement,DE,-52.301983,-74.516781,2025-05-27 13:32:04
C00064,383.11,retrait,CN,7.080053,88.044263,2025-06-05 01:50:04
C00174,2667.37,virement,CN,-79.013012,-124.986727,2025-05-22 02:17:04
C00107,1146.44,achat,US,-57.533077,42.028443,2025-05-29 15:03:04
C00140,390.93,retrait,FR,-58.764417,-104.660822,2025-06-15 22:59:04
C00076,2138.16,versement,JP,-87.709248,-171.887766,2025-06-04 14:43:04
C00141,2560.93,retrait,FR,-89.879144,5.418856,2025-06-02 04:02:04
C00145,1199.11,versement,DE,57.195037,-30.814144,2025-06-05 06:42:04
C00110,2962.92,achat,UK,-87.134013,140.29112,2025-05-29 06:04:04
C00128,2563.62,achat,JP,-0.545271,-135.164862,2025-05-19 20:55:04
C00180,3796.71,achat,FR,71.044444,-87.271881,2025-06-09 08:10:04
C00111,2980.34,retrait,DE,12.259362,127.115418,2025-06-16 19:38:04
C00036,4841.5,achat,IT,-12.629956,-63.7867,2025-05-28 11:02:04
C00058,3356.53,retrait,UK,-23.281194,25.044706,2025-06-04 09:38:04
C00119,3486.87,virement,DE,-4.522933,-152.842137,2025-05-27 12:24:04
C00069,3350.43,achat,US,-79.60652,56.333446,2025-05-29 05:03:04
C00190,1734.03,virement,DE,65.854012,-87.236899,2025-05-23 15:29:04
C00044,704.69,versement,UK,10.430618,-104.154893,2025-06-14 15:03:04
C00008,877.52,paiement,JP,-23.380193,-47.611321,2025-05-31 02:19:04
C00025,4408.05,retrait,UK,58.158482,19.423215,2025-06-06 19:12:04
C00042,3866.24,paiement,JP,-20.242054,-12.726934,2025-05-25 07:48:04
C00171,3240.17,paiement,CN,33.810788,-46.46702,2025-05-29 14:35:04
C00028,4695.44,achat,JP,5.097152,-127.78201,2025-06-07 06:30:04
C00132,3231.67,virement,JP,79.86758,-65.858821,2025-05-26 22:21:04
C00078,4843.56,paiement,US,-53.9582,111.151012,2025-06-12 14:47:04
C00091,4478.17,versement,JP,71.703758,55.545833,2025-06-14 18:41:04
C00090,2550.39,virement,IT,-6.984382,142.542883,2025-06-14 10:21:04
C00096,2473.55,versement,FR,24.379816,117.720106,2025-06-01 12:30:04
C00096,4333.94,achat,JP,19.193868,-91.809301,2025-06-07 05:54:04
C00174,116.7,achat,CN,37.926675,108.28427,2025-06-14 13:46:04
C00034,2370.86,virement,ES,77.929885,-105.570713,2025-05-30 06:22:04
C00174,3136.1,achat,DE,31.469591,-164.226839,2025-05-23 09:05:04
C00138,584.89,virement,DE,-6.294536,76.390417,2025-05-29 09:39:04
C00196,694.43,retrait,CN,-46.049914,-64.895217,2025-05-18 18:46:04
C00092,218.94,retrait,FR,-19.383107,172.542391,2025-06-01 05:11:04
C00159,4944.55,virement,US,51.966735,106.911543,2025-06-12 23:35:04
C00159,3159.33,retrait,UK,-7.965153,128.095628,2025-06-04 15:28:04
C00093,1230.55,retrait,JP,-65.78528,-46.434028,2025-05-28 11:17:04
C00164,3611.9,achat,IT,29.463524,-145.871518,2025-05-18 16:18:04
C00067,3606.88,achat,IT,-31.584708,2.774833,2025-05-22 12:46:04
C00095,2935.15,paiement,CN,-29.611877,98.975099,2025-06-05 05:30:04
C00186,2904.55,virement,JP,-34.427218,157.868637,2025-05-26 08:18:04
C00025,3981.1,paiement,IT,-52.082833,-113.714995,2025-05-28 01:46:04
C00050,1367.56,versement,ES,74.225277,170.892734,2025-06-11 16:04:04
C00152,1383.58,virement,UK,50.450071,13.637837,2025-06-09 02:55:04
C00131,257.25,virement,JP,-83.899908,14.689067,2025-06-03 19:33:04
C00067,3708.04,retrait,CN,36.671677,120.471658,2025-06-12 02:19:04
C00185,2727.23,paiement,US,26.256481,-41.050001,2025-06-05 05:54:04
C00052,4356.29,retrait,IT,-57.104451,90.025141,2025-06-02 22:16:04
C00152,4958.29,versement,JP,50.342512,78.993013,2025-05-29 23:15:04
C00182,1703.62,paiement,UK,6.25833,95.329607,2025-06-13 14:33:04
C00140,675.52,achat,IT,32.85041,-32.763266,2025-05-24 15:13:04
C00050,1157.16,paiement,US,43.181402,158.477582,2025-05-25 17:20:04
C00123,4818.17,virement,IT,-86.439866,5.189223,2025-05-24 21:18:04
C00035,774.69,paiement,IT,58.122369,135.513411,2025-06-14 08:34:04
C00017,3406.52,virement,US,-78.553132,45.900276,2025-05-27 02:44:04
C00121,4416.93,virement,CN,10.296541,179.560011,2025-06-04 16:49:04
C00044,3372.42,versement,DE,20.436253,-87.399067,2025-06-12 23:26:04
C00082,492.44,achat,DE,10.690212,51.972261,2025-06-13 22:07:04
C00101,2898.71,versement,JP,64.409277,-125.304233,2025-05-20 09:06:04
C00067,75.63,achat,UK,-15.702854,-103.121712,2025-05-31 22:12:04
C00151,2792.17,paiement,DE,-37.117892,-40.244519,2025-05-30 19:09:04
C00165,1115.14,virement,DE,32.550829,-51.149621,2025-06-11 20:46:04
C00039,1223.73,virement,US,-61.810773,-105.017717,2025-05-20 21:08:04
C00154,4324.78,virement,FR,-89.079584,-75.038237,2025-06-04 04:41:04
C00042,1487.62,paiement,JP,62.041962,93.412963,2025-06-03 13:05:04
C00057,1688.91,versement,US,-30.593706,78.309471,2025-05-22 00:03:04
C00004,2322.65,virement,FR,1.774255,85.834763,2025-06-14 12:52:04
C00115,894.28,virement,FR,-12.344122,-134.93767,2025-05-26 07:02:04
C00184,3322.03,paiement,UK,-18.921587,-176.675857,2025-06-15 16:15:04
C00065,3708.1,achat,US,-74.919151,166.088232,2025-06-12 12:16:04
C00123,4785.79,retrait,US,-43.138046,-154.39747,2025-06-14 11:25:04
C00104,4023.55,virement,FR,64.763303,98.306516,2025-05-18 04:35:04
C00018,4090.46,versement,UK,-75.37062,-95.054326,2025-06-02 10:59:04
C00020,3048.03,versement,FR,54.872378,149.004288,2025-06-13 22:16:04
C00154,4151.44,retrait,IT,-13.486649,-115.759019,2025-06-14 12:12:04
C00106,3409.92,achat,DE,60.312434,92.829306,2025-05-27 05:38:04
C00007,4102.18,versement,JP,34.446041,104.131984,2025-06-04 02:55:04
C00110,332.66,retrait,FR,19.714051,-155.059365,2025-06-02 04:00:04
C00132,4036.69,versement,IT,41.853073,-103.755922,2025-06-14 02:52:04
C00185,960.06,paiement,ES,-71.968257,95.555139,2025-05-25 13:44:04
C00079,4591.62,virement,US,-8.526503,83.992489,2025-06-10 12:08:04
C00172,2819.76,retrait,ES,15.87118,94.594375,2025-05-22 22:21:04
C00195,2246.67,achat,JP,-2.444703,39.732418,2025-05-29 01:17:04
C00113,2966.27,retrait,ES,-86.716753,21.643571,2025-06-03 22:18:04
C00089,2855.34,versement,US,85.773452,114.196288,2025-05-27 03:24:04
C00036,4847.1,paiement,DE,-49.729164,-150.426236,2025-06-12 05:01:04
C00158,3900.15,versement,DE,85.77174,-85.897409,2025-06-04 11:10:04
C00087,2462.61,achat,IT,-71.402866,-73.160179,2025-06-14 05:56:04
C00039,2065.9,versement,IT,-80.886872,91.721688,2025-05-28 02:11:04
C00036,2875.23,versement,JP,-87.499766,-178.281466,2025-06-15 00:35:04
C00179,3312.41,retrait,ES,-66.939465,-108.723684,2025-06-01 08:00:04
C00105,4681.78,paiement,US,-53.635728,69.088718,2025-05-23 16:36:04
C00084,3778.23,virement,CN,-0.034226,77.238257,2025-06-08 00:08:04
C00043,4563.84,retrait,JP,40.320888,-177.336938,2025-05-30 16:00:04
C00084,1871.98,retrait,FR,14.970177,-39.83468,2025-06-05 19:12:04
C00077,4525.06,achat,JP,24.52787,95.065741,2025-05-19 07:05:04
C00100,2751.01,achat,FR,68.906984,-38.287809,2025-05-24 23:36:04
C00137,1498.41,achat,IT,-65.509158,67.431234,2025-06-08 03:29:04
C00175,3307.72,virement,DE,82.827374,17.304678,2025-05-23 21:40:04
C00011,2889.91,paiement,DE,-77.0949,-42.991567,2025-06-06 09:04:04
C00089,4244.64,versement,CN,-64.211377,-62.028307,2025-06-02 02:15:04
C00102,2619.02,paiement,IT,-31.752142,54.251744,2025-06-04 10:29:04
C00035,1611.85,paiement,IT,-56.141816,6.637972,2025-05-21 09:25:04
C00145,2538.65,achat,ES,9.800691,-117.904646,2025-06-04 04:25:04
C00100,4262.15,versement,JP,-62.806597,157.857058,2025-06-16 21:50:04
C00146,75.19,versement,FR,-20.757642,-85.528426,2025-06-04 09:38:04
C00146,1000.97,paiement,CN,79.033979,112.896995,2025-06-03 17:45:04
C00062,4892.83,paiement,UK,-14.158724,138.034198,2025-05-29 09:27:04
C00082,196.2,versement,CN,27.728222,160.510999,2025-05-22 12:25:04
C00153,952.91,retrait,UK,12.964624,94.701553,2025-05-21 22:53:04
C00040,191.43,retrait,US,10.339118,107.538202,2025-06-03 02:16:04
C00062,2683.37,achat,US,74.068404,-52.23662,2025-05-31 18:13:04
C00179,674.67,paiement,IT,18.118477,-31.332585,2025-05-26 21:57:04
C00125,489.67,paiement,JP,79.318233,-140.398349,2025-05-29 06:38:04
C00062,164.41,achat,JP,10.775246,-112.114609,2025-05-22 11:35:04
C00034,3270.3,paiement,JP,-28.432582,18.557734,2025-05-26 03:51:04
C00029,31.99,virement,UK,-75.185075,28.939252,2025-06-03 14:13:04
C00030,2886.27,virement,ES,67.126396,53.380695,2025-05-28 22:07:04
C00090,3720.04,paiement,JP,-18.396901,153.949634,2025-06-12 06:14:04
C00154,2767.65,virement,CN,-75.354006,-149.607757,2025-06-16 16:23:04
C00009,4124.77,virement,JP,-2.903253,-52.439582,2025-05-28 14:39:04
C00114,2643.37,achat,DE,-74.22611,20.64084,2025-05-27 16:13:04
C00108,1554.66,virement,US,-75.512523,-128.151353,2025-06-03 05:36:04
C00119,3920.44,achat,US,-73.557392,90.708487,2025-06-11 18:36:04
C00098,3235.83,versement,FR,20.642286,-133.941513,2025-05-21 11:29:04
C00191,4829.5,retrait,UK,-7.433726,69.175258,2025-06-10 08:16:04
C00019,4980.48,retrait,DE,-29.919192,54.687176,2025-05-30 18:15:04
C00139,4812.33,paiement,IT,-65.661624,-54.361728,2025-06-08 09:55:04
C00072,2299.05,paiement,JP,79.345064,-77.329286,2025-05-29 00:10:04
C00051,3870.29,paiement,ES,-7.177479,-96.847543,2025-06-06 13:44:04
C00130,2825.72,paiement,FR,-59.67227,-13.964336,2025-06-09 13:49:04
C00150,3402.63,versement,US,59.041558,116.057536,2025-06-13 20:05:04
C00061,938.72,achat,JP,-81.929098,-78.452917,2025-06-01 04:00:04
C00004,2184.4,versement,JP,46.806709,-125.558226,2025-05-25 14:22:04
C00116,2448.54,achat,UK,-4.001564,-140.761575,2025-05-28 18:00:04
C00153,2847.41,paiement,US,78.789466,-43.967403,2025-05-24 19:08:04
C00136,878.93,virement,CN,-43.446546,-43.138,2025-05-28 14:50:04
C00039,1197.57,paiement,CN,11.198733,-85.237482,2025-05-22 18:41:04
C00057,2412.55,paiement,IT,49.776733,-114.233899,2025-05-21 02:30:04
C00187,1801.99,virement,CN,53.778819,168.756567,2025-05-21 20:14:04
C00126,4264.58,retrait,CN,23.067746,140.364425,2025-06-10 01:05:04
C00118,401.2,virement,IT,53.255222,140.080306,2025-06-10 14:29:04
C00045,2271.72,achat,US,-21.511743,-116.96833,2025-05-31 08:37:04
C00113,26.17,versement,US,27.875877,-86.166943,2025-05-19 09:10:04
C00008,1334.71,virement,IT,64.117414,-132.440598,2025-05-20 23:04:04
C00007,4394.61,virement,ES,69.440049,85.768094,2025-05-30 19:57:04
C00039,2972.53,virement,DE,-52.20028,-177.363185,2025-06-08 08:06:04
C00190,2173.98,achat,JP,-36.932178,161.867367,2025-06-14 15:08:04
C00128,3841.18,retrait,UK,-23.989362,118.684467,2025-06-06 02:09:04
C00156,2805.89,retrait,US,22.56478,-140.673554,2025-05-31 13:21:04
C00146,3021.23,achat,IT,61.099862,3.899374,2025-05-18 11:55:04
C00029,2583.33,paiement,CN,-80.24612,53.122787,2025-06-03 09:33:04
C00177,1983.65,retrait,ES,-89.786764,49.254249,2025-06-10 15:23:04
C00133,4340.78,retrait,CN,20.927316,-12.410706,2025-06-12 08:14:04
C00164,3853.92,achat,ES,-86.108648,-89.335022,2025-05-28 01:07:04
C00178,4067.18,versement,JP,0.39667,-137.690833,2025-05-18 23:16:04
C00189,1760.79,achat,CN,-55.525334,105.738411,2025-06-14 14:50:04
C00105,2746.66,virement,IT,-44.080572,-155.324099,2025-05-22 06:03:04
C00087,1551.81,retrait,ES,22.174679,146.264529,2025-05-27 12:05:04
C00006,407.83,retrait,IT,-5.063995,32.952335,2025-05-22 11:17:04
C00074,1085.9,versement,CN,-7.202285,12.921776,2025-06-08 02:54:04
C00162,3317.23,virement,US,-25.718711,-19.866062,2025-05-29 13:57:04
C00120,115.7,paiement,DE,-12.299115,0.475622,2025-06-16 06:56:04
C00175,1306.97,versement,DE,83.945655,92.826222,2025-06-16 04:08:04
C00175,1114.6,retrait,IT,85.470353,137.134766,2025-06-14 06:26:04
C00191,1495.76,paiement,ES,67.515326,-138.46254,2025-06-01 06:01:04
C00161,130.97,paiement,DE,-16.338123,81.613024,2025-05-30 19:42:04
C00135,1145.61,retrait,UK,18.495922,49.673188,2025-05-28 00:59:04
C00063,1812.28,paiement,DE,-53.813975,19.064203,2025-06-11 02:58:04
C00026,22.54,virement,UK,65.327355,130.518162,2025-06-04 06:23:04
C00041,814.54,versement,UK,34.93296,-45.2657,2025-06-01 07:09:04
C00052,3997.69,achat,IT,-71.341356,112.516127,2025-06-04 15:16:04
C00020,3067.67,versement,FR,-18.827149,75.43471,2025-06-10 04:29:04
C00132,2639.83,achat,US,-83.278674,77.661046,2025-06-06 14:50:04
C00035,4275.48,retrait,ES,55.733523,78.413047,2025-05-19 19:18:04
C00192,4289.77,achat,US,66.003732,5.563265,2025-05-22 09:34:04
C00103,2014.56,versement,ES,-43.077827,112.447952,2025-05-18 00:38:04
C00191,2912.76,virement,UK,50.118152,47.059045,2025-05-25 09:20:04
C00096,2642.28,paiement,IT,16.277329,-142.248838,2025-06-01 11:13:04
C00020,4537.64,versement,ES,-31.89127,-170.859734,2025-06-08 08:02:04
C00126,1367.52,paiement,ES,-81.366554,-85.433551,2025-05-29 05:28:04
C00157,1778.27,versement,IT,-73.098957,105.977743,2025-05-21 13:32:04
C00115,4726.42,versement,UK,-68.592504,-109.718818,2025-06-08 04:09:04
C00154,2224.83,virement,JP,-46.395525,64.399355,2025-05-23 00:54:04
C00032,1015.21,retrait,CN,52.405359,-62.260325,2025-06-09 21:48:04
C00125,3804.04,achat,DE,22.99964,-37.088174,2025-05-23 22:11:04
C00171,4110.84,virement,IT,-13.2375,130.824561,2025-05-31 07:26:04
C00119,1175.93,retrait,ES,20.509665,-67.003102,2025-06-08 20:29:04
C00041,675.49,retrait,UK,-34.249006,-137.72171,2025-06-13 10:13:04
C00038,170.14,paiement,US,26.466693,-169.339599,2025-06-05 07:11:04
C00076,3042.33,virement,US,43.64216,-172.83324,2025-05-22 20:22:04
C00103,3517.65,retrait,FR,-67.873538,-21.863126,2025-05-23 00:34:04
C00121,4938.39,paiement,UK,51.040881,-99.978204,2025-06-06 20:19:04
C00019,2997.91,paiement,CN,74.624856,168.531409,2025-06-09 20:53:04
C00082,4615.91,versement,ES,-30.795997,-33.852692,2025-05-29 21:16:04
C00111,710.42,achat,US,43.548716,44.376472,2025-05-22 20:52:04
C00092,1068.59,virement,UK,34.415092,145.342434,2025-05-27 04:39:04
C00057,862.61,achat,CN,-19.041649,90.37692,2025-06-15 04:19:04
C00146,2612.39,retrait,US,-39.955542,109.938402,2025-05-28 14:27:04
C00074,4395.82,achat,US,-84.45756,-2.206662,2025-06-16 07:05:04
C00146,1025.36,virement,FR,15.350445,170.95894,2025-05-31 00:52:04
C00168,1864.37,achat,CN,-32.331316,22.82564,2025-06-09 04:56:04
C00090,1986.8,achat,FR,30.037088,-131.671761,2025-06-10 19:15:04
C00107,678.49,versement,ES,84.584204,54.876854,2025-05-30 13:05:04
C00136,3576.69,achat,US,28.198713,-60.859183,2025-05-29 01:22:04
C00160,4487.92,retrait,US,29.551594,-11.284033,2025-06-10 13:53:04
C00199,3325.43,virement,UK,17.609212,95.771348,2025-06-13 06:54:04
C00086,4131.28,versement,JP,-21.492087,-91.98022,2025-05-29 18:07:04
C00176,2775.31,paiement,IT,-77.103498,25.66904,2025-06-10 16:31:04
C00119,3158.13,versement,FR,58.392985,-168.569461,2025-06-06 17:48:04
C00173,4713.01,versement,US,-66.91868,-61.326832,2025-06-12 12:56:04
C00078,335.33,paiement,UK,-65.407077,61.889765,2025-06-07 14:40:04
C00150,3408.73,achat,JP,-80.747663,8.27231,2025-05-23 06:18:04
C00060,1558.06,retrait,JP,16.09927,-13.204344,2025-06-06 15:52:04
C00129,511.55,retrait,US,-20.689395,-39.485715,2025-06-08 07:11:04
C00071,3793.01,versement,FR,-77.889959,17.03738,2025-06-14 16:39:04
C00076,2931.08,virement,FR,-56.780062,-162.463871,2025-05-21 16:04:04
C00053,396.83,virement,CN,-67.462758,112.528571,2025-05-28 14:57:04
C00124,1862.33,achat,JP,79.137567,-89.362328,2025-05-22 23:00:04
C00058,4242.22,retrait,IT,-87.91446,-109.849483,2025-05-30 22:07:04
C00009,4323.29,versement,JP,-61.650646,-114.522563,2025-06-08 18:31:04
C00007,2283.27,paiement,US,-70.740624,35.348807,2025-06-05 17:53:04
C00134,828.55,versement,IT,-49.067974,30.305323,2025-06-13 00:11:04
C00196,387.79,virement,FR,-72.27923,148.748717,2025-06-07 19:17:04
C00051,4509.15,versement,UK,70.710698,-75.505518,2025-06-09 07:39:04
C00098,3204.46,retrait,US,-72.798769,120.96377,2025-06-05 03:41:04
C00054,4950.27,versement,FR,43.032108,-154.025105,2025-06-12 22:54:04
C00165,2697.54,versement,US,44.663641,-128.764188,2025-06-01 17:00:04
C00155,1375.52,achat,CN,11.337907,-56.715714,2025-06-12 18:26:04
C00014,2233.15,versement,FR,15.843328,-92.625263,2025-06-04 10:51:04
C00012,225.71,versement,UK,-22.121781,25.002242,2025-05-22 15:10:04
C00163,408.38,achat,UK,56.345132,20.003979,2025-05-24 10:41:04
C00036,1530.09,paiement,ES,-63.554396,-63.065646,2025-05-31 01:56:04
C00061,4653.91,paiement,FR,-80.177333,-155.608337,2025-06-04 09:17:04
C00167,3414.85,virement,UK,-4.763134,-88.07039,2025-06-10 11:01:04
C00145,800.28,versement,CN,-20.045899,100.267193,2025-06-11 00:49:04
C00023,128.63,retrait,JP,-4.619571,170.667632,2025-05-19 09:29:04
C00012,3134.4,virement,FR,-66.551308,-179.634764,2025-05-19 20:06:04
C00200,3666.02,retrait,DE,-71.639034,-75.135176,2025-05-26 21:20:04
C00051,3176.79,retrait,DE,-18.323281,128.632105,2025-05-25 21:51:04
C00070,1394.28,paiement,DE,-9.59109,33.552039,2025-06-07 16:31:04
C00063,2805.76,achat,DE,-46.700584,144.186149,2025-06-08 10:30:04
C00020,3788.84,virement,UK,55.734151,125.522105,2025-05-21 09:52:04
C00198,331.1,retrait,DE,63.737731,58.62321,2025-05-28 14:41:04
C00037,4879.97,virement,CN,60.052492,26.374742,2025-06-10 04:25:04
C00144,3228.2,versement,FR,-49.076064,175.734613,2025-06-07 10:47:04
C00071,2486.33,virement,UK,46.485654,144.908726,2025-06-01 12:12:04
C00111,470.65,paiement,DE,73.580588,-57.650967,2025-06-02 00:56:04
C00115,1554.95,achat,ES,67.730283,109.577754,2025-05-31 02:38:04
C00053,4702.23,paiement,UK,12.703524,3.105963,2025-05-24 15:28:04
C00140,259.59,versement,UK,-46.14879,-66.553796,2025-05-27 23:11:04
C00080,2458.68,virement,CN,65.462155,-127.046975,2025-05-25 04:44:04
C00122,4744.97,versement,ES,17.628208,-81.040338,2025-06-02 18:54:04
C00161,2189.53,paiement,ES,-4.259178,-14.203404,2025-05-21 23:14:04
C00162,4278.51,achat,DE,-77.92267,-114.129407,2025-06-15 00:37:04
C00011,1664.42,virement,IT,59.452881,121.517996,2025-05-31 11:44:04
C00166,928.04,virement,IT,44.776772,161.479186,2025-06-04 10:12:04
C00114,3516.41,virement,UK,59.028406,156.003264,2025-06-15 17:29:04
C00066,3302.42,achat,DE,-38.10851,-167.125537,2025-05-18 05:28:04
C00057,4820.32,virement,US,18.928552,166.219232,2025-05-29 16:42:04
C00092,412.81,retrait,ES,86.656924,53.126415,2025-06-14 03:07:04
C00126,2201.51,paiement,CN,-47.69824,-137.685383,2025-06-14 04:58:04
C00091,3880.61,achat,UK,-8.000854,-59.711903,2025-06-10 14:51:04
C00067,3838.18,virement,CN,-34.527285,162.582026,2025-05-25 12:49:04
C00184,3924.94,paiement,CN,10.420317,-23.44994,2025-05-21 18:09:04
C00056,3688.43,paiement,DE,66.828271,-16.793622,2025-06-08 09:35:04
C00066,3409.82,achat,DE,-18.694298,-168.654599,2025-05-28 21:07:04
C00122,2280.55,retrait,IT,54.31425,-160.333605,2025-05-21 05:42:04
C00041,2783.89,versement,US,69.490663,90.025053,2025-06-12 18:34:04
C00198,4598.38,versement,US,3.759557,4.288713,2025-06-11 07:05:04
C00082,2307.82,achat,UK,-30.337957,76.766668,2025-05-19 02:42:04
C00003,1875.14,versement,DE,18.693593,34.613627,2025-05-29 20:48:04
C00054,661.93,achat,IT,23.847788,-11.87488,2025-06-07 18:08:04
C00190,2782.47,retrait,IT,-18.687159,157.655472,2025-06-01 12:20:04
C00021,1872.28,virement,IT,-81.237753,-51.083909,2025-05-22 21:45:04
C00150,1872.94,retrait,JP,-13.744549,174.10254,2025-06-08 14:49:04
C00038,2484.75,retrait,FR,-64.721684,14.97413,2025-05-19 19:23:04
C00157,2774.9,retrait,IT,-71.439039,23.90123,2025-06-06 02:58:04
C00043,2247.42,achat,FR,-58.373128,67.32685,2025-05-28 11:27:04
C00120,1371.6,achat,CN,-24.617835,47.732705,2025-06-06 00:48:04
C00032,2375.24,retrait,FR,-15.421477,-139.041542,2025-05-25 23:41:04
C00089,731.09,achat,DE,38.712227,-110.97616,2025-06-13 04:11:04
C00027,1034.57,versement,IT,-81.482605,-114.240485,2025-06-02 05:36:04
C00163,3152.34,achat,IT,46.741303,138.180568,2025-06-12 17:47:04
C00029,3043.25,virement,IT,43.915755,-74.041813,2025-06-01 18:24:04
C00115,3080.89,retrait,UK,-73.43223,-21.299333,2025-05-25 14:58:04
C00148,1214.0,paiement,IT,-20.951802,-43.258407,2025-06-03 14:14:04
C00174,4404.55,versement,UK,-59.760648,112.032072,2025-06-13 07:33:04
C00065,4735.29,achat,UK,-0.358177,10.923822,2025-06-02 17:34:04
C00019,2852.56,retrait,US,-42.310371,-42.619434,2025-05-22 23:39:04
C00030,331.23,retrait,JP,-85.817258,-148.433071,2025-05-23 22:43:04
C00146,582.95,achat,CN,-69.956882,-142.460461,2025-06-08 20:56:04
C00057,4475.09,retrait,US,2.181893,-176.552235,2025-06-10 13:32:04
C00168,4375.11,versement,CN,-32.09931,-87.17849,2025-05-18 17:52:04
C00058,65.91,achat,ES,26.305625,5.843437,2025-05-30 18:30:04
C00047,4023.33,versement,DE,74.633325,-120.840194,2025-06-08 06:35:04
C00085,1171.86,paiement,DE,-72.056823,-105.551333,2025-05-25 09:36:04
C00012,279.44,paiement,JP,-4.320708,101.312743,2025-06-12 01:26:04
C00071,3695.46,achat,FR,-18.353453,-117.871223,2025-05-18 22:43:04
C00122,3385.32,paiement,FR,61.647009,-158.517899,2025-05-27 14:09:04
C00011,226.62,versement,DE,49.635051,-94.443036,2025-06-05 08:04:04
C00125,4351.31,virement,FR,39.493935,-31.942762,2025-06-05 23:46:04
C00044,53.21,versement,IT,12.007131,-138.580803,2025-06-04 08:09:04
C00086,510.56,paiement,DE,19.363852,-156.724095,2025-06-05 07:51:04
C00060,2002.11,versement,ES,88.050713,129.163681,2025-06-16 09:17:04
C00156,3477.24,paiement,UK,-7.023379,-96.745512,2025-06-02 01:05:04
C00082,4247.47,virement,US,53.013494,-96.821974,2025-06-09 11:07:04
C00110,1949.38,achat,FR,-35.103992,-69.9804,2025-06-02 14:22:04
C00073,4032.32,versement,JP,55.197159,-29.797571,2025-05-18 16:26:04
C00148,1860.25,retrait,DE,40.060714,113.024203,2025-06-09 18:31:04
C00089,4853.4,versement,JP,87.622617,-132.621469,2025-06-13 12:09:04
C00102,687.82,retrait,FR,-25.934096,-1.36342,2025-06-15 23:08:04
C00126,2821.49,achat,DE,-87.718015,-112.458289,2025-05-26 04:12:04
C00132,3314.18,achat,FR,-30.820906,167.457832,2025-06-16 02:56:04
C00015,4365.07,virement,DE,87.364079,10.256154,2025-06-05 19:23:04
C00010,1221.52,paiement,ES,-52.000109,47.565924,2025-05-24 21:35:04
C00165,1112.9,versement,US,19.21527,28.360028,2025-06-16 04:17:04
C00064,4133.98,versement,FR,-60.410611,-70.368205,2025-06-07 08:19:04
C00192,1622.85,versement,FR,9.990677,-153.715325,2025-05-22 04:48:04
C00095,4706.83,virement,US,-82.757371,127.089869,2025-05-22 07:09:04
C00066,3289.4,retrait,ES,-17.657771,-65.844492,2025-05-20 02:20:04
C00064,497.3,retrait,ES,-70.03993,-146.130846,2025-06-14 08:53:04
C00199,4533.49,versement,JP,-41.96143,112.702982,2025-06-13 02:59:04
C00091,3494.97,virement,ES,56.321707,82.04824,2025-05-21 12:07:04
C00118,917.34,paiement,UK,-55.038996,121.616109,2025-05-24 23:23:04
C00177,3491.68,retrait,DE,85.739485,10.176011,2025-05-21 01:14:04
C00163,1428.67,paiement,CN,-56.48301,-15.097949,2025-06-02 09:26:04
C00139,2354.26,virement,FR,-46.883026,107.002054,2025-06-10 06:21:04
C00017,4930.09,paiement,IT,20.75947,64.027419,2025-05-26 09:28:04
C00102,2641.25,virement,UK,-27.860511,-125.203071,2025-05-26 23:26:04
C00124,4556.64,achat,JP,-7.401541,143.548278,2025-06-11 11:00:04
C00085,2104.24,versement,FR,50.911566,-81.648556,2025-05-26 08:26:04
C00094,115.73,paiement,CN,-47.462093,-25.9644,2025-06-05 08:22:04
C00082,2173.53,virement,DE,41.886349,-156.741439,2025-05-28 05:54:04
C00086,2176.18,paiement,US,25.573691,-2.195177,2025-05-28 10:38:04
C00086,2127.88,retrait,US,56.585977,-148.670434,2025-05-27 07:56:04
C00179,304.49,virement,ES,-71.864383,-164.317834,2025-06-11 05:47:04
C00090,4676.42,retrait,US,11.411585,-173.843778,2025-06-09 01:22:04
C00016,307.69,paiement,CN,-44.984786,2.04195,2025-05-18 09:56:04
C00184,2039.35,paiement,US,-72.518417,-47.686667,2025-06-14 22:13:04
C00144,194.8,virement,IT,-33.520758,106.17971,2025-05-30 17:44:04
C00166,4524.16,paiement,CN,51.458261,-3.944843,2025-06-15 23:38:04
C00179,4644.53,paiement,DE,-46.408946,155.661633,2025-06-05 04:58:04
C00157,4958.45,paiement,IT,-43.59087,-167.410596,2025-05-18 16:03:04
C00124,3648.14,paiement,CN,-11.3197,12.00173,2025-05-30 10:11:04
C00169,2284.88,retrait,ES,-41.438362,-64.79426,2025-05-25 15:16:04
C00192,2938.39,achat,UK,79.561868,178.007642,2025-06-16 06:36:04
C00087,4522.51,retrait,JP,-16.574729,120.919326,2025-06-05 03:25:04
C00015,1869.26,paiement,IT,-58.093816,-47.162598,2025-05-31 21:52:04
C00171,646.53,versement,IT,43.730515,122.818323,2025-06-14 15:29:04
C00164,3060.5,virement,UK,54.245848,-23.792284,2025-05-23 21:59:04
C00117,2572.81,paiement,UK,69.512149,48.782244,2025-05-18 10:02:04
C00007,3506.12,paiement,ES,-77.191478,140.891821,2025-06-01 18:06:04
C00160,1528.05,paiement,FR,-5.251871,151.353268,2025-06-07 03:28:04
C00110,2398.48,retrait,IT,-85.488594,-123.93465,2025-06-02 07:49:04
C00123,4749.85,retrait,FR,56.294101,-74.201979,2025-06-14 22:18:04
C00082,2437.2,achat,JP,-75.05693,125.969301,2025-06-09 09:30:04
C00013,3707.29,paiement,JP,52.844642,-114.980773,2025-05-18 21:53:04
C00093,3277.82,virement,ES,67.887135,144.436342,2025-06-11 07:07:04
C00143,2165.73,paiement,JP,-33.55325,172.876415,2025-05-29 20:28:04
C00036,2479.64,virement,US,48.628016,-11.685737,2025-06-11 07:03:04
C00004,660.93,versement,FR,88.366877,20.288941,2025-05-28 18:08:04
C00112,1032.69,paiement,FR,43.018887,147.371819,2025-06-16 01:27:04
C00017,725.52,achat,FR,-18.852944,-177.529985,2025-05-28 01:37:04
C00105,4417.41,virement,UK,-56.580011,-47.653969,2025-06-02 20:11:04
C00014,4740.44,paiement,ES,87.106922,-168.183424,2025-06-16 04:11:04
C00065,4098.44,achat,IT,42.453646,101.468482,2025-05-24 20:16:04
C00179,2378.3,virement,JP,-79.84919,93.853526,2025-05-20 15:00:04
C00069,1058.29,retrait,JP,37.184435,73.194966,2025-05-21 06:41:04
C00098,1619.65,virement,CN,-45.954078,-11.6975,2025-05-31 13:43:04
C00053,3520.71,retrait,ES,-8.960289,-89.374285,2025-06-08 23:00:04
C00179,3199.52,versement,UK,6.445281,169.534879,2025-06-07 15:09:04
C00025,1214.24,virement,ES,-37.986115,25.956853,2025-06-13 23:22:04
C00160,800.77,virement,DE,87.389844,156.737392,2025-05-22 06:21:04
C00007,3028.43,achat,IT,85.457413,132.305782,2025-06-13 12:41:04
C00129,1160.41,paiement,ES,-37.773704,160.896592,2025-05-24 07:24:04
C00012,510.79,achat,FR,-69.771746,-21.424327,2025-06-14 23:15:04
C00138,3740.16,achat,JP,89.14555,-6.130871,2025-05-22 18:55:04
C00006,1065.16,virement,UK,46.575127,-165.68274,2025-05-26 01:37:04
C00110,4345.48,paiement,UK,-53.384938,88.132868,2025-06-13 04:23:04
C00165,4636.23,achat,JP,-51.63115,-21.874176,2025-06-07 19:19:04
C00046,740.69,achat,UK,65.850553,128.350478,2025-06-11 16:05:04
C00159,2783.49,retrait,FR,-24.903985,-100.18624,2025-05-23 05:22:04
C00167,4284.73,paiement,DE,-40.502499,164.050585,2025-05-31 19:28:04
C00067,2859.11,paiement,IT,-19.831023,-88.307786,2025-05-23 20:02:04
C00021,61.45,retrait,UK,-85.460024,-112.117762,2025-05-19 02:47:04
C00065,799.22,virement,CN,-63.160907,15.622826,2025-06-12 12:01:04
C00075,2221.99,achat,CN,84.222045,-89.356449,2025-05-23 15:53:04
C00104,3834.94,paiement,ES,51.489641,162.193405,2025-06-03 03:04:04
C00119,1425.05,virement,IT,-81.221611,-71.695892,2025-05-27 04:20:04
C00125,2808.14,achat,DE,76.234698,-98.938008,2025-05-23 02:47:04
C00153,495.73,virement,FR,-86.745163,101.635993,2025-05-19 17:08:04
C00110,3137.93,achat,US,-59.215675,-108.061377,2025-06-05 05:05:04
C00123,1029.35,versement,FR,27.279083,44.238815,2025-06-10 17:58:04
C00160,2766.39,achat,UK,-9.73842,-5.491238,2025-05-25 13:10:04
C00049,2604.06,versement,US,63.997081,153.448879,2025-05-20 00:17:04
C00085,2536.43,versement,DE,-13.196154,-33.457267,2025-06-04 04:10:04
C00061,4356.41,versement,US,26.138929,137.233933,2025-06-01 11:08:04
C00140,3184.12,versement,IT,71.283068,178.129864,2025-05-25 23:15:04
C00026,383.7,paiement,FR,56.086463,130.394971,2025-06-13 18:08:04
C00049,2384.56,paiement,JP,-13.17649,-33.492892,2025-05-31 11:22:04
C00014,2362.19,achat,DE,49.208555,174.254069,2025-05-20 00:00:04
C00126,250.88,paiement,DE,-84.495107,-163.557044,2025-05-23 02:07:04
C00193,1115.56,retrait,FR,-83.487784,81.596738,2025-05-24 22:42:04
C00160,4660.17,retrait,DE,-64.448444,-45.962745,2025-06-15 22:26:04
C00149,2808.47,achat,CN,38.830074,68.376226,2025-06-10 06:17:04
C00093,2150.85,versement,FR,-34.939899,1.261434,2025-06-04 06:24:04
C00199,1508.94,versement,UK,-13.648649,-79.868105,2025-05-20 01:35:04
C00093,2125.33,virement,IT,-54.076358,-42.10416,2025-06-01 07:26:04
C00135,509.65,virement,US,42.676573,135.696704,2025-06-02 04:43:04
C00043,3591.54,retrait,CN,-16.106098,160.653193,2025-06-04 12:22:04
C00126,4012.22,paiement,FR,-49.494495,21.343484,2025-05-25 16:29:04
C00193,2403.67,achat,DE,-70.379719,130.353438,2025-06-13 22:08:04
C00066,2862.46,retrait,DE,63.196535,69.315243,2025-06-10 11:42:04
C00090,3258.85,achat,IT,-14.456031,-143.369664,2025-06-12 13:37:04
C00177,2709.78,virement,UK,60.331042,-30.422962,2025-06-04 00:24:04
C00008,2632.93,retrait,ES,-34.674211,-119.631735,2025-05-23 19:05:04
C00145,440.69,retrait,FR,10.682488,-155.576631,2025-05-30 13:14:04
C00156,2527.15,virement,ES,-84.069419,65.122779,2025-05-19 03:15:04
C00060,1277.8,versement,ES,-38.929796,-110.412931,2025-05-29 19:15:04
C00175,2616.72,achat,IT,-19.15046,40.597682,2025-05-19 05:11:04
C00167,3838.99,achat,JP,79.823446,147.740739,2025-06-03 15:40:04
C00002,4283.76,achat,US,29.688158,69.729754,2025-06-15 03:54:04
C00156,3837.86,versement,IT,-20.129115,96.42263,2025-06-13 02:11:04
C00162,3424.87,paiement,JP,49.811715,-110.31908,2025-06-14 06:02:04
C00156,1154.4,paiement,UK,82.960393,-122.063839,2025-05-21 15:33:04
C00158,3128.05,versement,FR,-86.899197,-138.071914,2025-06-02 04:45:04
C00200,2305.05,achat,US,-70.032387,74.504109,2025-05-24 08:42:04
C00044,3455.26,versement,ES,-29.09625,19.834641,2025-05-22 18:07:04
C00065,4249.91,virement,CN,75.496625,-30.08623,2025-05-31 19:43:04
C00200,1580.23,retrait,US,16.536069,-56.373342,2025-06-10 19:42:04
C00108,958.24,achat,CN,-79.279701,-93.109812,2025-05-22 22:25:04
C00149,3233.03,versement,US,20.989233,-10.640592,2025-05-20 03:25:04
C00042,1619.42,virement,US,59.741459,-154.122207,2025-06-13 14:22:04
C00098,1140.92,virement,US,18.457812,132.177539,2025-05-21 18:52:04
C00133,2473.35,virement,FR,-79.377076,-52.957019,2025-06-06 21:02:04
C00153,4666.95,retrait,US,51.760619,17.912052,2025-05-27 03:47:04
C00167,1854.94,versement,JP,-55.457541,-165.732878,2025-06-07 13:34:04
C00156,3623.42,retrait,CN,6.202133,155.726399,2025-05-21 11:05:04
C00139,986.29,paiement,US,82.512672,-57.766368,2025-05-31 07:07:04
C00106,2769.72,virement,DE,-3.172796,44.892161,2025-05-29 18:58:04
C00128,736.04,achat,JP,-57.212323,-130.590563,2025-05-25 18:58:04
C00041,3507.4,paiement,CN,-43.412006,101.239322,2025-06-05 00:59:04
C00088,3235.1,virement,DE,-1.860423,145.950813,2025-05-18 22:22:04
C00117,886.63,versement,DE,-31.889895,62.13959,2025-05-30 13:08:04
C00197,1993.18,versement,JP,-82.553872,-64.797548,2025-05-25 12:09:04
C00143,4532.7,achat,DE,69.195062,160.500498,2025-06-13 10:57:04
C00119,1664.17,retrait,US,54.054547,50.197705,2025-06-04 20:42:04
C00059,3582.01,paiement,DE,27.549041,-3.083825,2025-06-03 01:37:04
C00163,984.7,paiement,UK,78.015402,147.554582,2025-06-02 04:43:04
C00132,2514.87,achat,UK,-45.887836,-139.201692,2025-05-20 21:39:04
C00048,4871.96,retrait,CN,-83.619122,-123.921957,2025-05-19 09:43:04
C00189,1925.04,versement,US,33.967532,155.369041,2025-05-19 14:50:04
C00191,310.67,achat,UK,38.698569,-0.262506,2025-06-04 22:59:04
C00170,4686.84,retrait,US,-46.369315,-162.009076,2025-05-19 04:05:04
C00080,1751.21,versement,IT,84.835308,-89.119253,2025-06-12 05:03:04
C00183,830.87,retrait,ES,57.908464,-108.050117,2025-06-03 21:22:04
C00014,1706.81,versement,US,-43.132995,-96.592979,2025-05-25 16:05:04
C00052,4199.12,retrait,DE,63.563122,68.940712,2025-06-10 06:18:04
C00183,4148.58,virement,FR,79.234057,2.245542,2025-06-04 04:29:04
C00005,754.72,retrait,ES,-12.264335,71.253379,2025-05-28 16:54:04
C00025,857.46,achat,US,-65.198807,-57.974819,2025-06-01 14:53:04
C00146,1942.1,retrait,JP,73.066975,-109.676422,2025-06-07 04:30:04
C00011,69.25,virement,IT,-42.111522,-14.306251,2025-05-28 15:28:04
C00142,1889.89,paiement,ES,50.459922,116.008993,2025-05-29 19:43:04
C00062,4600.42,achat,US,13.228293,96.504167,2025-06-09 07:29:04
C00071,1821.33,retrait,ES,84.913772,-62.155343,2025-06-04 07:38:04
C00003,1473.94,retrait,CN,-25.42637,171.942196,2025-06-09 17:42:04
C00091,2114.44,retrait,US,-7.76193,-167.133607,2025-05-31 09:53:04
C00180,2287.15,retrait,UK,-23.672144,14.192517,2025-06-10 16:21:04
C00185,2643.51,virement,FR,53.09936,-80.847742,2025-06-06 13:10:04
C00028,329.66,virement,UK,71.201232,-67.724139,2025-06-05 23:39:04
C00016,189.28,achat,DE,-29.071632,-129.985552,2025-06-12 10:10:04
C00064,3329.0,versement,FR,13.419114,-44.449562,2025-06-01 17:35:04
C00016,4072.6,retrait,IT,24.181241,-85.119637,2025-06-01 05:41:04
C00018,4631.08,versement,UK,2.728478,-120.85395,2025-05-24 03:11:04
C00012,867.58,virement,FR,43.696375,154.450267,2025-06-14 20:24:04
C00069,4236.39,versement,JP,-8.016309,114.06332,2025-05-30 02:49:04
C00075,3845.24,versement,UK,-85.813361,101.766836,2025-05-22 10:28:04
C00131,4820.76,paiement,ES,11.086261,-110.37657,2025-06-09 03:13:04
C00151,180.51,achat,CN,-52.987569,-116.577082,2025-06-09 19:10:04
C00046,431.43,virement,ES,-63.78009,5.845674,2025-06-02 00:45:04
C00129,2362.51,virement,DE,-69.260814,-81.003665,2025-05-29 13:01:04
C00081,571.53,retrait,DE,-67.747872,178.002814,2025-05-20 16:58:04
C00178,1171.53,virement,DE,81.08919,176.846526,2025-06-10 20:32:04
C00090,1112.27,virement,FR,69.187666,-35.675447,2025-05-29 05:57:04
C00113,1142.98,retrait,DE,-12.723698,37.972506,2025-05-30 07:40:04
C00091,107.54,paiement,IT,-10.397519,-135.485319,2025-05-25 19:22:04
C00115,1952.52,versement,FR,-29.523624,-136.037162,2025-05-18 01:01:04
C00026,232.59,versement,IT,-72.699676,70.166682,2025-06-16 00:19:04
C00193,3476.19,virement,DE,-69.073071,114.910436,2025-06-16 01:28:04
C00158,4891.73,virement,CN,-8.523313,-106.177279,2025-05-18 14:45:04
C00072,3585.61,paiement,US,41.621632,-75.163266,2025-05-28 21:04:04
C00131,4452.0,achat,CN,41.025907,-154.288052,2025-05-20 20:28:04
C00052,3936.95,achat,FR,-54.243737,-1.621122,2025-06-13 12:19:04
C00188,3744.01,versement,ES,-27.50216,-157.631833,2025-05-21 23:33:04
C00026,1354.24,paiement,FR,29.558382,25.933249,2025-05-28 10:34:04
C00099,2492.83,paiement,JP,-68.340698,118.692634,2025-06-02 06:02:04
C00150,4243.55,achat,DE,-7.548715,28.265317,2025-05-21 03:51:04
C00131,1145.13,achat,UK,-20.44974,104.169017,2025-05-25 09:28:04
C00179,2952.63,versement,US,-43.496157,56.544779,2025-06-02 22:02:04
C00033,2086.78,paiement,FR,41.191153,-141.559705,2025-06-04 13:57:04
C00022,2475.84,virement,FR,-87.067618,130.526189,2025-06-04 10:34:04
C00195,4526.84,achat,JP,37.422718,97.60914,2025-05-30 03:25:04
C00180,715.08,retrait,US,-39.982932,141.528796,2025-06-08 04:04:04
C00116,4794.1,versement,IT,12.794881,109.507764,2025-06-09 14:04:04
C00083,2788.41,achat,DE,-52.961426,-172.708865,2025-05-22 17:32:04
C00174,4888.68,virement,US,81.147669,150.240238,2025-06-13 08:42:04
C00094,4660.92,retrait,IT,-27.125581,-135.79563,2025-06-12 08:05:04
C00095,470.72,retrait,ES,-81.732598,-68.167486,2025-05-31 22:25:04
C00066,2728.64,paiement,DE,46.613124,-143.853974,2025-06-13 02:06:04
C00070,536.89,achat,JP,-89.424206,93.136192,2025-06-01 00:37:04
C00151,747.15,retrait,IT,-20.235145,82.490189,2025-05-26 20:35:04
C00023,4631.99,virement,IT,-37.946115,53.742747,2025-06-10 22:43:04
C00121,170.96,versement,US,-41.182464,40.70692,2025-05-22 08:26:04
C00061,1804.7,versement,IT,-29.589265,165.101057,2025-06-14 13:44:04
C00183,700.98,achat,ES,21.156765,-110.100183,2025-05-26 01:16:04
C00025,2227.06,paiement,FR,72.219355,86.731255,2025-05-19 08:23:04
C00145,75.96,retrait,US,73.078246,-106.286029,2025-05-24 00:27:04
C00058,3026.49,paiement,DE,34.067399,55.419908,2025-05-24 00:22:04
C00024,4345.19,paiement,ES,3.047186,-66.167413,2025-06-05 14:50:04
C00005,3981.53,virement,FR,37.030086,23.606376,2025-05-25 13:39:04
C00126,2366.06,virement,IT,-43.488301,16.239076,2025-06-07 12:18:04
C00011,4490.84,achat,ES,43.065076,-27.571435,2025-05-26 20:44:04
C00175,3206.64,virement,DE,-60.865322,143.328372,2025-06-04 05:04:04
C00073,1891.38,versement,DE,32.872937,173.181345,2025-06-07 07:16:04
C00072,3144.49,achat,US,-70.011034,-116.223671,2025-06-01 11:49:04
C00026,4265.26,achat,US,26.21431,-168.629494,2025-06-15 02:49:04
C00027,1907.92,retrait,UK,43.714133,61.132898,2025-06-05 16:13:04
C00198,161.54,paiement,ES,80.240238,167.251335,2025-06-12 03:39:04
C00039,2719.02,virement,US,-12.700431,38.007159,2025-05-23 10:22:04
C00094,3628.99,virement,IT,52.493558,123.631419,2025-06-12 11:03:04
C00025,325.74,virement,UK,-81.480358,144.170831,2025-05-23 23:21:04
C00105,2686.78,achat,US,8.508046,40.421031,2025-05-18 17:21:04
C00198,1946.39,achat,IT,-53.87986,68.237019,2025-06-06 11:42:04
C00052,4658.54,versement,US,55.891057,166.699977,2025-06-12 19:43:04
C00049,2422.82,retrait,ES,77.411058,14.562991,2025-06-13 14:06:04
C00086,3219.26,achat,JP,-63.097697,39.318136,2025-06-11 10:25:04
C00191,2609.27,versement,JP,22.344233,-156.695079,2025-05-28 09:25:04
C00048,1762.2,retrait,DE,-55.918203,-172.850538,2025-05-18 20:37:04
C00186,4904.7,retrait,CN,22.748818,19.53139,2025-05-25 20:25:04
C00085,4902.07,retrait,IT,56.096087,-152.102467,2025-06-11 19:07:04
C00150,2102.67,achat,FR,30.530922,-101.348054,2025-06-01 15:47:04
C00011,4836.76,achat,IT,72.22277,-73.350181,2025-06-07 02:56:04
C00082,4410.52,achat,UK,79.260734,-8.092318,2025-06-08 15:25:04
C00100,3806.51,virement,CN,80.002571,-134.174023,2025-05-28 23:30:04
C00083,2561.06,virement,DE,23.209987,115.114582,2025-06-15 23:34:04
C00187,2677.75,paiement,CN,-10.127987,74.950149,2025-06-04 01:13:04
C00184,2315.73,retrait,CN,-39.329654,40.80214,2025-06-02 04:03:04
C00096,1077.48,versement,DE,-34.34312,-55.045315,2025-05-20 13:13:04
C00123,2280.72,retrait,IT,74.844855,67.519533,2025-05-25 19:15:04
C00178,4598.03,retrait,ES,-58.590454,15.945311,2025-06-16 16:55:04
C00027,3816.68,virement,ES,-50.739114,151.920891,2025-06-13 09:46:04
C00102,3337.73,virement,ES,-10.718448,60.621369,2025-05-30 20:08:04
C00136,3125.53,paiement,CN,29.952665,-142.003108,2025-05-30 15:29:04
C00048,4471.29,versement,ES,11.44945,-11.994096,2025-06-15 06:39:04
C00116,2742.56,virement,IT,45.014101,-18.860844,2025-06-06 04:04:04
C00068,4316.88,versement,ES,-27.334118,79.682541,2025-05-21 21:28:04
C00157,104.83,achat,CN,9.282287,79.16459,2025-05-18 03:28:04
C00125,1174.67,achat,DE,19.628877,116.604173,2025-05-18 11:01:04
C00165,903.03,achat,US,28.874523,-13.680095,2025-05-28 23:14:04
C00105,1260.85,retrait,IT,-39.93114,152.984666,2025-05-24 00:40:04
C00195,1326.08,retrait,DE,63.299446,72.868614,2025-06-09 03:16:04
C00110,86.8,paiement,IT,-81.122948,-24.648042,2025-06-15 05:50:04
C00146,1844.47,retrait,FR,-14.983895,-179.476644,2025-06-04 10:35:04
C00053,4234.91,retrait,UK,64.39549,-127.516502,2025-05-19 14:10:04
C00137,4656.25,achat,US,11.368941,-172.089814,2025-05-23 04:20:04
C00190,149.16,achat,FR,-41.531174,-38.792718,2025-05-28 07:42:04
C00197,4262.14,achat,US,-78.042937,-125.918019,2025-05-19 14:03:04
C00144,2200.06,achat,UK,-81.154083,-22.133533,2025-06-08 07:35:04
C00036,2898.84,versement,FR,44.584992,-2.714511,2025-06-02 09:04:04
C00070,4297.73,virement,JP,65.568546,53.514314,2025-06-14 02:26:04
C00034,4334.46,virement,UK,-25.719445,122.19065,2025-05-26 03:40:04
C00067,4320.15,paiement,US,-54.021404,50.982391,2025-05-19 07:09:04
C00080,299.38,retrait,CN,4.121355,119.105198,2025-05-24 07:26:04
C00133,4509.84,retrait,DE,25.138949,-155.980514,2025-05-25 19:57:04
C00051,3290.55,versement,CN,-45.039428,-167.333371,2025-06-06 17:51:04
C00093,3796.99,paiement,CN,-82.571623,113.840535,2025-05-18 05:13:04
C00088,2405.66,retrait,UK,55.679302,-97.741514,2025-05-24 16:43:04
C00022,1345.75,versement,CN,87.701222,-144.317889,2025-05-31 11:18:04
C00185,1984.05,retrait,IT,-23.863444,160.711959,2025-06-14 14:15:04
C00026,3179.71,virement,CN,-40.953235,-83.562368,2025-06-13 22:02:04
C00096,3671.03,versement,CN,-67.163279,-119.45027,2025-06-05 21:59:04
C00111,4083.97,achat,JP,16.637945,-80.938957,2025-05-18 09:43:04
C00031,3287.77,versement,IT,-56.055199,-33.569625,2025-06-15 16:35:04
C00135,3115.99,achat,FR,-74.70387,0.862345,2025-05-31 14:15:04
C00156,4001.51,paiement,UK,-32.413914,79.432165,2025-06-13 13:10:04
C00169,3770.64,virement,JP,-30.199562,51.176949,2025-06-13 00:31:04
C00014,2154.18,retrait,IT,0.412403,178.224884,2025-06-15 18:34:04
C00048,3244.0,achat,ES,78.081001,-95.600456,2025-06-09 06:31:04
C00085,2662.11,retrait,US,-51.605255,36.342351,2025-05-29 15:19:04
C00097,3313.06,virement,FR,-86.876018,-123.77097,2025-06-10 22:39:04
C00080,211.82,retrait,IT,-45.776044,-94.211188,2025-06-07 21:34:04
C00011,2481.75,paiement,FR,-61.298623,-91.821744,2025-05-18 15:11:04
C00195,3532.75,achat,JP,41.463227,-108.521843,2025-06-05 17:49:04
C00190,3671.81,achat,JP,63.609837,-68.9034,2025-05-23 10:53:04
C00135,1098.09,virement,JP,72.810663,-102.156133,2025-05-22 15:50:04
C00071,3991.8,retrait,CN,0.630408,-56.971031,2025-06-07 16:25:04
C00155,1405.41,retrait,DE,-37.255908,79.295555,2025-05-26 18:29:04
C00173,2138.51,paiement,DE,-37.383174,37.721822,2025-05-25 07:51:04
C00174,4339.07,achat,DE,53.194534,159.502561,2025-06-08 03:20:04
C00127,2090.38,versement,FR,58.830556,-44.43863,2025-05-27 16:25:04
C00088,4545.95,versement,IT,22.004973,-41.67176,2025-06-05 03:24:04
C00193,4809.69,achat,DE,40.188657,-17.852106,2025-06-13 23:47:04
C00193,4430.06,retrait,JP,-49.531089,-171.424085,2025-05-20 19:03:04
C00137,3692.45,achat,US,-28.088868,140.89683,2025-05-28 07:37:04
C00039,3568.43,paiement,FR,-10.967988,8.584932,2025-06-16 20:15:04
C00125,372.13,versement,UK,-12.356341,152.735163,2025-05-30 07:36:04
C00019,1407.86,achat,JP,-46.137305,-153.705637,2025-06-01 18:00:04
C00079,3005.5,retrait,JP,-35.271606,126.210452,2025-05-29 19:19:04
C00056,4251.64,achat,US,25.991605,170.071835,2025-06-01 21:18:04
C00108,3397.69,versement,US,79.71613,179.15813,2025-05-20 13:36:04
C00200,33.03,versement,JP,24.077149,126.437513,2025-05-23 05:43:04
C00150,4590.22,versement,ES,22.015757,-179.064701,2025-05-26 23:46:04
C00126,3364.64,achat,IT,19.193131,138.694997,2025-05-18 18:57:04
C00044,1169.65,paiement,FR,60.604101,118.847242,2025-05-21 04:31:04
C00092,1431.05,versement,IT,-54.245094,-118.405624,2025-05-31 06:25:04
C00062,2756.53,paiement,UK,2.886356,71.247603,2025-05-19 23:01:04
C00094,348.19,virement,ES,52.876902,-157.641919,2025-06-03 20:51:04
C00161,1531.6,virement,CN,-19.964491,1.908464,2025-06-02 08:12:04
C00014,2412.37,achat,DE,17.912876,138.051516,2025-06-15 13:22:04
C00146,3343.03,achat,IT,-74.337058,-60.489515,2025-06-12 23:53:04
C00159,2291.06,versement,US,53.861125,-175.011784,2025-06-10 21:27:04
C00179,743.35,virement,CN,62.313033,170.76331,2025-05-27 13:26:04
C00198,4044.67,versement,US,58.46422,-131.470951,2025-05-27 18:29:04
C00118,3064.99,achat,ES,79.1736,-137.027283,2025-05-24 23:49:04
C00168,3320.08,virement,DE,-72.536163,-71.644049,2025-05-18 22:35:04
C00051,3817.13,versement,ES,-7.240479,132.97729,2025-05-24 01:15:04
C00081,2943.02,virement,JP,61.170793,177.587064,2025-06-04 04:39:04
C00074,4264.86,paiement,CN,-1.199267,121.420519,2025-05-24 20:41:04
C00033,2138.36,achat,UK,-53.188649,121.516867,2025-06-07 17:09:04
C00138,4336.84,virement,FR,14.102056,45.037874,2025-05-30 21:25:04
C00168,3824.21,versement,DE,86.442525,-64.188517,2025-06-15 01:54:04
C00046,1814.9,versement,IT,-76.065819,-37.046227,2025-05-20 11:08:04
C00169,1751.3,versement,IT,58.952992,-51.489987,2025-05-25 01:30:04
C00150,2241.95,paiement,IT,23.778894,94.424902,2025-05-29 11:55:04
C00187,1050.64,virement,US,59.664737,-22.341793,2025-05-30 03:23:04
C00182,756.3,paiement,UK,-46.761587,157.320527,2025-06-07 21:30:04
C00044,110.61,virement,IT,-16.642958,-131.923339,2025-05-23 05:10:04
C00016,4624.7,paiement,DE,-34.605032,4.915288,2025-05-18 00:33:04
C00147,4126.49,retrait,US,56.663396,78.400281,2025-06-07 02:59:04
C00072,2626.47,retrait,IT,25.847869,-104.463622,2025-05-23 14:51:04
C00079,2476.64,paiement,UK,-71.686569,-108.66033,2025-06-14 19:07:04
C00142,2602.68,virement,JP,4.684271,-71.882942,2025-06-01 02:47:04
C00117,1232.1,achat,IT,-37.904291,-59.40418,2025-06-04 23:03:04
C00050,3221.11,achat,DE,36.921186,-21.823238,2025-06-09 04:29:04
C00033,2625.69,virement,FR,30.74927,-154.534071,2025-05-26 07:00:04
C00006,2492.68,versement,CN,-29.531479,-48.491926,2025-05-26 10:27:04
C00191,888.73,retrait,CN,77.107872,-58.321935,2025-05-29 10:49:04
C00102,3059.39,retrait,ES,-42.922103,-117.87359,2025-06-08 02:43:04
C00007,1833.85,achat,DE,-22.07655,-158.97003,2025-05-22 08:59:04
C00186,3098.35,paiement,UK,30.106765,65.364859,2025-06-03 08:10:04
C00008,1173.17,virement,IT,37.293541,18.12251,2025-05-24 14:13:04
C00042,4249.7,paiement,JP,-6.255861,-94.267693,2025-06-16 04:19:04
C00182,1255.46,achat,ES,32.511545,-0.953329,2025-06-16 18:23:04
C00166,4326.17,virement,US,81.428367,-100.247778,2025-05-22 20:00:04
C00103,3909.35,retrait,IT,-52.144792,157.982113,2025-05-21 16:52:04
C00118,4949.77,virement,FR,23.411523,-68.27317,2025-06-06 23:00:04
C00123,2340.78,paiement,CN,-3.397497,-63.120622,2025-06-08 09:18:04
C00175,2635.02,paiement,IT,-27.243014,76.383414,2025-05-28 23:28:04
C00024,4942.92,paiement,JP,2.9243,97.436343,2025-05-24 22:14:04
C00029,1473.32,achat,US,19.778436,-16.635622,2025-05-27 17:35:04
C00041,4114.64,virement,US,-30.196299,161.750026,2025-05-22 01:33:04
C00188,1915.01,paiement,FR,11.450265,90.130636,2025-05-22 02:36:04
C00112,3692.56,virement,CN,-33.238328,79.416586,2025-05-22 09:33:04
C00087,1997.83,virement,FR,-86.779853,-26.822728,2025-05-26 19:10:04
C00052,2091.34,retrait,DE,-37.168581,41.301314,2025-05-22 01:37:04
C00191,4909.58,achat,ES,42.158087,177.616337,2025-06-14 16:09:04
C00005,1778.42,achat,DE,-4.485128,-64.156317,2025-06-11 03:28:04
C00034,344.08,versement,JP,9.845652,-8.168507,2025-05-31 22:21:04
C00073,4456.43,versement,FR,80.411383,-178.40808,2025-05-25 15:37:04
C00195,4487.37,retrait,UK,54.211655,-152.422879,2025-05-26 15:23:04
C00023,3037.34,virement,IT,-80.347443,-160.720985,2025-06-01 20:16:04
C00159,3376.21,paiement,JP,69.580383,-52.899761,2025-06-04 11:57:04
C00200,1832.11,achat,CN,-30.840962,113.232033,2025-06-07 21:06:04
C00100,2759.36,retrait,UK,-69.192793,-55.015446,2025-06-14 21:58:04
C00059,4426.51,paiement,DE,47.674855,101.726255,2025-05-24 19:12:04
C00020,3361.13,virement,IT,-61.19243,-27.439935,2025-05-29 04:18:04
C00033,955.63,versement,UK,69.272682,-114.029437,2025-05-21 02:40:04
C00047,1983.66,virement,ES,1.408638,-89.075011,2025-05-27 18:51:04
C00029,3281.58,versement,FR,-9.91487,-16.058072,2025-05-30 12:13:04
C00031,2935.97,versement,DE,-70.817595,-74.086953,2025-05-20 14:59:04
C00079,456.02,paiement,IT,48.187785,-85.268775,2025-05-21 14:52:04
C00105,1247.18,achat,UK,-65.065794,-114.749524,2025-05-24 13:29:04
C00088,3662.83,versement,DE,-51.52861,143.56614,2025-05-20 17:31:04
C00096,2855.25,achat,DE,35.444573,44.830114,2025-05-25 23:31:04
C00146,4222.87,achat,IT,-54.420013,153.890797,2025-06-03 11:50:04
C00074,2621.03,versement,ES,-83.232407,-127.729019,2025-05-20 01:09:04
C00168,2469.9,achat,FR,32.50286,143.023322,2025-05-25 02:17:04
C00107,3214.71,paiement,ES,-5.551518,-2.569994,2025-05-23 09:59:04
C00005,4561.92,retrait,UK,-85.063663,156.776439,2025-05-28 04:47:04
C00028,2512.74,retrait,IT,28.110178,151.224661,2025-05-18 19:23:04
C00049,1404.28,achat,DE,53.656913,-115.227394,2025-06-03 05:35:04
C00102,73.82,retrait,FR,-83.130361,-162.31712,2025-06-09 19:15:04
C00083,3484.74,achat,CN,-88.907631,-8.176732,2025-06-14 21:02:04
C00026,3176.0,versement,IT,33.520804,83.811047,2025-06-13 03:02:04
C00029,4527.2,achat,IT,-11.61269,135.794671,2025-05-19 04:16:04
C00078,4154.24,paiement,FR,-26.368699,-149.291032,2025-06-11 10:46:04
C00071,462.41,versement,US,72.810055,42.131315,2025-06-12 12:16:04
C00062,4996.54,achat,UK,50.17857,-72.873708,2025-06-01 04:49:04
C00108,764.9,paiement,ES,-72.119471,114.325231,2025-06-12 12:10:04
C00120,51.53,achat,JP,64.074527,35.828769,2025-06-10 15:38:04
C00081,4976.03,versement,IT,-14.883481,17.420775,2025-06-08 05:38:04
C00100,2587.56,paiement,FR,0.178991,-42.444671,2025-06-10 13:36:04
C00134,520.68,paiement,UK,-2.897783,69.060129,2025-06-02 15:32:04
C00020,972.4,versement,CN,86.820296,-172.393912,2025-06-05 00:02:04
C00003,1834.37,retrait,JP,61.883608,102.460753,2025-05-24 04:05:04
C00043,3968.58,achat,FR,-44.139432,-10.615908,2025-05-25 15:56:04
C00200,311.79,virement,FR,-41.953369,-158.265325,2025-05-29 21:16:04
C00021,3313.25,retrait,ES,81.785361,-1.445413,2025-06-07 07:42:04
C00116,3806.71,retrait,FR,-13.329061,-174.691143,2025-06-03 02:09:04
C00020,2771.78,retrait,FR,-45.230089,-15.895537,2025-06-15 23:55:04
C00057,3255.16,virement,FR,83.530805,-45.770134,2025-06-01 14:19:04
C00065,3943.73,versement,FR,70.942394,-51.508847,2025-06-05 13:19:04
C00018,1813.49,paiement,CN,30.113911,15.973382,2025-06-11 19:00:04
C00084,3069.46,virement,US,2.189961,82.554713,2025-05-21 13:15:04
C00152,1891.8,versement,IT,28.927422,50.990833,2025-06-07 13:46:04
C00036,2833.18,paiement,US,62.508738,129.140556,2025-06-08 23:10:04
C00062,2620.86,versement,FR,2.955202,102.194622,2025-06-03 04:39:04
C00068,2176.12,virement,ES,-10.482755,54.020916,2025-06-15 12:12:04
C00141,1420.23,achat,IT,84.37492,151.699307,2025-05-22 04:14:04
C00125,500.42,versement,ES,70.77566,39.156994,2025-06-03 13:19:04
C00196,3047.67,paiement,ES,5.405526,17.042879,2025-05-18 12:55:04
C00087,4432.1,retrait,UK,89.364528,-125.7264,2025-06-02 13:39:04
C00097,4293.95,retrait,DE,-70.626351,44.487839,2025-05-21 00:24:04
C00063,1451.28,virement,US,21.900433,-149.456987,2025-05-30 23:16:04
C00036,139.16,virement,DE,-24.538252,-142.360777,2025-06-01 16:22:04
C00153,4581.29,virement,CN,-63.823843,36.044426,2025-06-16 21:20:04
C00053,834.22,virement,ES,-27.917492,53.994533,2025-05-31 08:23:04
C00149,444.73,versement,DE,47.70424,-61.518119,2025-06-10 14:38:04
C00081,2626.9,versement,US,20.535532,-161.845031,2025-06-10 15:16:04
C00032,4646.67,versement,IT,58.702691,-48.679473,2025-05-20 06:54:04
C00171,2891.47,achat,IT,-2.716075,28.676777,2025-05-29 20:47:04
C00114,457.15,achat,UK,41.920373,-166.146487,2025-05-23 09:15:04
C00138,3317.29,versement,IT,66.982144,60.95949,2025-06-05 19:11:04
C00016,2676.18,retrait,ES,-80.585076,-105.941351,2025-06-14 13:04:04
C00136,530.55,retrait,UK,8.159478,114.918751,2025-05-23 14:40:04
C00038,3210.36,versement,UK,30.831929,-158.34339,2025-06-03 23:04:04
C00136,2251.61,retrait,US,-30.242914,9.956193,2025-06-08 17:58:04
C00096,1774.7,retrait,CN,-75.710268,156.630164,2025-06-02 04:14:04
C00057,1207.7,virement,FR,61.878135,-130.024443,2025-05-25 12:00:04
C00042,561.93,versement,FR,35.026399,-82.300527,2025-05-29 19:57:04
C00090,4982.4,retrait,CN,17.476787,-101.424436,2025-05-28 05:06:04
C00027,4996.03,virement,CN,-51.806367,151.890708,2025-06-04 14:34:04
C00070,1524.14,versement,IT,-27.414328,-59.649071,2025-06-03 02:29:04
C00050,3887.48,paiement,JP,50.202142,-124.632515,2025-05-23 17:59:04
C00152,2695.91,achat,UK,55.026768,150.93898,2025-05-26 21:54:04
C00057,2032.58,achat,US,-8.879076,-136.792175,2025-05-18 11:00:04
C00100,587.59,achat,ES,75.165423,-176.700145,2025-05-20 04:20:04
C00015,1283.56,versement,FR,9.313342,-72.845835,2025-06-12 01:49:04
C00134,35.76,retrait,JP,19.514778,-41.002963,2025-05-31 05:00:04
C00109,1422.61,retrait,US,0.037142,48.217738,2025-06-04 20:17:04
C00056,1270.26,paiement,CN,29.582385,-101.51876,2025-05-20 17:41:04
C00117,2184.7,virement,ES,41.275193,-166.97127,2025-06-06 09:10:04
C00175,2703.99,paiement,JP,49.254477,135.064038,2025-05-20 08:09:04
C00027,960.86,retrait,JP,-47.155366,-16.340146,2025-05-19 18:17:04
C00144,3484.48,versement,FR,-24.126634,-62.291627,2025-05-31 03:18:04
C00084,4787.45,retrait,ES,-47.114421,143.956061,2025-06-06 00:38:04
C00153,3366.22,virement,UK,-48.881697,37.49677,2025-05-30 23:06:04
C00145,4495.98,versement,ES,-65.447598,169.827223,2025-05-31 01:08:04
C00009,2445.07,virement,US,28.47439,-102.472514,2025-06-11 02:41:04
C00054,4246.76,virement,DE,-66.224489,-178.266263,2025-06-12 10:40:04
C00164,1684.87,paiement,FR,-58.132152,147.039997,2025-05-27 19:55:04
C00159,3480.87,achat,DE,53.808924,118.639852,2025-06-03 02:09:04
C00096,132.55,retrait,FR,63.77519,131.17312,2025-06-05 21:37:04
C00026,2967.99,retrait,ES,-22.959156,31.292329,2025-05-21 03:10:04
C00145,3576.63,achat,JP,-8.173492,-119.672817,2025-06-04 21:43:04
C00177,354.0,versement,DE,24.490788,-98.968675,2025-06-15 08:52:04
C00151,242.03,retrait,JP,41.548782,164.961369,2025-06-13 02:54:04
C00034,66.88,achat,JP,-63.691067,64.780927,2025-05-18 08:45:04
C00039,2398.28,retrait,DE,-66.012816,99.591763,2025-05-18 22:58:04
C00030,3799.99,achat,CN,7.749131,-57.072619,2025-06-10 18:56:04
C00066,4842.27,virement,ES,-61.312601,52.144809,2025-06-03 21:20:04
C00005,4575.87,versement,IT,87.319472,-68.524717,2025-06-14 04:11:04
C00092,3345.43,achat,ES,85.963615,159.204043,2025-05-25 14:19:04
C00088,1850.17,achat,JP,68.05551,95.489045,2025-05-29 20:07:04
C00085,3154.17,achat,UK,-74.642986,177.069832,2025-06-07 13:00:04
C00033,877.78,retrait,UK,47.991987,-60.401479,2025-06-07 06:28:04
C00016,63.4,achat,FR,-23.617058,-77.195626,2025-05-25 03:53:04
C00062,1466.56,retrait,UK,-84.200545,-46.377916,2025-06-12 13:00:04
C00086,3153.89,achat,DE,-33.873876,-37.250828,2025-06-12 22:51:04
C00003,709.89,versement,ES,13.995968,-5.836911,2025-06-07 11:30:04
C00173,3245.73,paiement,DE,-69.432941,103.924173,2025-06-09 09:42:04
C00070,4186.94,paiement,JP,19.009963,27.361521,2025-05-28 06:21:04
C00053,3178.78,achat,US,-33.731057,47.649319,2025-05-26 22:38:04
C00055,3015.21,versement,US,10.295711,45.318741,2025-05-22 00:06:04
C00197,836.15,versement,US,-69.536792,153.447034,2025-06-11 10:06:04
C00055,4964.24,achat,ES,-28.139696,-143.07393,2025-06-10 06:55:04
C00152,1854.2,paiement,JP,56.629312,-124.668165,2025-06-05 14:51:04
C00058,2617.95,paiement,FR,-75.761598,-130.037009,2025-05-25 06:55:04
C00127,3205.45,paiement,CN,-4.706694,112.006634,2025-06-05 13:41:04
C00017,1206.33,achat,CN,-51.686843,-152.82171,2025-06-07 22:54:04
C00200,2102.19,versement,US,43.138552,56.512215,2025-06-10 00:36:04
C00007,999.07,paiement,UK,-70.575181,72.655384,2025-05-20 16:10:04
C00070,2586.48,paiement,UK,46.407107,-3.411515,2025-05-18 03:04:04
C00114,4843.66,retrait,JP,29.295113,-113.462037,2025-06-03 07:39:04
C00129,1182.31,versement,IT,-28.276262,170.168007,2025-06-13 19:36:04
C00156,4554.93,paiement,ES,-48.650256,111.346508,2025-05-29 16:34:04
C00061,1395.15,paiement,IT,-26.96046,11.873687,2025-06-12 01:41:04
C00189,2613.53,paiement,UK,-20.490917,-71.051355,2025-05-21 13:57:04
C00099,3006.33,versement,JP,13.304634,64.558342,2025-06-08 14:20:04
C00172,297.13,retrait,ES,-6.61871,99.468673,2025-06-16 00:31:04
C00088,2218.37,paiement,FR,89.971712,99.811206,2025-06-13 16:15:04
C00175,2771.05,retrait,JP,36.742613,114.174381,2025-06-14 22:53:04
C00062,1990.91,virement,FR,47.320655,-124.867767,2025-05-21 17:09:04
C00025,2082.88,achat,IT,-53.172932,27.184971,2025-06-03 03:18:04
C00152,3228.49,paiement,IT,-1.736468,89.355764,2025-06-14 03:08:04
C00134,1344.02,achat,ES,-3.217408,-82.776559,2025-05-25 07:53:04
C00070,789.12,virement,FR,6.541481,134.917794,2025-06-10 04:23:04
C00061,4426.1,retrait,IT,74.178826,175.157698,2025-05-31 21:18:04
C00009,4506.69,versement,JP,-8.071303,64.018079,2025-06-16 02:06:04
C00092,1033.77,paiement,FR,-71.998534,24.079639,2025-05-22 07:05:04
C00180,2725.99,virement,IT,-32.546561,-31.20405,2025-05-18 19:48:04
C00076,1383.16,virement,UK,12.209204,75.271679,2025-06-02 20:47:04
C00036,1685.37,achat,ES,16.651714,-99.758935,2025-05-24 06:24:04
C00019,3791.53,virement,DE,-61.064069,52.183313,2025-06-10 14:58:04
C00071,3170.84,virement,DE,33.192397,-28.542615,2025-06-03 11:41:04
C00089,3226.8,retrait,US,-56.32914,-177.572779,2025-06-11 06:35:04
C00186,3940.69,versement,FR,-22.589061,-175.666421,2025-06-02 22:52:04
C00188,1988.33,achat,CN,-43.590638,130.714993,2025-05-27 13:21:04
C00191,421.8,versement,IT,89.743682,-64.785614,2025-06-14 18:27:04
C00095,1993.13,achat,UK,-64.224528,36.930028,2025-05-24 21:01:04
C00126,2497.92,virement,IT,69.093232,-177.280882,2025-05-21 23:07:04
C00024,1962.01,versement,DE,29.254445,132.986328,2025-06-02 17:59:04
C00195,4669.76,achat,IT,67.219114,58.785156,2025-06-03 12:45:04
C00167,4236.17,achat,JP,-79.319227,167.54551,2025-06-11 17:48:04
C00007,4944.17,virement,UK,-51.857565,-93.268536,2025-06-11 03:03:04
C00148,4692.74,versement,JP,1.15408,38.262139,2025-05-31 00:35:04
C00057,2845.55,achat,FR,12.205951,-31.743224,2025-06-16 05:08:04
C00048,2657.94,versement,UK,48.853697,159.400537,2025-05-31 05:02:04
C00080,1919.73,achat,FR,27.635555,-163.085385,2025-06-11 15:35:04
C00041,4972.33,retrait,CN,37.24697,164.166869,2025-05-29 17:28:04
C00128,4259.05,versement,DE,13.347302,114.566997,2025-05-27 22:50:04
C00037,393.9,versement,US,41.33791,132.938436,2025-06-11 09:47:04
C00156,4178.63,retrait,US,-46.618464,40.451039,2025-05-19 22:41:04
C00141,3685.83,achat,IT,65.763405,13.04299,2025-05-26 12:54:04
C00155,1067.22,virement,DE,-52.35284,50.598858,2025-05-23 10:51:04
C00076,4054.63,virement,DE,-56.0306,-36.609417,2025-06-04 23:37:04
C00153,4869.31,retrait,US,-37.161257,69.075529,2025-06-14 08:26:04
C00117,942.97,achat,JP,-48.897061,70.639324,2025-05-21 23:26:04
C00150,3413.52,paiement,ES,58.276561,-46.476159,2025-06-09 14:52:04
C00195,889.36,retrait,JP,-11.631199,-133.022203,2025-05-24 00:06:04
C00055,867.03,retrait,DE,-86.237901,142.315855,2025-06-11 22:26:04
C00156,3538.04,achat,UK,38.168559,83.601576,2025-06-03 09:53:04
C00102,449.69,paiement,CN,48.744914,103.654222,2025-05-26 13:40:04
C00028,4546.56,achat,CN,-32.548481,51.779909,2025-06-13 05:17:04
C00173,43.78,retrait,IT,-27.213745,97.117915,2025-05-22 06:56:04
C00024,2197.58,paiement,UK,19.285332,138.218904,2025-05-24 05:14:04
C00094,1728.05,retrait,UK,-63.178748,26.00861,2025-06-04 18:49:04
C00175,4138.73,paiement,DE,34.450491,-18.244721,2025-05-20 12:29:04
C00052,4454.03,virement,US,46.295026,-155.661397,2025-06-03 08:49:04
C00172,2173.49,retrait,US,24.564439,127.587147,2025-05-22 02:07:04
C00111,4426.9,achat,US,54.163947,-60.239489,2025-05-27 12:50:04
C00067,582.16,versement,UK,5.753277,160.624605,2025-06-01 07:05:04
C00188,2486.55,paiement,UK,-19.893084,0.684954,2025-05-27 10:19:04
C00084,1764.97,retrait,JP,-26.112196,-51.607639,2025-05-25 10:53:04
C00007,658.33,paiement,JP,-48.757285,-137.625081,2025-06-04 14:03:04
C00002,2069.2,paiement,US,-48.693113,147.57786,2025-05-25 10:47:04
C00009,3728.21,paiement,UK,-51.365452,3.711723,2025-06-04 09:08:04
C00096,3030.21,paiement,US,41.155787,168.845978,2025-05-30 00:33:04
C00159,1185.55,virement,ES,42.674226,129.887291,2025-06-03 13:44:04
C00124,971.79,paiement,JP,19.268509,-176.367592,2025-05-31 16:52:04
C00025,3382.38,achat,JP,19.739873,115.17746,2025-06-01 08:19:04
C00106,4538.88,achat,FR,88.463651,-139.883838,2025-06-11 03:19:04
C00069,1099.69,virement,UK,-44.043991,-143.940699,2025-05-30 22:41:04
C00061,4077.03,versement,US,25.68219,-147.362907,2025-05-28 00:23:04
C00073,1908.63,paiement,UK,81.985816,125.960233,2025-05-20 12:43:04
C00075,1480.05,paiement,DE,-45.250238,-48.577682,2025-05-25 08:24:04
C00126,2612.8,versement,DE,44.835259,34.405886,2025-06-07 16:49:04
C00070,4860.98,achat,UK,1.555035,3.725266,2025-05-29 00:39:04
C00044,3005.86,achat,CN,71.521768,-66.980167,2025-05-19 10:56:04
C00074,1122.92,versement,CN,-10.553509,177.633541,2025-05-25 02:45:04
C00002,4965.81,virement,ES,-26.487511,51.953507,2025-05-23 20:05:04
C00101,3056.85,retrait,CN,15.361916,109.587849,2025-05-19 19:17:04
C00076,43.64,achat,CN,41.87458,-9.5529,2025-05-25 17:36:04
C00026,2442.8,achat,UK,-5.901169,-54.32557,2025-05-28 04:18:04
C00031,4223.83,retrait,DE,-70.522423,-148.882154,2025-06-04 08:58:04
C00047,189.55,virement,US,-38.049997,-130.861401,2025-06-07 10:11:04
C00101,422.97,paiement,ES,-49.143442,-149.58825,2025-06-05 06:52:04
C00087,2706.93,versement,CN,-70.838501,-137.462797,2025-05-23 03:23:04
C00083,3023.34,versement,DE,-26.27274,-129.570543,2025-06-09 15:11:04
C00093,896.44,virement,JP,-7.968585,-143.439641,2025-05-21 03:56:04
C00184,112.82,retrait,JP,-20.372826,-99.131122,2025-06-13 02:12:04
C00140,526.55,versement,ES,65.638247,-111.022673,2025-06-15 02:09:04
C00185,850.53,retrait,UK,-61.07315,-166.163207,2025-05-24 22:29:04
C00011,3211.47,versement,ES,53.239069,74.647433,2025-06-04 14:44:04
C00103,1038.57,paiement,UK,43.349428,162.836374,2025-06-05 11:38:04
C00022,154.6,paiement,ES,35.455248,154.880525,2025-05-25 08:01:04
C00163,3805.68,virement,JP,76.117736,38.341237,2025-05-27 14:51:04
C00098,4850.23,paiement,FR,-11.314843,-27.494162,2025-06-06 09:10:04
C00076,4546.42,retrait,ES,21.672315,-103.766195,2025-06-08 06:22:04
C00172,4588.36,paiement,US,47.814175,97.107715,2025-05-27 04:55:04
C00051,671.29,retrait,IT,78.68526,15.011996,2025-05-21 01:23:04
C00093,4375.22,paiement,US,-89.574089,-14.966338,2025-06-07 13:59:04
C00111,272.15,virement,US,6.122991,107.799502,2025-06-13 20:29:04
C00011,2031.49,virement,UK,-34.699633,-85.480512,2025-05-28 17:53:04
C00134,3084.57,retrait,JP,-72.898916,165.89556,2025-06-04 10:41:04
C00103,681.36,achat,FR,64.973725,90.904702,2025-06-13 15:26:04
C00161,1985.19,versement,UK,39.358216,-55.088949,2025-06-10 04:06:04
C00171,2632.8,versement,ES,22.64323,-77.885837,2025-05-25 09:50:04
C00105,4017.03,paiement,UK,88.537022,141.609786,2025-06-07 00:11:04
C00169,418.57,retrait,JP,70.902827,154.062939,2025-06-14 16:29:04
C00152,85.28,paiement,FR,-86.09489,88.898817,2025-05-23 14:10:04
C00030,3018.59,versement,ES,29.391857,-102.049995,2025-06-05 09:19:04
C00129,2138.6,achat,JP,-25.020716,-10.134904,2025-05-26 06:56:04
C00193,665.02,virement,US,44.38265,-85.776809,2025-06-11 10:57:04
C00107,2007.04,achat,DE,57.609933,-71.480215,2025-06-05 18:19:04
C00136,276.69,virement,IT,86.864645,-110.590307,2025-06-03 23:24:04
C00076,4988.49,paiement,IT,30.256119,146.322286,2025-06-02 02:15:04
C00189,1538.83,retrait,ES,34.347716,-80.478931,2025-06-08 14:32:04
C00039,4470.33,retrait,JP,6.026732,-102.676417,2025-05-25 06:29:04
C00016,1461.06,virement,JP,-9.363348,-170.901956,2025-06-07 03:51:04
C00054,495.39,paiement,US,13.112621,-150.422205,2025-06-13 19:51:04
C00060,4304.05,paiement,FR,59.814706,19.513709,2025-06-04 21:24:04
C00131,802.41,retrait,FR,-28.308899,-125.316286,2025-06-01 19:09:04
C00087,4217.73,versement,FR,-8.315775,-50.039791,2025-06-14 16:51:04
C00168,830.79,achat,DE,-36.842854,150.553698,2025-06-13 14:47:04
C00177,4313.09,versement,CN,-62.870236,77.247311,2025-06-11 06:43:04
C00196,4089.26,paiement,FR,-30.49126,-161.076883,2025-05-18 17:52:04
C00079,4419.96,achat,JP,-43.701757,153.059696,2025-06-02 20:30:04
C00105,917.83,versement,IT,37.833154,82.089569,2025-05-21 11:56:04
C00032,2435.18,paiement,CN,45.255382,32.224347,2025-06-16 13:10:04
C00076,4880.62,paiement,UK,-44.135392,-3.18717,2025-06-06 10:11:04
C00116,3324.88,virement,UK,63.859096,-170.819279,2025-05-25 18:48:04
C00070,3211.08,achat,ES,-9.232148,-94.27229,2025-06-15 23:05:04
C00139,3903.42,retrait,US,76.783233,132.658739,2025-06-11 12:33:04
C00171,3420.36,versement,UK,-46.29151,-172.45579,2025-05-20 11:14:04
C00163,3845.59,versement,CN,-63.419756,85.909875,2025-05-26 20:53:04
C00074,326.31,paiement,ES,-76.161143,34.154897,2025-06-04 01:22:04
C00110,605.73,versement,FR,56.441093,78.848167,2025-06-03 14:31:04
C00101,4452.5,paiement,FR,-89.115437,46.170723,2025-06-07 17:47:04
C00035,162.13,retrait,ES,-12.640156,34.55597,2025-05-20 10:59:04
C00115,1850.56,virement,IT,82.248832,131.297793,2025-06-02 23:24:04
C00030,4180.94,retrait,JP,85.775051,-51.417843,2025-06-02 17:29:04
C00014,46.44,retrait,US,47.701451,59.997298,2025-05-28 13:47:04
C00142,3129.81,retrait,DE,-23.883427,151.212609,2025-05-28 09:55:04
C00112,85.44,retrait,DE,-86.048346,-171.742417,2025-05-18 11:04:04
C00133,151.51,retrait,CN,-33.532088,-54.752272,2025-05-18 06:44:04
C00187,4215.62,versement,DE,-39.709654,118.839947,2025-06-10 19:42:04
C00083,458.6,achat,US,-3.996128,-60.093947,2025-05-31 21:52:04
C00193,4770.0,virement,ES,-80.993556,111.087358,2025-06-06 14:42:04
C00064,169.57,paiement,IT,-1.087362,-78.457104,2025-06-13 04:30:04
C00009,2297.5,virement,UK,39.157888,-80.599178,2025-06-02 02:49:04
C00187,1221.35,virement,UK,82.709,-20.907254,2025-06-02 19:17:04
C00051,2204.99,versement,CN,5.992875,4.229423,2025-06-02 10:59:04
C00106,685.51,versement,ES,-87.016986,155.469474,2025-06-12 12:37:04
C00052,747.02,retrait,US,88.897788,1.877188,2025-06-16 15:11:04
C00001,4247.64,paiement,UK,-0.897555,122.670157,2025-06-15 01:01:04
C00008,2269.73,versement,DE,-45.942783,-61.977266,2025-06-10 21:32:04
C00113,4076.62,versement,CN,47.552533,-112.968023,2025-05-28 04:38:04
C00068,410.63,retrait,IT,21.482064,-25.646579,2025-05-29 02:52:04
C00117,3059.46,versement,FR,82.852965,173.994136,2025-06-07 02:21:04
C00056,2426.49,retrait,US,-3.676073,-41.117907,2025-05-18 07:41:04
C00033,301.05,retrait,IT,-22.93479,165.652653,2025-06-11 01:59:04
C00099,3081.43,paiement,DE,-63.026059,-33.005478,2025-05-18 10:32:04
C00117,561.01,retrait,ES,-5.456169,-18.157365,2025-06-12 01:53:04
C00142,4426.63,versement,IT,-48.267235,165.295325,2025-06-03 22:54:04
C00069,4141.48,paiement,IT,-27.834085,14.871073,2025-06-04 23:11:04
C00110,2236.94,paiement,FR,39.8183,110.425173,2025-06-13 04:41:04
C00038,2127.91,retrait,CN,-6.4561,-11.520566,2025-05-22 03:22:04
C00153,3710.25,versement,CN,63.969507,166.904009,2025-06-12 16:32:04
C00083,2841.04,versement,CN,-68.546531,-17.709705,2025-06-09 16:52:04
C00097,3561.1,virement,US,65.609713,109.667896,2025-05-18 05:47:04
C00114,4914.45,retrait,US,-1.700193,157.010107,2025-05-31 12:11:04
C00135,556.68,retrait,DE,-44.466519,-175.005179,2025-06-10 00:18:04
C00107,1887.58,versement,ES,69.297264,15.788604,2025-06-12 06:19:04
C00170,1741.16,paiement,JP,-53.734873,-75.046374,2025-05-28 01:07:04
C00131,4276.54,paiement,JP,24.298329,-21.604868,2025-05-19 23:10:04
C00138,4335.91,paiement,IT,-11.473237,-159.427582,2025-06-10 07:17:04
C00083,1228.01,versement,CN,75.977116,71.88133,2025-06-07 17:40:04
C00087,4870.61,retrait,UK,12.403584,76.563241,2025-06-06 18:39:04
C00189,1052.15,retrait,IT,-49.30843,-121.241044,2025-06-11 03:30:04
C00159,4380.13,versement,DE,-9.707042,-146.435393,2025-05-21 00:15:04
C00098,4836.63,versement,FR,46.55578,22.769874,2025-05-30 08:55:04
C00074,332.1,achat,IT,55.079724,121.031772,2025-05-19 14:36:04
C00199,3518.71,virement,UK,-36.111272,159.311189,2025-06-05 18:08:04
C00057,4752.77,achat,UK,58.337483,-108.814036,2025-05-18 15:16:04
C00004,157.01,versement,JP,2.363371,-0.536019,2025-05-25 08:06:04
C00084,3309.35,retrait,DE,54.306359,-82.393107,2025-06-11 09:42:04
C00136,3473.77,retrait,JP,35.895766,132.868108,2025-05-30 08:02:04
C00087,4736.24,achat,ES,69.619194,-43.030269,2025-05-22 00:59:04
C00022,1862.52,paiement,CN,62.07654,152.660654,2025-05-20 21:33:04
C00098,4819.05,achat,JP,53.389764,17.993851,2025-05-26 04:50:04
C00185,1333.19,retrait,JP,55.836038,-179.766391,2025-05-18 15:07:04
C00130,3691.44,virement,ES,-21.889148,96.259346,2025-06-15 05:25:04
C00196,255.97,achat,JP,40.735683,-73.195396,2025-06-03 19:37:04
C00006,290.66,virement,FR,-86.952771,87.765467,2025-05-27 23:35:04
C00002,603.58,achat,JP,6.780671,24.849154,2025-05-19 19:37:04
C00001,4068.68,achat,DE,42.587682,-66.692065,2025-05-22 16:32:04
C00126,1737.42,virement,FR,2.443443,23.326681,2025-06-04 14:59:04
C00006,1084.97,achat,UK,82.767673,174.202585,2025-05-29 21:19:04
C00034,853.1,virement,US,-58.527048,138.93279,2025-06-02 01:12:04
C00061,526.32,virement,FR,40.286472,92.570733,2025-06-13 06:17:04
C00014,4501.72,achat,DE,10.405003,136.848222,2025-06-14 15:58:04
C00038,617.53,versement,JP,-73.216137,-54.054456,2025-06-08 14:18:04
C00029,1674.74,virement,FR,-8.51595,-175.88868,2025-06-06 18:59:04
C00145,1118.76,paiement,UK,57.092831,53.189134,2025-05-19 00:56:04
C00167,1578.32,versement,FR,-73.448433,6.487614,2025-06-09 00:13:04
C00079,360.59,versement,UK,-25.813811,-10.330053,2025-05-21 16:29:04
C00174,311.05,virement,ES,12.277929,-119.37108,2025-05-19 09:50:04
C00080,3230.22,achat,CN,-33.578004,-165.615659,2025-06-10 15:21:04
C00116,4327.98,retrait,US,-70.570413,-27.224816,2025-06-16 09:19:04
C00050,1835.05,retrait,IT,-37.666247,74.472381,2025-06-06 14:43:04
C00191,3442.51,virement,IT,-69.274492,-139.588033,2025-06-06 07:07:04
C00067,1036.53,achat,IT,-28.2851,137.65074,2025-05-18 14:35:04
C00171,4361.89,achat,US,-47.981737,129.779736,2025-05-28 00:47:04
C00042,2210.94,virement,CN,4.695147,19.306306,2025-06-03 14:53:04
C00048,4449.79,virement,CN,-66.193973,-89.225955,2025-06-09 08:24:04
C00149,4026.95,achat,JP,79.642307,-62.272704,2025-05-23 11:04:04
C00131,1770.15,paiement,FR,-15.131995,82.304261,2025-06-11 04:28:04
C00181,774.01,retrait,IT,-25.859078,-119.452003,2025-05-27 02:35:04
C00084,4357.9,versement,DE,-56.467539,-122.69285,2025-06-16 05:15:04
C00011,2044.54,versement,DE,17.879851,-57.49736,2025-05-26 22:53:04
C00095,824.61,versement,FR,15.873407,-155.473056,2025-06-08 15:25:04
C00071,3588.08,virement,UK,-45.342665,-116.349379,2025-05-29 22:44:04
C00150,1555.03,achat,JP,63.648836,75.617011,2025-06-14 05:29:04
C00015,1433.84,versement,IT,8.041764,153.396854,2025-05-27 11:34:04
C00030,3026.09,virement,FR,-16.919343,47.527777,2025-06-10 20:48:04
C00004,3661.37,achat,UK,19.873439,106.330728,2025-06-14 12:05:04
C00195,2459.97,retrait,DE,-23.893411,114.468904,2025-06-16 12:26:04
C00197,554.27,paiement,ES,-25.579635,-52.538969,2025-06-01 20:54:04
C00059,3213.51,retrait,DE,-18.669421,158.883946,2025-06-08 13:00:04
C00052,1654.01,versement,ES,78.591442,119.223843,2025-05-20 21:54:04
C00020,4920.92,retrait,UK,-67.937957,162.674831,2025-06-16 21:15:04
C00104,4224.92,paiement,CN,85.120839,75.108987,2025-06-01 07:24:04
C00123,3277.9,retrait,DE,-34.33107,88.565581,2025-05-28 20:58:04
C00023,2774.81,versement,JP,54.057098,-76.109351,2025-06-12 18:27:04
C00127,2601.69,versement,IT,-69.868479,-150.319186,2025-05-18 08:56:04
C00188,1205.58,retrait,FR,26.481636,-169.057835,2025-06-13 11:48:04
C00064,1480.04,paiement,DE,17.478645,8.049824,2025-06-16 22:16:04
C00061,2896.59,retrait,IT,89.140689,-102.512481,2025-06-14 12:45:04
C00192,3740.6,achat,DE,-41.510919,-111.560085,2025-06-07 11:48:04
C00189,953.39,versement,FR,82.778346,48.048184,2025-06-16 10:50:04
C00079,3657.19,achat,ES,-25.158131,-139.636964,2025-06-08 12:30:04
C00166,3851.27,paiement,UK,-42.087429,-0.732555,2025-05-21 19:08:04
C00012,2544.97,retrait,US,-46.729065,-50.152955,2025-06-09 09:09:04
C00140,739.52,virement,ES,66.584668,-79.403282,2025-05-28 00:29:04
C00066,2046.59,virement,JP,46.718294,121.103335,2025-06-05 11:33:04
C00027,1434.24,paiement,US,50.484581,12.404777,2025-05-27 08:30:04
C00108,2669.96,retrait,IT,-14.386336,147.064208,2025-06-06 12:07:04
C00142,4306.06,virement,ES,31.944738,67.691352,2025-06-14 08:40:04
C00200,3997.02,achat,IT,69.000234,-31.721858,2025-05-23 19:48:04
C00154,1084.81,versement,ES,74.835884,-154.631717,2025-06-05 01:34:04
C00150,3877.01,virement,JP,-28.854524,124.774225,2025-06-04 18:00:04
C00102,168.21,retrait,JP,28.705582,-151.107318,2025-06-02 04:24:04
C00117,4947.01,versement,FR,-16.158653,71.031714,2025-06-08 05:06:04
C00111,4661.58,achat,FR,55.752228,-105.233754,2025-05-18 09:16:04
C00129,2586.9,achat,UK,-62.232381,162.242084,2025-05-31 06:37:04
C00102,2846.9,achat,CN,83.308773,-110.491155,2025-06-10 09:26:04
C00181,3229.87,versement,UK,-29.316316,86.623178,2025-06-06 05:10:04
C00008,1712.65,retrait,ES,-85.564573,162.214392,2025-06-05 18:03:04
C00080,2873.78,virement,JP,28.967178,28.623312,2025-06-16 08:57:04
C00127,408.09,paiement,JP,-50.623423,85.101612,2025-06-09 10:22:04
C00018,85.43,achat,US,47.950876,143.420543,2025-06-13 01:35:04
C00106,990.29,versement,CN,-85.589444,-64.367932,2025-06-16 13:35:04
C00115,2735.82,virement,IT,-61.249905,-149.375724,2025-05-24 01:49:04
C00192,4122.73,retrait,ES,27.325992,-168.005761,2025-05-27 17:01:04
C00176,3453.06,versement,US,-9.287688,147.906392,2025-05-27 07:41:04
C00090,4023.35,virement,CN,70.275003,-46.378489,2025-05-27 05:43:04
C00192,2954.95,retrait,ES,-49.553238,-42.541202,2025-05-24 19:28:04
C00156,4318.22,virement,FR,7.632775,-61.602959,2025-06-13 03:24:04
C00152,3228.75,versement,US,12.841647,-72.113852,2025-05-21 10:11:04
C00006,676.69,versement,CN,7.095437,27.179301,2025-06-06 18:17:04
C00126,2100.68,retrait,ES,41.084573,-96.801489,2025-05-23 15:47:04
C00132,1280.94,versement,CN,-56.196377,124.591477,2025-05-31 01:22:04
C00014,2912.06,versement,IT,-27.229949,35.896525,2025-05-26 02:09:04
C00078,3783.57,versement,CN,12.026766,-25.722232,2025-06-08 06:28:04
C00099,4155.78,versement,UK,-26.029524,-110.58544,2025-06-13 02:24:04
C00173,4156.92,achat,DE,-17.390099,108.425787,2025-06-01 16:07:04
C00024,4917.47,achat,DE,12.671446,2.719422,2025-05-20 15:26:04
C00175,1576.68,versement,FR,79.050956,96.594206,2025-06-05 03:14:04
C00092,742.91,achat,FR,-63.166413,-98.009374,2025-06-05 23:21:04
C00020,2235.85,achat,CN,-30.904525,-6.382462,2025-05-19 10:52:04
C00074,1892.29,paiement,JP,14.967529,2.130145,2025-05-29 14:18:04
C00041,2777.1,achat,UK,50.650023,-91.036078,2025-05-18 04:16:04
C00029,685.35,achat,JP,77.088184,128.461077,2025-06-07 01:40:04
C00110,4676.93,retrait,JP,-79.31695,-155.072128,2025-06-10 12:04:04
C00167,2468.29,achat,FR,89.099908,80.325185,2025-06-14 06:12:04
C00174,3555.69,retrait,IT,89.926026,-48.048859,2025-06-12 07:01:04
C00148,61.64,retrait,UK,-7.32541,11.268195,2025-06-13 17:38:04
C00141,3746.84,paiement,FR,87.048912,134.209786,2025-06-06 12:02:04
C00033,4436.08,retrait,DE,25.921303,-162.486235,2025-06-09 09:18:04
C00122,2149.36,paiement,JP,70.6246,-84.053741,2025-06-07 12:01:04
C00020,1460.16,versement,IT,-31.52322,-59.913881,2025-05-22 16:55:04
C00052,1754.36,paiement,JP,7.238567,-38.996686,2025-06-01 00:01:04
C00153,4834.36,achat,ES,-20.102601,176.191189,2025-05-24 04:41:04
C00020,660.84,achat,ES,-60.176925,-132.575014,2025-05-18 23:26:04
C00057,132.02,versement,JP,44.985823,-147.653228,2025-05-24 23:24:04
C00039,584.08,paiement,FR,-83.73963,-17.477502,2025-06-06 18:43:04
C00067,187.92,virement,ES,37.48613,65.519779,2025-06-13 00:13:04
C00065,2122.32,paiement,FR,43.992956,-115.696206,2025-05-24 06:15:04
C00064,3322.31,achat,UK,67.235777,112.177286,2025-06-06 11:23:04
C00137,2624.16,virement,IT,26.460013,-0.155899,2025-06-05 05:46:04
C00014,2267.29,virement,DE,-4.110069,-38.250577,2025-05-20 16:44:04
C00058,1926.84,virement,FR,-73.712443,32.541666,2025-05-30 04:13:04
C00168,1017.39,retrait,FR,-73.325787,-5.955084,2025-06-06 07:01:04
C00121,1407.93,virement,US,50.248172,32.657644,2025-05-28 04:59:04
C00073,1132.87,retrait,DE,27.426842,-76.250944,2025-06-07 09:30:04
C00064,1255.4,achat,DE,83.987561,-39.030245,2025-06-09 06:20:04
C00179,4426.87,retrait,FR,43.427041,-39.315758,2025-06-04 13:28:04
C00096,2166.45,versement,JP,-35.870527,56.497982,2025-06-13 23:09:04
C00016,3054.35,paiement,FR,-3.141428,142.946496,2025-06-12 16:13:04
C00097,4513.77,paiement,CN,-11.681439,-88.660172,2025-06-12 15:05:04
C00050,3051.42,versement,ES,-14.661595,-38.529251,2025-06-08 18:28:04
C00147,4590.55,retrait,UK,77.777163,108.176189,2025-05-30 15:20:04
C00069,2914.06,achat,CN,-12.693154,-138.56521,2025-06-07 13:55:04
C00071,2704.53,versement,ES,-16.520586,60.000859,2025-06-05 13:38:04
C00180,4436.48,retrait,FR,-34.464641,60.992806,2025-06-01 03:48:04
C00128,2265.91,virement,CN,-78.882171,-14.655646,2025-05-29 03:35:04
C00022,2466.88,versement,IT,44.745514,-27.901934,2025-06-10 22:19:04
C00106,3802.98,achat,IT,-82.226457,36.535814,2025-06-15 16:27:04
C00174,939.22,versement,FR,46.544816,-122.733068,2025-05-22 13:45:04
C00097,4646.92,retrait,FR,66.148426,-142.280927,2025-06-02 18:53:04
C00078,2318.87,versement,FR,-49.971493,-38.941285,2025-05-21 02:18:04
C00173,1281.75,retrait,US,-57.976876,-129.528641,2025-05-20 18:02:04
C00151,3521.61,versement,CN,-73.358163,171.258646,2025-06-09 19:51:04
C00074,3682.91,versement,ES,-48.646378,97.568448,2025-06-11 04:12:04
C00176,584.61,paiement,JP,32.909903,-142.76168,2025-05-26 10:00:04
C00108,2353.44,paiement,DE,58.476612,-42.109143,2025-06-01 12:55:04
C00043,4236.3,achat,JP,-14.962857,-9.989721,2025-05-23 17:14:04
C00009,827.4,achat,US,-1.983798,-137.025768,2025-06-01 05:26:04
C00152,811.52,retrait,UK,80.066201,135.508014,2025-06-06 04:56:04
C00029,2311.02,paiement,FR,-20.966145,-45.826954,2025-05-20 07:57:04
C00091,3842.91,achat,JP,-78.452107,158.454414,2025-06-13 04:48:04
C00076,2549.66,virement,JP,11.634199,-107.213087,2025-05-21 04:34:04
C00025,2228.44,retrait,FR,-33.670626,-179.276934,2025-05-25 10:29:04
C00166,112.19,paiement,DE,48.884913,-99.555077,2025-05-23 04:28:04
C00012,4400.17,achat,US,54.095676,-66.536657,2025-05-31 07:05:04
C00139,2686.84,versement,CN,44.210857,-103.575242,2025-06-13 11:45:04
C00101,3056.4,paiement,CN,-42.553401,123.101885,2025-06-02 02:23:04
C00047,3412.18,versement,US,-61.18295,-117.730285,2025-06-02 20:16:04
C00080,2436.9,versement,CN,-71.679439,3.98412,2025-06-09 11:30:04
C00136,2338.12,versement,CN,-59.328754,118.683417,2025-05-19 23:42:04
C00166,3493.2,retrait,ES,-48.164605,-163.451108,2025-05-30 00:23:04
C00189,12.27,paiement,FR,-54.679663,20.469706,2025-06-13 05:18:04
C00077,620.69,versement,IT,-79.024842,173.461008,2025-05-27 16:19:04
C00009,4928.81,achat,DE,9.328296,-39.459033,2025-06-15 08:33:04
C00081,300.61,versement,IT,30.397788,8.601933,2025-06-09 18:59:04
C00119,775.86,virement,FR,58.540365,1.635159,2025-06-06 11:30:04
C00102,110.36,versement,UK,78.276513,-143.53358,2025-05-20 23:25:04
C00011,1563.48,achat,JP,-87.060802,175.422708,2025-05-29 07:08:04
C00130,1410.51,virement,IT,26.054856,168.366272,2025-06-04 02:42:04
C00088,4971.41,retrait,JP,25.642359,81.011877,2025-05-28 23:55:04
C00041,2237.86,paiement,DE,-78.543512,38.884875,2025-05-22 05:00:04
C00180,549.13,achat,FR,15.324824,100.906102,2025-05-23 16:25:04
C00161,818.96,paiement,JP,23.150527,-159.340945,2025-06-10 15:15:04
C00030,537.8,achat,FR,-11.368766,-42.540895,2025-05-23 14:31:04
C00047,3907.9,paiement,US,34.773963,157.021929,2025-06-01 22:42:04
C00192,3975.64,versement,FR,-69.265436,-168.716875,2025-06-07 23:16:04
C00056,1825.13,retrait,US,42.738982,-70.982326,2025-06-03 07:30:04
C00049,1501.66,achat,FR,23.973456,24.129338,2025-05-18 09:23:04
C00065,4853.34,versement,US,64.767775,-4.522879,2025-06-08 04:23:04
C00084,4207.92,achat,US,-36.618982,-103.427059,2025-06-05 14:01:04
C00153,3441.82,retrait,ES,-25.94165,-1.904353,2025-06-13 17:52:04
C00040,1322.17,virement,FR,-34.473514,155.357598,2025-05-23 19:18:04
C00173,2825.88,achat,CN,76.881907,105.056746,2025-06-13 10:31:04
C00142,4697.36,versement,CN,21.418425,-22.747606,2025-05-22 18:47:04
C00007,1413.15,paiement,FR,-79.865964,-52.965312,2025-06-14 16:15:04
C00028,4992.77,virement,UK,55.284481,89.656713,2025-06-14 21:25:04
C00020,775.28,retrait,ES,-43.328791,61.265755,2025-06-16 04:59:04
C00096,869.34,paiement,US,-37.786941,-124.502264,2025-06-01 06:43:04
C00003,1474.7,paiement,FR,-82.318617,117.03116,2025-06-14 05:19:04
C00075,523.31,versement,DE,-34.570627,40.660884,2025-06-13 21:22:04
C00145,2365.5,paiement,UK,-52.180439,-33.154753,2025-05-26 06:44:04
C00192,4716.76,versement,US,-9.115308,21.8928,2025-06-01 09:56:04
C00109,2640.35,achat,FR,-71.880584,-169.182148,2025-06-04 06:46:04
C00072,2318.89,paiement,ES,-69.143199,33.480895,2025-06-11 04:20:04
C00062,1513.01,achat,IT,-52.64357,-138.85553,2025-06-11 14:00:04
C00024,2171.71,versement,US,-70.639213,4.672916,2025-06-05 10:14:04
C00195,4908.43,virement,US,-2.288984,-92.875976,2025-05-23 02:28:04
C00104,912.7,versement,UK,-23.165444,172.848049,2025-06-12 21:36:04
C00111,3415.97,versement,UK,48.671127,-87.127289,2025-05-30 14:19:04
C00036,3097.99,versement,DE,43.86428,-85.472319,2025-05-18 04:59:04
C00031,2783.05,paiement,DE,40.301717,53.468174,2025-06-02 10:54:04
C00139,1587.09,versement,IT,-84.830732,76.558609,2025-05-30 07:23:04
C00021,1466.67,retrait,DE,-61.813481,-110.619235,2025-05-28 14:05:04
C00030,1407.73,virement,US,-28.77249,-162.280864,2025-06-13 05:12:04
C00125,761.66,paiement,US,-65.122782,-56.255516,2025-06-14 14:42:04
C00122,1504.48,versement,IT,73.859546,26.660243,2025-05-29 05:11:04
C00040,1698.71,versement,DE,-34.766177,17.290009,2025-05-31 15:42:04
C00080,4432.19,paiement,US,-65.306026,-138.963636,2025-06-13 17:36:04
C00027,380.42,paiement,FR,-0.674178,-179.290984,2025-05-22 21:16:04
C00195,3990.52,achat,JP,-40.588141,-76.906645,2025-05-25 14:47:04
C00011,915.84,retrait,CN,-7.565437,-86.364361,2025-05-30 03:48:04
C00067,1617.54,virement,JP,-66.108552,-130.857605,2025-06-10 19:34:04
C00170,246.75,retrait,IT,8.472559,-11.519401,2025-05-18 17:40:04
C00140,2091.71,virement,IT,64.375115,-25.825827,2025-06-07 16:25:04
C00026,1397.23,versement,JP,-54.343074,-94.251527,2025-05-27 14:14:04
C00146,1219.26,paiement,UK,8.37126,-143.078671,2025-06-10 08:02:04
C00029,3254.53,paiement,CN,-2.617689,-86.119899,2025-05-20 06:19:04
C00153,3889.7,achat,DE,79.570483,-66.370198,2025-05-31 22:59:04
C00192,1516.65,retrait,IT,37.387176,-13.245374,2025-05-22 08:28:04
C00182,2416.38,virement,JP,85.425251,-145.355227,2025-06-12 12:26:04
C00001,4278.27,virement,CN,26.905866,-78.304963,2025-06-11 09:25:04
C00064,4557.76,virement,FR,76.173501,103.550051,2025-05-28 11:25:04
C00028,621.59,paiement,DE,-53.194373,29.495309,2025-05-21 07:17:04
C00058,915.33,versement,CN,13.982129,-0.218512,2025-06-03 00:32:04
C00144,4411.11,versement,US,11.12425,107.259472,2025-05-18 08:17:04
C00036,1343.21,virement,DE,38.115828,28.91729,2025-05-18 12:35:04
C00192,613.34,paiement,US,3.030506,-126.050874,2025-05-31 14:31:04
C00003,578.89,versement,IT,61.906672,-24.422244,2025-05-29 01:37:04
C00177,2696.07,versement,IT,8.747062,140.815201,2025-06-02 14:59:04
C00146,1045.75,achat,CN,7.195992,-140.88355,2025-06-09 00:52:04
C00012,223.6,versement,US,10.997966,-172.064435,2025-06-03 05:31:04
C00180,3974.35,retrait,CN,-21.038491,31.019795,2025-06-12 17:36:04
C00136,1384.6,paiement,FR,38.644219,-67.656634,2025-06-08 18:58:04
C00081,312.6,achat,CN,49.678887,-170.619143,2025-06-06 06:56:04
C00150,2595.86,paiement,ES,-87.038183,-106.351824,2025-06-13 14:44:04
C00125,2647.88,virement,US,85.197262,-73.290593,2025-06-01 01:46:04
C00039,2685.66,paiement,ES,-87.659337,-84.996714,2025-05-19 16:39:04
C00073,1481.6,retrait,ES,83.845557,10.991277,2025-06-03 10:06:04
C00050,1234.3,paiement,CN,-88.809614,-41.92717,2025-06-16 14:47:04
C00087,1061.38,retrait,IT,9.139218,-17.617092,2025-05-21 17:04:04
C00085,2312.44,paiement,DE,-0.089461,17.453788,2025-05-18 14:42:04
C00134,3640.57,versement,JP,35.464747,19.409538,2025-06-09 08:48:04
C00067,82.95,achat,IT,5.434742,-104.223953,2025-05-23 01:58:04
C00107,3256.77,versement,CN,-5.571055,41.129732,2025-06-03 22:41:04
C00046,2869.48,versement,DE,66.928943,11.091243,2025-05-23 08:39:04
C00116,4249.07,versement,IT,-45.577422,-15.609125,2025-06-06 17:07:04
C00160,450.07,retrait,US,-22.885193,-118.50667,2025-05-21 10:05:04
C00118,2356.07,paiement,UK,87.730571,-5.210664,2025-06-10 00:57:04
C00108,2009.23,achat,IT,63.748279,-166.13161,2025-05-31 04:41:04
C00067,2990.8,virement,IT,34.718456,-106.983734,2025-05-26 13:11:04
C00091,1061.94,achat,US,80.656475,7.267221,2025-06-14 03:19:04
C00104,2104.38,paiement,ES,-71.648593,-13.861075,2025-05-26 18:17:04
C00177,4469.71,paiement,DE,88.079883,11.111181,2025-06-08 19:53:04
C00196,33.16,achat,DE,19.309924,-29.683795,2025-05-21 02:16:04
C00197,3930.27,versement,ES,-38.864498,177.002065,2025-06-16 16:15:04
C00191,4684.74,versement,IT,82.343125,170.852485,2025-05-28 07:49:04
C00192,596.21,retrait,FR,-21.938143,72.885823,2025-06-02 07:03:04
C00169,774.81,versement,ES,-11.665747,-20.394934,2025-06-09 15:28:04
C00135,1541.43,retrait,FR,66.36629,-15.383205,2025-05-21 09:17:04
C00060,2497.91,versement,IT,64.699964,-9.624309,2025-06-04 20:34:04
C00062,3472.67,versement,FR,-59.648645,-142.508827,2025-06-01 16:24:04
C00078,2967.03,virement,FR,48.892772,51.6613,2025-05-20 01:22:04
C00038,4652.95,retrait,DE,49.026207,-147.351243,2025-05-22 15:25:04
C00113,3388.55,virement,IT,-69.716129,150.204141,2025-05-23 15:32:04
C00034,250.25,retrait,DE,16.02171,-21.185339,2025-06-13 02:40:04
C00139,2132.16,retrait,UK,-40.23236,65.794699,2025-05-23 14:41:04
C00021,2111.41,versement,ES,-18.423141,-135.01623,2025-06-07 22:36:04
C00114,3624.22,versement,CN,28.684378,-161.922028,2025-05-20 11:25:04
C00036,4968.78,virement,CN,-58.865393,151.586696,2025-05-29 06:47:04
C00013,1627.32,versement,DE,-52.722318,58.98921,2025-06-05 07:13:04
C00102,3657.08,versement,DE,-49.724869,127.979138,2025-05-29 08:35:04
C00095,3803.56,retrait,JP,39.634093,-0.905921,2025-05-30 21:17:04
C00112,2678.49,virement,JP,-85.809235,-74.039271,2025-05-22 12:28:04
C00184,291.31,versement,JP,-40.533713,-34.700677,2025-05-20 22:27:04
C00004,423.33,versement,JP,-47.024329,12.245233,2025-05-27 03:35:04
C00079,2304.29,retrait,JP,-7.361578,-13.940648,2025-05-24 08:13:04
C00079,294.1,versement,DE,79.86803,-17.035619,2025-05-22 21:11:04
C00130,2497.67,virement,UK,36.741224,118.694249,2025-06-08 12:48:04
C00160,1781.03,paiement,US,-77.448692,47.591537,2025-06-07 11:09:04
C00066,1169.08,achat,CN,-26.565106,147.124244,2025-05-29 20:05:04
C00076,1944.09,versement,DE,-50.192155,-167.51427,2025-06-14 02:35:04
C00070,2432.92,retrait,CN,19.113684,175.065445,2025-06-04 01:51:04
C00068,3378.53,paiement,FR,5.928126,-133.755318,2025-05-27 05:17:04
C00152,2038.37,retrait,JP,54.813079,-92.536706,2025-05-18 01:29:04
C00044,3613.89,achat,IT,-13.761465,-98.750434,2025-06-08 14:42:04
C00029,1190.56,paiement,JP,-0.564728,106.998941,2025-05-24 07:14:04
C00072,2331.79,retrait,IT,65.133033,134.153252,2025-06-13 02:00:04
C00016,3561.93,achat,IT,-47.019785,48.303621,2025-05-31 12:25:04
C00030,440.61,retrait,FR,-12.802523,-151.599097,2025-06-03 11:51:04
C00134,4612.61,paiement,JP,-7.656071,88.708928,2025-05-27 01:24:04
C00060,1190.83,versement,IT,-4.32549,-161.509835,2025-06-07 23:05:04
C00047,2409.95,virement,US,52.69855,-57.216932,2025-05-24 02:29:04
C00087,3551.62,achat,DE,-54.540267,-118.045484,2025-05-21 14:01:04
C00092,695.71,versement,UK,-25.663371,116.066256,2025-06-10 14:34:04
C00091,1411.37,versement,FR,8.012884,105.414931,2025-05-23 11:05:04
C00064,525.46,achat,UK,42.29051,119.164704,2025-05-25 14:03:04
C00188,3956.27,achat,US,-42.80121,-122.023412,2025-05-20 08:08:04
C00170,1332.8,retrait,JP,-53.174439,75.242343,2025-05-29 02:50:04
C00053,4537.5,virement,DE,-67.821278,68.975444,2025-06-04 08:47:04
C00185,244.03,achat,FR,-4.087761,113.199613,2025-06-02 05:59:04
C00049,650.18,paiement,US,-89.274526,76.294087,2025-05-29 10:13:04
C00070,880.52,paiement,DE,-13.106533,-172.004874,2025-05-23 10:27:04
C00114,1924.32,versement,CN,-61.55729,-82.710953,2025-06-13 20:18:04
C00135,4686.86,paiement,US,19.180624,78.515649,2025-06-08 07:37:04
C00008,3099.4,virement,ES,-75.168751,138.76411,2025-06-09 03:25:04
C00124,1206.31,versement,UK,-42.228496,81.665114,2025-06-07 19:09:04
C00186,1048.08,virement,IT,-45.889285,141.746357,2025-05-26 17:41:04
C00056,3244.05,retrait,UK,52.443982,170.166712,2025-06-07 17:45:04
C00192,2089.35,versement,CN,-56.402183,-165.200104,2025-05-20 20:12:04
C00136,2849.32,versement,US,-85.378799,-45.274941,2025-06-08 23:56:04
C00002,2245.21,paiement,JP,-4.644976,-126.434716,2025-06-07 05:04:04
C00070,4140.33,retrait,ES,42.522704,-152.539606,2025-06-16 16:46:04
C00157,3759.42,virement,UK,-46.131967,49.930499,2025-05-28 09:03:04
C00152,3610.32,achat,US,0.702969,-80.707418,2025-06-06 23:42:04
C00095,2637.73,versement,UK,49.348639,132.28202,2025-05-19 11:07:04
C00161,747.25,versement,IT,23.245178,-126.76921,2025-05-30 08:28:04
C00117,18.26,virement,FR,-22.110095,-18.661383,2025-05-25 09:46:04
C00191,4440.7,virement,UK,20.617065,142.942723,2025-06-01 07:11:04
C00137,1145.86,achat,UK,-45.45852,164.436962,2025-05-24 01:57:04
C00046,763.49,virement,IT,71.80229,-49.626246,2025-05-21 22:28:04
C00175,252.98,virement,JP,66.338636,14.578612,2025-06-16 06:01:04
C00179,1122.66,virement,US,-34.989253,39.388663,2025-06-06 12:06:04
C00057,3142.47,versement,CN,-48.532157,12.776861,2025-05-31 13:28:04
C00190,2993.92,virement,UK,-21.902625,4.786863,2025-05-20 17:57:04
C00106,1931.98,versement,UK,77.059064,-119.317854,2025-06-13 03:10:04
C00101,578.84,paiement,ES,-83.950035,1.351098,2025-05-20 00:08:04
C00139,1647.75,virement,JP,-80.349278,129.502809,2025-05-21 06:08:04
C00011,1849.19,retrait,IT,7.492525,59.671963,2025-05-31 04:35:04
C00070,2257.86,virement,IT,56.245534,149.764179,2025-06-05 12:19:04
C00077,1803.93,paiement,DE,-49.742995,-143.667672,2025-06-11 09:13:04
C00155,20.01,virement,UK,3.589724,100.577906,2025-06-05 22:25:04
C00170,329.9,retrait,ES,-3.198047,-42.360317,2025-05-24 06:00:04
C00130,2242.35,paiement,UK,-78.99219,173.629953,2025-05-29 16:57:04
C00148,3309.1,achat,ES,70.859825,50.831299,2025-05-28 17:57:04
C00033,1791.96,paiement,DE,-83.071167,147.880924,2025-06-10 11:58:04
C00032,3552.49,versement,US,26.489053,-36.145783,2025-06-16 17:24:04
C00179,3835.05,virement,CN,-87.527893,-45.955503,2025-05-28 18:44:04
C00108,4025.8,retrait,CN,30.744781,99.63093,2025-05-27 18:37:04
C00133,2680.87,virement,CN,75.373191,-116.63409,2025-06-01 16:22:04
C00060,1108.92,achat,CN,-71.871268,144.530141,2025-05-21 12:44:04
C00066,2519.34,virement,CN,14.757908,-113.23749,2025-05-19 10:50:04
C00174,105.39,retrait,ES,6.34645,-124.881638,2025-05-30 07:32:04
C00054,1698.6,retrait,FR,48.75148,132.33966,2025-05-28 02:46:04
C00058,2137.48,paiement,CN,16.904172,-32.04448,2025-06-01 23:51:04
C00110,267.02,paiement,US,68.22568,-76.45982,2025-05-23 09:30:04
C00020,2208.9,retrait,UK,47.368043,-4.605222,2025-06-05 13:41:04
C00004,4275.18,virement,US,-30.256896,-6.033069,2025-06-11 08:35:04
C00041,2239.94,versement,DE,19.29049,153.403627,2025-06-12 16:19:04
C00180,2611.77,paiement,IT,-80.480215,-33.058791,2025-06-12 23:10:04
C00034,1453.37,versement,UK,-35.757139,169.481852,2025-05-24 07:20:04
C00098,1878.81,virement,ES,-75.971377,78.038146,2025-05-28 08:31:04
C00102,4931.06,versement,DE,41.21494,-48.274446,2025-05-19 09:46:04
C00022,4074.18,achat,US,-16.460658,72.19908,2025-05-23 03:37:04
C00097,2506.97,versement,US,-67.0752,73.819818,2025-06-12 08:55:04
C00036,462.57,achat,CN,39.381818,-56.425566,2025-05-25 07:08:04
C00001,3289.17,versement,IT,71.830987,-79.19747,2025-06-01 11:47:04
C00087,2878.9,retrait,CN,50.071655,-81.295167,2025-06-09 23:47:04
C00048,2650.01,retrait,JP,-60.098047,-54.357619,2025-06-05 00:27:04
C00047,1969.63,paiement,CN,-16.092484,-143.606414,2025-05-30 02:42:04
C00044,1859.19,retrait,JP,75.865977,-49.389871,2025-05-27 03:19:04
C00012,2375.19,achat,UK,-35.461018,-18.517604,2025-05-21 18:15:04
C00067,3875.92,retrait,US,-81.29864,-110.953191,2025-05-30 09:16:04
C00053,4677.2,paiement,DE,-8.76157,-29.670609,2025-05-22 14:35:04
C00192,2700.32,paiement,US,11.222064,132.971504,2025-05-26 13:35:04
C00074,4417.08,versement,DE,-33.466837,59.55742,2025-05-22 13:11:04
C00004,2500.45,versement,JP,-49.629843,-57.666874,2025-05-30 00:03:04
C00089,2254.18,paiement,JP,-63.473268,-111.52966,2025-06-06 09:55:04
C00131,315.44,paiement,ES,-56.100274,-43.937489,2025-06-15 17:02:04
C00071,1501.54,achat,CN,62.668134,-170.616779,2025-06-16 10:48:04
C00114,1590.38,versement,UK,-61.309126,21.550448,2025-06-07 08:06:04
C00085,3404.69,virement,CN,-65.749677,70.084829,2025-06-11 00:40:04
C00075,2325.24,paiement,UK,70.700735,-66.437828,2025-06-06 03:56:04
C00147,3630.28,versement,US,41.712851,-90.906377,2025-05-25 16:43:04
C00016,2691.16,virement,JP,-42.825344,-69.674176,2025-06-13 06:00:04
C00102,2390.75,achat,IT,-26.712522,54.825727,2025-06-10 06:07:04
C00122,4182.0,virement,DE,1.103711,134.873644,2025-06-03 13:50:04
C00009,2819.89,retrait,CN,24.018547,-82.694557,2025-05-31 13:26:04
C00097,1909.84,paiement,FR,88.539126,-71.035468,2025-05-23 14:21:04
C00146,752.96,retrait,US,78.395713,-116.640823,2025-05-19 01:52:04
C00147,4837.59,virement,UK,74.209808,92.500283,2025-06-08 12:11:04
C00173,1892.31,retrait,ES,86.201638,172.223833,2025-06-05 20:47:04
C00174,2613.34,paiement,CN,41.768202,38.796225,2025-06-08 12:43:04
C00165,567.63,achat,CN,-41.287818,-126.411568,2025-06-14 06:27:04
C00178,3672.32,achat,JP,-42.180847,136.245496,2025-05-22 00:47:04
C00192,3451.05,paiement,JP,-34.473748,-178.376505,2025-05-25 08:42:04
C00089,4458.97,virement,US,-87.627755,-158.112047,2025-05-21 16:48:04
C00120,4743.81,achat,CN,17.752004,106.811609,2025-06-07 11:15:04
C00061,4842.83,versement,ES,-13.88199,78.312584,2025-05-31 10:35:04
C00160,2608.21,versement,US,-40.022993,-60.833904,2025-05-19 18:18:04
C00157,4102.1,achat,CN,-24.708021,25.817629,2025-05-29 12:28:04
C00067,800.47,retrait,IT,70.621798,-83.991184,2025-06-02 04:21:04
C00011,1555.18,versement,ES,50.068357,-57.709091,2025-06-16 11:17:04
C00154,802.15,versement,FR,-4.220678,-8.368379,2025-05-29 05:35:04
C00047,3334.6,virement,ES,-5.984029,126.529627,2025-06-06 19:53:04
C00104,4341.59,virement,IT,-38.763745,-152.042335,2025-06-12 08:02:04
C00195,882.38,virement,IT,54.744956,-163.148282,2025-05-22 05:19:04
C00010,1636.51,paiement,DE,25.891118,24.736962,2025-06-08 19:36:04
C00198,2174.82,retrait,JP,-12.558819,-150.497424,2025-05-30 11:00:04
C00161,3363.83,retrait,UK,-67.674265,-112.49612,2025-06-10 00:39:04
C00194,2881.68,virement,FR,-26.46469,-38.992536,2025-05-25 23:47:04
C00077,1589.42,achat,US,-76.974708,66.063137,2025-05-30 18:14:04
C00057,1194.69,paiement,FR,84.932402,-131.054994,2025-05-19 13:08:04
C00097,4039.19,achat,CN,-9.434509,57.123146,2025-05-30 11:33:04
C00144,102.01,paiement,CN,7.783603,-36.596091,2025-05-27 01:41:04
C00044,2228.79,achat,US,-28.225071,94.174179,2025-05-29 23:43:04
C00164,2947.58,paiement,US,74.628066,41.99271,2025-06-10 20:48:04
C00051,2496.94,retrait,US,-45.757949,-137.607919,2025-05-19 08:39:04
C00129,3075.62,virement,FR,-20.696333,129.470784,2025-06-15 16:46:04
C00149,4251.37,achat,UK,11.926419,113.253936,2025-06-08 18:27:04
C00066,4556.31,retrait,CN,-5.750309,77.432975,2025-05-25 10:04:04
C00194,271.99,retrait,UK,78.076977,-56.641914,2025-05-20 07:28:04
C00130,1769.54,virement,UK,40.244606,-63.103963,2025-05-22 09:18:04
C00138,4227.77,versement,DE,-88.13589,-108.583072,2025-06-02 07:34:04
C00007,3143.31,virement,FR,41.301348,-56.341382,2025-05-29 09:19:04
C00116,4226.61,achat,IT,25.913725,115.436897,2025-06-13 21:18:04
C00002,3188.77,virement,ES,88.510466,11.639749,2025-06-14 19:52:04
C00092,2559.85,paiement,CN,-18.911837,120.622323,2025-05-26 01:35:04
C00119,3458.84,achat,US,-38.578883,88.331036,2025-05-26 22:24:04
C00043,2449.62,achat,FR,-71.768961,-84.049096,2025-06-13 12:25:04
C00082,2272.76,virement,JP,-17.454744,153.550135,2025-06-04 13:18:04
C00146,3001.63,achat,CN,69.123241,-76.70013,2025-06-13 10:35:04
C00023,2085.28,versement,CN,36.667984,-161.497413,2025-06-15 04:38:04
C00058,1289.5,paiement,UK,83.09659,13.637066,2025-06-16 11:23:04
C00090,945.1,achat,US,-63.018028,-75.946374,2025-05-31 18:02:04
C00180,461.8,achat,FR,50.21745,-179.948454,2025-06-11 07:09:04
C00191,3527.09,versement,DE,82.101744,176.984673,2025-06-07 09:02:04
C00038,755.93,achat,IT,86.342128,-136.633958,2025-06-15 08:27:04
C00017,2824.3,retrait,IT,0.815716,-147.282984,2025-05-31 02:13:04
C00066,319.11,achat,UK,15.530429,42.045642,2025-06-14 22:30:04
C00010,20.02,achat,FR,-62.365825,178.819126,2025-06-16 03:31:04
C00177,700.31,versement,CN,59.917501,-78.96769,2025-05-19 10:26:04
C00041,4925.37,paiement,UK,-32.429017,-135.909598,2025-05-24 12:25:04
C00056,4930.66,versement,JP,-67.939433,-124.361041,2025-05-24 13:32:04
C00159,535.41,paiement,US,-35.20265,46.887443,2025-05-24 18:46:04
C00071,316.08,virement,IT,4.116658,-100.809274,2025-05-29 19:05:04
C00159,4237.0,versement,DE,88.457395,61.0162,2025-05-22 23:44:04
C00066,1866.78,paiement,FR,2.140671,-37.615664,2025-06-06 00:18:04
C00147,3888.04,versement,UK,-6.002169,95.25911,2025-06-15 03:15:04
C00062,338.71,virement,CN,-44.840469,162.857476,2025-06-03 05:14:04
C00105,1266.72,versement,JP,-41.790093,99.790847,2025-05-19 03:59:04
C00065,1291.64,paiement,UK,31.453386,170.401396,2025-06-14 17:04:04
C00166,358.25,achat,DE,-65.638903,-156.899061,2025-05-27 08:31:04
C00089,2719.15,paiement,UK,47.9152,-45.210612,2025-06-05 02:45:04
C00050,2970.4,retrait,UK,20.418239,-145.692774,2025-06-09 07:20:04
C00030,3924.34,paiement,UK,-59.688649,136.757702,2025-06-03 03:01:04
C00041,1453.92,paiement,DE,32.730498,146.117005,2025-05-22 22:05:04
C00070,4323.66,achat,ES,51.057081,-45.432971,2025-05-25 07:05:04
C00025,2833.13,achat,CN,-84.480366,-31.122463,2025-05-18 00:54:04
C00134,3414.74,paiement,FR,-29.788916,160.996514,2025-06-15 10:19:04
C00167,4958.95,paiement,DE,41.027742,-106.382745,2025-06-13 13:04:04
C00196,4703.13,virement,DE,42.096556,24.219619,2025-05-27 19:29:04
C00169,4675.5,versement,US,-86.170961,34.86111,2025-06-12 07:12:04
C00126,1383.26,paiement,US,-60.219986,57.139453,2025-06-08 08:41:04
C00095,1766.62,retrait,UK,64.815604,53.59646,2025-05-31 10:59:04
C00054,2215.3,achat,DE,55.935896,108.266183,2025-05-27 18:35:04
C00116,3998.03,achat,CN,-48.586777,-124.253783,2025-05-19 10:23:04
C00192,300.01,versement,IT,82.782876,-70.624967,2025-05-30 22:04:04
C00161,4071.77,paiement,FR,40.336499,-93.421741,2025-05-26 22:01:04
C00128,3958.4,retrait,UK,-19.704899,-15.233372,2025-06-01 14:20:04
C00065,1086.44,achat,JP,78.030709,-165.07953,2025-06-13 20:28:04
C00138,2651.64,achat,CN,85.886997,-38.531917,2025-05-21 09:30:04
C00035,909.21,achat,IT,-52.415044,73.393577,2025-06-07 10:13:04
C00026,3164.45,achat,US,-6.153491,16.272949,2025-06-03 13:44:04
C00098,3911.46,versement,FR,-60.518961,97.200791,2025-06-02 04:31:04
C00109,1084.63,achat,CN,-56.752058,-43.506709,2025-05-23 23:00:04
C00192,89.89,versement,JP,12.490885,46.558276,2025-05-24 03:46:04
C00056,4178.97,retrait,US,-57.533446,51.029828,2025-05-23 23:36:04
C00187,71.82,versement,UK,73.488238,-78.816698,2025-05-23 18:22:04
C00192,2089.48,retrait,IT,-22.926202,-125.410655,2025-05-30 01:36:04
C00188,54.97,achat,CN,67.252732,40.35471,2025-06-03 17:22:04
C00176,3318.84,achat,UK,81.793696,70.490341,2025-05-31 14:27:04
C00122,1509.98,virement,CN,-88.093811,118.697579,2025-05-23 16:35:04
C00041,4311.19,virement,ES,67.683142,-59.035247,2025-06-04 18:06:04
C00044,4678.34,versement,DE,26.712444,31.00199,2025-05-27 16:13:04
C00105,860.92,versement,DE,16.664334,-107.177991,2025-05-29 23:27:04
C00172,4291.1,paiement,US,73.324475,68.024592,2025-06-02 22:16:04
C00048,1738.86,retrait,JP,-7.752359,-80.575931,2025-05-24 09:16:04
C00059,1480.73,versement,CN,-40.364356,133.330895,2025-06-12 10:20:04
C00049,867.02,versement,DE,71.556404,-19.550595,2025-06-08 12:46:04
C00177,2563.58,versement,JP,44.387284,-65.437322,2025-05-26 11:01:04
C00007,4034.0,retrait,US,58.792562,-144.936251,2025-06-07 15:27:04
C00045,4659.2,paiement,JP,22.08094,97.143075,2025-06-04 06:44:04
C00099,3710.39,virement,CN,41.872456,-12.765585,2025-06-07 14:49:04
C00042,1115.43,achat,DE,-65.07577,-39.616914,2025-06-11 08:51:04
C00016,2393.99,versement,UK,-16.565744,-137.560547,2025-05-23 07:35:04
C00058,1044.35,paiement,FR,43.958526,60.922913,2025-06-01 15:01:04
C00046,96.34,retrait,DE,85.249035,172.246695,2025-06-04 17:13:04
C00180,835.1,achat,CN,88.405062,-159.616109,2025-05-29 13:59:04
C00183,3752.19,paiement,DE,-8.862195,-33.062017,2025-06-01 11:16:04
C00054,816.54,retrait,CN,11.437277,95.629047,2025-06-04 03:04:04
C00041,1124.54,retrait,US,-39.967294,6.496121,2025-06-11 08:30:04
C00144,3000.37,retrait,ES,-39.914914,-111.88194,2025-05-20 21:27:04
C00010,4028.8,paiement,US,72.962464,19.486393,2025-06-08 23:47:04
C00187,2216.2,retrait,UK,-12.274068,-155.228495,2025-05-18 03:16:04
C00155,4929.43,virement,FR,81.110573,-29.404402,2025-06-03 06:15:04
C00141,2752.62,retrait,US,-50.818311,-37.933702,2025-05-23 00:51:04
C00149,522.37,versement,CN,14.41793,73.149936,2025-06-03 04:29:04
C00166,3900.06,retrait,DE,68.777046,29.553611,2025-06-14 16:17:04
C00026,2049.73,retrait,FR,14.581027,-50.488351,2025-06-11 13:59:04
C00018,924.59,achat,UK,4.13758,119.320126,2025-05-22 01:27:04
C00007,2099.49,paiement,IT,36.432032,-165.011315,2025-06-04 06:41:04
C00166,4150.32,retrait,IT,-58.604998,-72.31114,2025-06-01 06:44:04
C00144,663.48,virement,CN,10.687777,138.817645,2025-05-31 08:23:04
C00103,1751.33,virement,US,65.591685,133.14666,2025-06-08 08:22:04
C00114,4509.15,retrait,JP,-9.495742,128.24402,2025-05-27 10:49:04
C00149,3202.72,retrait,UK,9.710598,-165.358195,2025-05-23 12:24:04
C00187,1960.68,virement,US,-82.839118,101.712271,2025-05-27 09:38:04
C00094,3772.73,paiement,JP,-18.826284,-164.606741,2025-05-22 06:13:04
C00024,4813.02,retrait,UK,65.118769,-95.534421,2025-06-12 08:07:04
C00063,2075.45,retrait,DE,11.435514,30.688433,2025-06-14 01:29:04
C00129,4237.29,paiement,CN,-68.696277,134.751632,2025-06-05 12:45:04
C00049,4479.49,retrait,UK,-87.135041,-33.952944,2025-06-09 20:25:04
C00155,681.46,virement,UK,-85.837575,-108.940828,2025-06-10 13:05:04
C00050,1239.38,paiement,ES,-42.147116,141.073881,2025-06-07 17:38:04
C00090,3917.24,paiement,FR,-30.850864,143.060961,2025-06-14 05:26:04
C00029,2154.24,retrait,DE,77.143768,170.731934,2025-05-31 18:31:04
C00007,2090.19,retrait,US,-36.429795,129.169971,2025-05-29 11:46:04
C00014,634.59,paiement,JP,-8.208687,-166.42701,2025-05-26 07:47:04
C00015,2728.23,virement,CN,82.176219,11.395951,2025-05-19 06:15:04
C00125,2755.66,versement,FR,-41.882017,-13.373754,2025-06-09 07:54:04
C00124,337.59,virement,FR,-85.687545,-6.899456,2025-06-09 00:00:04
C00191,2810.77,retrait,IT,88.74574,153.165717,2025-06-11 01:24:04
C00065,2761.67,achat,CN,-65.416347,-113.741323,2025-05-30 12:26:04
C00092,3847.84,paiement,UK,51.303362,38.114954,2025-06-04 09:24:04
C00129,2718.18,paiement,CN,-0.361852,163.293121,2025-06-04 12:47:04
C00046,172.58,virement,US,1.876504,-43.210686,2025-06-13 04:16:04
C00116,674.86,virement,DE,-59.200487,-15.528596,2025-05-29 03:56:04
C00198,3603.98,retrait,US,-68.235737,37.652494,2025-05-18 15:00:04
C00031,4779.81,virement,UK,24.872886,134.240695,2025-06-06 21:36:04
C00171,1386.02,achat,ES,-64.146712,99.197985,2025-06-15 16:55:04
C00110,4671.51,virement,US,0.258644,87.168789,2025-06-09 21:44:04
C00086,4594.13,paiement,IT,72.619369,-28.500018,2025-06-04 22:23:04
C00111,323.07,virement,DE,85.303868,-54.809549,2025-06-13 15:00:04
C00073,1415.86,versement,CN,76.633805,86.884184,2025-06-12 22:41:04
C00116,3304.82,retrait,IT,6.509833,-140.798518,2025-06-14 01:27:04
C00110,1265.86,versement,IT,89.776231,-79.407961,2025-05-28 12:40:04
C00200,488.27,virement,CN,4.488266,-94.073402,2025-06-01 23:02:04
C00028,1478.26,versement,US,81.035873,55.726459,2025-05-26 17:31:04
C00090,4963.29,achat,CN,-44.600951,-156.427573,2025-06-11 19:47:04
C00098,4064.55,versement,CN,66.616766,5.233294,2025-05-21 14:55:04
C00191,62.49,retrait,FR,-59.727276,63.926481,2025-06-15 22:35:04
C00172,4517.49,paiement,UK,-38.886664,18.431519,2025-05-30 22:03:04
C00184,2512.48,achat,JP,27.848971,18.303871,2025-06-09 04:26:04
C00106,482.05,virement,FR,-80.093905,-21.380489,2025-05-28 07:16:04
C00146,4155.26,achat,JP,-50.948209,-135.599632,2025-06-03 06:37:04
C00174,241.15,versement,UK,85.489936,-74.940289,2025-06-06 08:06:04
C00155,61.7,paiement,CN,-28.029244,91.739327,2025-06-05 08:33:04
C00084,2483.61,paiement,DE,32.662045,7.918411,2025-05-21 05:28:04
C00017,493.48,achat,US,-13.946571,-10.157761,2025-06-01 01:48:04
C00064,3293.2,retrait,DE,-75.77148,0.004897,2025-05-24 09:54:04
C00183,1028.56,retrait,ES,22.305264,-39.584525,2025-05-20 21:41:04
C00091,1413.91,virement,ES,53.000792,-46.765611,2025-06-02 20:43:04
C00045,3154.6,versement,JP,-52.277701,-60.432158,2025-06-12 19:57:04
C00190,742.1,retrait,US,-84.830947,170.025842,2025-06-08 22:03:04
C00104,4200.47,retrait,IT,-85.907325,31.705359,2025-05-27 16:18:04
C00173,4029.79,paiement,IT,-80.37944,20.492502,2025-06-13 21:52:04
C00074,1422.18,retrait,IT,-43.171669,-103.983961,2025-06-07 04:34:04
C00102,927.46,paiement,ES,86.922351,15.293176,2025-06-13 02:28:04
C00167,1570.72,achat,FR,-19.087827,-71.704657,2025-06-14 08:32:04
C00096,3998.01,paiement,US,4.943953,-153.721046,2025-06-12 02:48:04
C00165,2192.87,retrait,JP,-59.256196,106.59541,2025-06-02 09:58:04
C00084,716.01,paiement,JP,52.849559,145.122045,2025-06-14 02:16:04
C00133,568.62,virement,UK,10.50664,36.185879,2025-06-06 20:46:04
C00131,1236.63,retrait,US,4.219091,169.587567,2025-06-06 09:29:04
C00102,2537.23,virement,FR,-21.49507,95.146853,2025-06-15 11:28:04
C00145,1934.1,achat,FR,-21.181753,91.380857,2025-06-07 21:27:04
C00067,4408.02,retrait,US,-81.62749,39.751208,2025-05-22 18:59:04
C00035,141.53,achat,JP,-77.05407,-7.727592,2025-06-02 01:54:04
C00052,2099.71,retrait,UK,-30.539921,83.883006,2025-06-10 18:20:04
C00137,1158.15,paiement,FR,15.263881,-25.986976,2025-06-09 15:12:04
C00195,3440.32,retrait,FR,33.278921,-91.514438,2025-05-24 14:09:04
C00139,2199.13,retrait,FR,67.122467,36.460136,2025-06-09 06:13:04
C00145,1040.13,versement,DE,-30.253628,83.01779,2025-06-05 20:38:04
C00056,672.55,virement,IT,63.576319,-6.923278,2025-05-25 12:38:04
C00003,295.57,versement,IT,34.670939,-91.358395,2025-06-14 11:35:04
C00106,173.28,virement,JP,11.98503,-58.806163,2025-06-03 04:35:04
C00056,3926.96,paiement,IT,24.202041,96.816381,2025-05-23 14:13:04
C00090,3328.48,versement,CN,-17.449602,-110.178824,2025-06-14 07:46:04
C00198,96.07,virement,DE,-68.684596,-83.14705,2025-06-10 08:35:04
C00176,3123.86,achat,CN,78.726964,124.074106,2025-06-10 21:46:04
C00012,1409.06,paiement,IT,-69.603234,50.687512,2025-05-18 04:15:04
C00060,3746.26,virement,IT,-37.736093,-133.549003,2025-06-10 12:53:04
C00134,4825.54,paiement,IT,39.073346,-126.337171,2025-05-18 21:31:04
C00150,3698.83,retrait,CN,54.305404,78.138534,2025-05-24 06:26:04
C00070,3515.22,versement,DE,45.6836,-5.40869,2025-06-11 05:25:04
C00018,4504.71,retrait,CN,60.509597,128.413641,2025-05-21 02:56:04
C00186,2303.71,versement,JP,-75.157807,49.13316,2025-05-21 10:31:04
C00105,2162.98,retrait,UK,62.730529,-94.712735,2025-05-31 11:10:04
C00185,1347.36,retrait,DE,12.000167,-161.467297,2025-06-15 16:11:04
C00085,822.97,achat,JP,-5.896843,-31.397586,2025-05-29 05:21:04
C00096,2573.82,virement,FR,52.909082,-140.787528,2025-06-04 02:36:04
C00184,1322.39,retrait,US,27.823396,94.435939,2025-05-28 16:06:04
C00087,724.76,retrait,CN,6.636498,-23.367479,2025-06-16 01:09:04
C00069,2717.12,paiement,ES,-89.727286,-101.89921,2025-06-05 05:58:04
C00059,2949.07,virement,DE,-38.457918,-33.45742,2025-05-23 20:42:04
C00029,997.62,versement,CN,-68.464903,-125.895426,2025-05-29 12:28:04
C00119,3315.55,achat,JP,51.555597,-91.972083,2025-05-27 15:33:04
C00116,4068.33,versement,JP,-60.240531,-78.760203,2025-05-29 05:20:04
C00064,367.93,versement,ES,-36.525312,-105.466818,2025-06-10 20:29:04
C00022,2198.4,virement,FR,69.612757,84.061749,2025-06-02 14:18:04
C00098,2191.19,paiement,FR,20.304055,-119.655214,2025-05-20 08:31:04
C00049,3259.58,versement,UK,-24.090302,-152.382203,2025-05-28 06:49:04
C00177,148.23,virement,JP,-75.20327,111.364483,2025-06-11 18:28:04
C00117,1368.0,virement,DE,-2.55459,178.190306,2025-06-02 01:59:04
C00095,55.91,achat,UK,78.455374,54.299892,2025-05-19 21:17:04
C00069,1840.91,achat,CN,-29.299938,-172.747205,2025-05-22 09:06:04
C00086,3790.82,paiement,JP,-84.775305,-34.540371,2025-06-03 12:58:04
C00173,2262.76,paiement,UK,86.560329,131.639002,2025-05-27 14:44:04
C00004,4711.53,versement,CN,39.219936,-6.046345,2025-05-24 02:20:04
C00138,3680.0,retrait,JP,-17.952015,140.297479,2025-05-23 15:49:04
C00007,2337.21,paiement,IT,75.142044,31.215538,2025-06-09 06:52:04
C00196,751.77,retrait,JP,29.865446,-53.019845,2025-06-01 05:31:04
C00029,4602.67,achat,CN,11.689241,-59.000258,2025-06-11 03:03:04
C00197,3789.89,retrait,ES,-1.839385,11.178988,2025-06-03 07:12:04
C00060,4766.28,virement,IT,22.06631,64.570881,2025-06-08 21:35:04
C00190,2285.02,versement,FR,50.786777,50.369309,2025-06-04 07:35:04
C00096,2468.35,versement,CN,-6.244516,168.216852,2025-05-22 07:44:04
C00100,3370.11,versement,JP,48.280701,49.015848,2025-06-05 09:37:04
C00113,328.58,versement,ES,80.691804,175.660912,2025-05-30 09:15:04
C00015,2001.41,retrait,DE,-80.557829,82.572474,2025-06-03 01:32:04
C00158,4265.97,virement,CN,-19.515626,-113.183649,2025-05-31 19:01:04
C00111,2450.13,virement,JP,-6.266739,-118.121196,2025-05-28 04:12:04
C00018,11.0,versement,JP,59.830113,71.443778,2025-05-22 18:42:04
C00060,4265.67,versement,ES,52.222751,-176.546032,2025-06-12 08:06:04
C00071,1767.63,paiement,UK,-67.365979,-22.837159,2025-06-05 17:33:04
C00182,3744.32,virement,CN,84.92084,162.351349,2025-05-27 16:19:04
C00088,314.16,paiement,DE,44.254222,-76.748291,2025-05-23 04:39:04
C00138,3867.04,paiement,ES,-78.214307,-170.705024,2025-05-27 20:01:04
C00068,4005.75,achat,JP,68.533981,122.388939,2025-05-18 19:38:04
C00183,4751.03,versement,DE,30.22178,73.337067,2025-05-21 09:28:04
C00066,3924.97,achat,ES,18.405106,91.990793,2025-06-12 14:53:04
C00027,1545.96,achat,UK,23.274884,50.479269,2025-05-29 20:48:04
C00133,3347.35,virement,CN,-29.974906,-144.49976,2025-05-27 19:57:04
C00169,4430.87,virement,IT,19.362494,54.274722,2025-06-10 22:49:04
C00036,2146.06,paiement,JP,46.685829,-82.081092,2025-06-12 02:07:04
C00085,3843.17,versement,JP,8.055237,88.72775,2025-06-02 17:34:04
C00119,4251.48,retrait,CN,13.791478,175.360569,2025-05-29 05:35:04
C00003,3651.93,virement,US,-83.220185,13.605984,2025-06-04 16:00:04
C00122,3914.13,versement,UK,17.060175,170.830122,2025-05-27 04:06:04
C00033,4533.26,paiement,FR,44.724505,137.654194,2025-05-26 18:47:04
C00034,2128.99,versement,IT,36.720791,-37.841177,2025-06-06 17:19:04
C00165,4031.28,paiement,UK,33.94247,135.775013,2025-05-20 05:43:04
C00006,809.54,achat,JP,-18.596468,-51.485031,2025-05-27 15:35:04
C00194,950.72,paiement,IT,-33.607951,-147.880612,2025-06-08 03:53:04
C00129,3263.82,virement,CN,56.314859,-21.041994,2025-06-13 08:43:04
C00040,1242.89,versement,ES,8.682079,96.849667,2025-05-28 08:26:04
C00065,3032.66,paiement,JP,20.798301,-150.52797,2025-06-14 02:19:04
C00042,535.66,retrait,JP,-60.600067,-9.017118,2025-06-13 05:53:04
C00124,3670.95,retrait,US,-17.575946,75.459121,2025-05-25 12:23:04
C00194,4120.57,virement,UK,71.212909,168.381074,2025-06-04 05:12:04
C00161,4716.75,virement,JP,-36.785051,-98.8448,2025-05-18 10:34:04
C00114,4607.44,paiement,CN,34.730867,118.053568,2025-05-19 21:06:04
C00080,201.56,retrait,FR,83.421515,27.24085,2025-06-02 19:23:04
C00154,3829.26,paiement,UK,1.992763,165.844353,2025-05-31 19:25:04
C00034,377.24,achat,US,27.5387,18.696945,2025-06-02 19:29:04
C00194,920.45,paiement,IT,-60.325792,84.39728,2025-05-29 06:53:04
C00086,3741.43,paiement,JP,-67.614461,87.770482,2025-05-31 06:32:04
C00100,4583.74,paiement,ES,88.814769,-132.035173,2025-05-27 00:20:04
C00129,3016.82,retrait,US,71.168641,-10.626181,2025-06-15 22:35:04
C00058,545.76,achat,ES,52.690592,139.92425,2025-06-05 04:45:04
C00036,1730.85,virement,UK,29.631749,-103.158035,2025-05-26 19:49:04
C00170,127.03,achat,US,80.947777,9.603814,2025-06-03 01:59:04
C00172,1339.14,achat,IT,75.099061,-144.663136,2025-05-24 13:09:04
C00141,4950.84,paiement,ES,-70.511532,-92.30753,2025-06-16 07:40:04
C00155,2100.5,paiement,US,45.642831,-108.393341,2025-05-28 01:55:04
C00057,2191.34,retrait,US,61.980819,145.703168,2025-06-15 20:36:04
C00181,4697.36,virement,US,25.462697,27.271482,2025-05-28 12:09:04
C00195,1239.78,paiement,FR,36.353585,87.710199,2025-06-11 13:18:04
C00069,4437.8,virement,ES,45.819923,-145.199054,2025-06-12 07:51:04
C00167,1298.75,versement,ES,-31.342024,87.499365,2025-06-15 01:45:04
C00108,1703.55,virement,IT,-82.943798,113.893716,2025-05-18 12:23:04
C00178,1170.18,versement,FR,71.427212,44.045897,2025-05-19 00:31:04
C00105,4394.25,versement,ES,-48.556455,80.081334,2025-06-02 11:28:04
C00084,3929.4,virement,IT,-66.176778,-103.749996,2025-06-14 04:09:04
C00135,647.48,achat,CN,-88.303985,50.025917,2025-06-09 19:50:04
C00001,2196.4,virement,IT,86.037675,135.423889,2025-06-12 22:39:04
C00111,1155.84,paiement,IT,-1.974385,37.291019,2025-05-20 06:02:04
C00056,1580.28,virement,JP,56.693013,8.73701,2025-06-16 08:13:04
C00066,180.89,versement,UK,35.441951,155.254207,2025-05-26 06:28:04
C00166,2736.91,retrait,JP,-18.681055,-85.456579,2025-06-04 19:52:04
C00143,2777.46,paiement,FR,-84.625493,150.282775,2025-05-25 23:37:04
C00140,2945.98,virement,US,-58.795957,172.8782,2025-05-19 09:06:04
C00107,425.84,paiement,ES,-68.409175,-14.836332,2025-05-18 15:47:04
C00163,2102.16,paiement,ES,-29.733377,-92.386029,2025-06-13 08:56:04
C00116,2708.59,achat,US,-81.243284,82.338855,2025-05-27 06:22:04
C00118,3202.04,retrait,DE,85.601448,-89.459386,2025-06-07 05:24:04
C00136,2358.19,virement,UK,15.383481,-38.089679,2025-05-31 16:34:04
C00190,4835.65,paiement,US,57.53853,-105.322447,2025-06-01 13:45:04
C00100,4010.96,virement,DE,-33.667021,-171.965804,2025-06-01 02:53:04
C00020,3822.38,achat,DE,-32.675098,165.519615,2025-06-12 23:17:04
C00035,1670.66,retrait,CN,47.83219,128.440675,2025-06-07 13:03:04
C00183,3422.97,paiement,ES,-27.108766,151.35668,2025-05-27 10:27:04
C00182,4555.38,achat,CN,-65.490789,61.200265,2025-05-29 06:56:04
C00091,3796.78,paiement,DE,83.571753,-133.94061,2025-06-01 04:24:04
C00043,852.57,versement,IT,65.296203,127.812633,2025-06-16 12:50:04
C00022,4059.02,retrait,IT,57.23948,134.087533,2025-06-13 16:51:04
C00013,1093.25,versement,FR,-38.386966,-64.599131,2025-05-28 09:27:04
C00162,1106.52,paiement,CN,-72.813313,-10.346097,2025-06-10 01:46:04
C00089,1770.98,retrait,FR,1.850666,-26.008781,2025-06-08 02:18:04
C00058,4371.35,retrait,CN,57.335493,-12.196252,2025-06-15 17:18:04
C00030,1825.09,virement,US,-62.493285,-44.136169,2025-05-23 06:43:04
C00169,3172.2,paiement,US,72.536405,13.635544,2025-06-04 17:06:04
C00001,2759.18,achat,US,5.395316,-107.70385,2025-06-10 10:30:04
C00014,1476.19,versement,IT,75.36279,-53.842894,2025-05-23 15:05:04
C00127,826.24,paiement,ES,-63.641902,71.614373,2025-05-24 06:44:04
C00141,2178.33,achat,US,54.764413,4.539888,2025-06-16 20:34:04
C00190,3622.57,retrait,FR,88.728678,41.006623,2025-06-14 23:38:04
C00122,1870.0,versement,CN,-76.00036,145.392919,2025-06-15 00:45:04
C00151,469.39,versement,UK,-45.809348,-147.133293,2025-05-26 15:06:04
C00166,3787.35,achat,ES,79.837211,-168.529433,2025-06-06 17:24:04
C00080,1072.98,achat,IT,-80.553255,73.457335,2025-05-18 06:11:04
C00195,911.14,versement,CN,-72.275712,93.651246,2025-06-14 22:02:04
C00090,4648.45,virement,ES,89.680305,-102.119401,2025-05-27 18:50:04
C00116,1757.82,achat,CN,-15.164314,-75.372993,2025-05-20 01:32:04
C00029,39.88,achat,JP,-18.994347,148.639336,2025-05-22 15:08:04
C00121,3123.44,versement,CN,14.526684,-51.877097,2025-06-15 03:39:04
C00079,3687.65,versement,JP,46.346068,-13.025618,2025-05-23 18:13:04
C00149,3907.61,versement,IT,-70.596892,91.421059,2025-05-21 11:17:04
C00192,4205.04,paiement,IT,-2.819428,148.595152,2025-06-08 01:49:04
C00020,4737.89,virement,ES,-23.678841,-159.695756,2025-06-15 08:47:04
C00016,3332.87,retrait,UK,-48.089632,-48.323042,2025-06-03 08:05:04
C00197,279.95,versement,DE,-79.19459,-22.235346,2025-05-29 11:15:04
C00168,3058.87,paiement,ES,-72.324972,36.564249,2025-06-09 15:51:04
C00102,1262.4,virement,CN,34.127766,108.956557,2025-05-22 12:17:04
C00007,3854.33,paiement,UK,8.477788,42.540846,2025-06-14 17:02:04
C00067,3023.69,virement,DE,20.388453,3.031693,2025-05-19 13:32:04
C00088,4635.75,virement,IT,61.807241,-137.930367,2025-06-14 08:50:04
C00103,4539.52,versement,FR,29.055181,-53.12186,2025-05-26 12:35:04
C00018,2188.48,retrait,IT,69.885859,-108.430864,2025-06-12 03:06:04
C00170,1286.99,achat,ES,71.075227,49.505241,2025-05-25 16:12:04
C00111,3556.98,achat,UK,-52.908901,-22.954775,2025-05-23 20:24:04
C00042,2313.28,versement,FR,-83.586623,14.758841,2025-06-07 04:18:04
C00136,3063.97,virement,DE,-2.64828,-65.398994,2025-06-07 10:36:04
C00029,180.72,paiement,FR,-7.156131,154.15009,2025-05-18 21:01:04
C00143,446.14,paiement,CN,-35.491001,-72.571928,2025-06-09 20:28:04
C00164,2721.96,versement,CN,54.058756,-39.789466,2025-06-11 03:53:04
C00134,1552.89,paiement,JP,86.515278,143.475447,2025-06-11 03:13:04
C00146,2067.66,versement,US,-74.757802,-83.815513,2025-06-10 05:14:04
C00115,4832.26,retrait,CN,-32.287856,-29.960734,2025-06-08 16:11:04
C00148,1985.81,retrait,CN,71.694211,153.873079,2025-05-26 22:33:04
C00075,3147.34,achat,US,76.765622,76.713404,2025-06-16 01:31:04
C00090,552.08,achat,IT,-79.794594,-154.552466,2025-06-11 09:13:04
C00148,3176.98,achat,IT,-61.491505,134.564641,2025-05-20 20:01:04
C00017,1545.62,achat,CN,58.881471,-86.373279,2025-06-02 01:33:04
C00038,3264.58,achat,IT,8.800541,-19.566805,2025-06-05 05:14:04
C00100,2346.26,paiement,JP,70.734103,-82.977959,2025-06-01 14:33:04
C00067,1999.22,retrait,UK,-50.372062,91.703168,2025-06-06 23:55:04
C00113,310.33,virement,JP,59.286671,-91.957769,2025-06-09 05:23:04
C00027,3752.3,versement,IT,-70.575294,126.88845,2025-05-25 14:52:04
C00011,4815.19,retrait,JP,-62.298166,136.728109,2025-05-22 15:31:04
C00166,351.0,achat,IT,-31.863334,94.914244,2025-05-25 18:18:04
C00154,3472.17,paiement,IT,87.045757,-90.774094,2025-05-28 05:59:04
C00155,3979.29,paiement,JP,-56.168589,161.056265,2025-06-08 18:28:04
C00067,2832.97,achat,IT,-32.24706,-148.627281,2025-05-31 05:21:04
C00191,609.32,achat,IT,-38.553023,-122.125492,2025-06-07 03:03:04
C00148,180.73,retrait,CN,-68.94553,-125.4399,2025-06-14 06:37:04
C00088,4907.43,paiement,JP,-73.947038,61.937064,2025-05-24 23:52:04
C00123,4778.89,virement,JP,76.593988,-55.537289,2025-06-04 00:07:04
C00015,4722.29,versement,JP,-63.178315,178.434879,2025-05-25 23:06:04
C00110,3220.38,versement,US,21.545444,-52.585544,2025-06-16 17:39:04
C00083,2979.1,paiement,ES,-53.165693,-91.012175,2025-05-29 06:53:04
C00100,1396.44,achat,ES,73.086925,99.194512,2025-06-13 09:32:04
C00121,3730.65,retrait,JP,87.749826,177.177233,2025-05-20 00:01:04
C00045,2665.55,paiement,US,53.290868,1.747597,2025-06-06 07:29:04
C00194,2075.17,retrait,US,-67.264779,-174.775423,2025-06-09 00:13:04
C00162,1412.85,versement,FR,-57.650753,-13.61879,2025-06-08 18:11:04
C00076,3411.54,versement,JP,-74.646395,118.990478,2025-05-18 03:34:04
C00168,4318.16,retrait,DE,-12.49093,-164.599696,2025-06-04 17:23:04
C00092,2639.22,retrait,DE,-60.132294,-174.23103,2025-06-09 21:47:04
C00087,3656.8,paiement,CN,33.033267,-8.330967,2025-05-22 02:32:04
C00050,3169.43,versement,JP,39.825915,127.067604,2025-06-14 10:50:04
C00101,3481.35,versement,CN,-20.244262,-9.609618,2025-06-12 17:51:04
C00147,2481.07,versement,ES,-33.178663,124.253813,2025-06-12 20:15:04
C00053,2358.13,achat,US,80.56891,113.078247,2025-05-29 18:28:04
C00042,730.49,paiement,UK,6.323569,-125.170136,2025-06-15 12:33:04
C00179,136.72,paiement,ES,-55.464981,109.549164,2025-05-31 12:35:04
C00062,2756.03,versement,FR,67.810669,-77.482629,2025-06-07 11:20:04
C00030,310.27,virement,UK,-33.016518,12.333459,2025-06-04 20:45:04
C00140,657.5,retrait,IT,85.572694,70.462527,2025-06-10 10:02:04
C00187,827.0,achat,ES,-82.911789,110.896333,2025-05-26 01:36:04
C00029,2047.58,retrait,ES,-87.174983,-24.313925,2025-05-28 07:50:04
C00183,2116.9,achat,UK,-33.315874,158.610046,2025-05-26 13:58:04
C00048,1833.53,achat,ES,16.362233,-32.60323,2025-06-09 13:06:04
C00075,4571.43,achat,US,52.186172,-22.708785,2025-06-07 23:24:04
C00174,603.53,versement,ES,-76.035215,-106.71043,2025-06-09 02:55:04
C00175,4583.58,paiement,US,-30.276583,-101.90413,2025-05-19 05:46:04
C00136,650.4,retrait,UK,-20.63653,114.427798,2025-06-16 04:50:04
C00051,1522.95,achat,JP,26.162148,-60.903756,2025-05-31 03:52:04
C00061,1979.44,virement,CN,89.240794,-119.681044,2025-05-21 21:22:04
C00094,1081.54,achat,UK,-82.948636,-153.739071,2025-06-06 23:20:04
C00167,3948.31,achat,US,65.112085,126.28682,2025-06-11 11:32:04
C00134,626.03,versement,CN,-78.827085,40.256054,2025-05-24 19:39:04
C00050,3440.26,retrait,US,27.864976,3.869231,2025-05-24 13:48:04
C00106,892.55,achat,CN,20.856052,-179.514219,2025-05-25 19:34:04
C00083,2429.76,virement,JP,23.560087,-135.795617,2025-06-13 08:31:04
C00122,4998.77,paiement,UK,5.8833,6.324578,2025-05-18 16:37:04
C00092,2945.28,retrait,DE,-42.605695,-2.018106,2025-05-30 01:43:04
C00095,1158.82,paiement,IT,65.683888,-3.066756,2025-06-16 16:20:04
C00079,614.02,virement,US,35.600588,171.036736,2025-05-29 11:28:04
C00022,1463.13,virement,ES,0.561412,-164.866104,2025-05-30 00:34:04
C00012,3397.31,virement,CN,4.860689,-80.644534,2025-06-12 18:54:04
C00089,1085.72,paiement,US,82.292723,-20.907986,2025-05-24 07:11:04
C00157,3111.72,retrait,US,-34.666081,172.100305,2025-06-03 02:28:04
C00029,174.25,retrait,IT,64.849606,172.214741,2025-05-19 09:04:04
C00171,963.6,virement,DE,66.496865,-82.864518,2025-06-12 02:38:04
C00169,2438.92,achat,CN,44.51517,-32.989457,2025-06-10 13:42:04
C00176,2319.43,achat,US,-61.947339,-40.614399,2025-05-30 08:34:04
C00040,1063.26,paiement,JP,76.679034,-8.875815,2025-05-22 16:29:04
C00132,1542.23,achat,ES,26.289242,81.243868,2025-06-04 00:39:04
C00109,4124.31,virement,DE,-23.88956,9.951579,2025-06-16 01:06:04
C00069,213.02,achat,CN,-85.779108,-22.127697,2025-05-24 03:29:04
C00036,2022.3,virement,IT,-75.518196,48.446735,2025-06-02 23:38:04
C00133,2122.54,achat,CN,21.50443,-55.043887,2025-06-02 13:42:04
C00021,2800.79,virement,DE,57.956118,-140.501106,2025-05-30 08:03:04
C00055,2440.29,virement,UK,52.588769,164.113406,2025-06-10 04:50:04
C00057,4470.54,paiement,US,-36.169438,80.348175,2025-05-23 02:20:04
C00089,271.5,achat,IT,-8.739199,174.203972,2025-05-29 19:09:04
C00040,49.67,virement,UK,78.803579,111.665337,2025-05-22 08:20:04
C00045,2163.11,retrait,FR,2.002052,-56.763562,2025-06-06 16:45:04
C00136,3904.96,paiement,IT,53.291594,166.877983,2025-05-22 22:31:04
C00151,1720.91,versement,JP,-63.791717,-16.225169,2025-05-24 15:14:04
C00111,4037.94,virement,IT,-20.846474,174.150164,2025-06-07 16:20:04
C00146,4172.48,virement,CN,56.55235,62.278899,2025-06-07 11:12:04
C00045,2868.37,versement,FR,-51.688165,-49.839318,2025-05-28 09:54:04
C00153,48.39,retrait,IT,-74.669895,-83.841076,2025-05-31 19:55:04
C00059,1170.96,retrait,UK,26.037354,165.396378,2025-06-01 19:03:04
C00179,2402.21,versement,JP,-15.072984,-115.426627,2025-05-31 14:59:04
C00042,4049.31,retrait,JP,61.361697,171.97551,2025-06-13 05:09:04
C00009,166.78,virement,IT,60.002783,-28.187329,2025-05-26 05:26:04
C00061,4385.04,retrait,CN,67.055042,-162.075393,2025-06-10 23:16:04
C00028,3191.04,retrait,FR,68.112457,49.647395,2025-06-13 00:41:04
C00018,861.35,versement,IT,-84.85726,-141.463751,2025-06-05 08:41:04
C00096,3864.57,achat,IT,88.540269,-177.178072,2025-05-22 07:25:04
C00182,1360.45,virement,UK,-84.414992,-152.113159,2025-06-04 03:39:04
C00016,949.33,achat,FR,1.92479,36.794081,2025-05-26 14:23:04
C00106,4232.72,achat,CN,-36.211397,-138.823283,2025-05-19 00:13:04
C00057,4010.68,virement,UK,8.180508,-175.147249,2025-05-20 16:28:04
C00102,243.34,retrait,US,-84.64959,-152.34887,2025-05-22 17:09:04
C00051,931.95,paiement,ES,-14.856329,-21.682581,2025-05-22 17:50:04
C00127,1840.76,retrait,FR,46.23271,14.854586,2025-05-30 18:54:04
C00091,4551.05,paiement,DE,46.495739,64.423734,2025-06-13 05:21:04
C00145,2182.42,achat,ES,-39.20227,10.04277,2025-05-22 23:07:04
C00061,3306.34,virement,ES,60.342193,-151.5743,2025-05-23 11:47:04
C00105,1964.32,versement,JP,-35.087197,158.900141,2025-05-22 20:49:04
C00038,1010.15,achat,UK,27.996166,-68.891037,2025-05-23 07:05:04
C00040,3675.42,virement,FR,-0.39979,34.497531,2025-06-07 13:11:04
C00042,1663.59,versement,JP,-43.626292,20.434614,2025-05-25 15:46:04
C00124,4204.6,achat,DE,12.543421,-102.346372,2025-05-27 12:28:04
C00046,1148.87,retrait,JP,46.963902,96.625347,2025-05-31 13:51:04
C00054,2642.36,achat,IT,52.511811,-8.608989,2025-05-20 02:20:04
C00084,717.67,versement,CN,-8.362024,-171.338262,2025-06-11 05:18:04
C00174,1467.37,paiement,CN,-73.089339,149.731624,2025-06-05 08:45:04
C00121,2519.44,virement,ES,-36.633398,-178.103602,2025-06-07 05:16:04
C00110,1933.39,virement,US,19.76008,131.518402,2025-06-04 11:45:04
C00019,2743.63,virement,FR,-65.862275,178.627064,2025-05-25 21:36:04
C00096,4575.9,virement,US,-86.101467,-43.042789,2025-06-03 03:50:04
C00051,1020.98,achat,US,67.771262,119.723101,2025-06-04 22:30:04
C00021,1559.07,versement,JP,50.330654,65.058253,2025-05-26 03:55:04
C00178,2906.31,paiement,FR,89.782005,81.03147,2025-06-16 08:14:04
C00181,1343.41,paiement,UK,-14.737794,-2.294061,2025-05-27 11:14:04
C00089,1374.85,versement,US,18.08677,-175.459979,2025-06-08 09:54:04
C00078,991.11,achat,US,-12.523213,-59.81461,2025-06-16 14:01:04
C00135,706.42,versement,DE,-11.248114,120.502736,2025-05-20 00:10:04
C00173,4505.03,paiement,JP,-9.377702,-32.214545,2025-06-14 01:38:04
C00107,2947.46,paiement,DE,1.161174,175.688669,2025-06-06 10:17:04
C00141,1860.18,retrait,US,11.392156,15.667064,2025-06-07 03:39:04
C00136,1333.25,virement,US,60.719677,-67.93657,2025-06-07 11:48:04
C00196,152.39,versement,ES,-21.448434,159.605438,2025-05-27 07:41:04
C00111,36.44,retrait,DE,38.132109,69.535246,2025-05-21 13:52:04
C00130,789.39,paiement,UK,-48.08691,108.086237,2025-06-11 06:16:04
C00028,35.95,retrait,FR,53.435973,-96.023849,2025-06-05 12:56:04
C00004,2199.5,versement,ES,66.28405,142.433028,2025-06-15 05:54:04
C00183,3107.35,retrait,US,11.585073,66.060456,2025-05-24 10:30:04
C00097,80.1,achat,FR,-46.223321,6.477533,2025-05-21 21:29:04
C00030,3418.95,retrait,ES,22.969447,93.118512,2025-05-28 04:28:04
C00090,3103.1,achat,CN,-75.238119,-167.711074,2025-05-22 20:20:04
C00012,2537.21,versement,ES,22.376226,24.98305,2025-06-01 19:45:04
C00093,264.61,achat,CN,1.307254,32.855971,2025-06-15 16:29:04
C00141,2367.03,versement,IT,-43.507996,-1.79235,2025-05-25 08:05:04
C00197,3746.55,retrait,FR,56.578902,59.556987,2025-06-13 08:52:04
C00106,2704.39,achat,CN,49.07924,12.857001,2025-06-01 06:49:04
C00014,38.83,versement,JP,-53.669662,-41.127973,2025-05-20 04:59:04
C00054,2840.09,virement,IT,88.99433,91.993943,2025-05-21 14:54:04
C00199,2262.02,virement,IT,70.02831,16.764459,2025-05-18 19:49:04
C00144,4367.42,paiement,IT,72.278332,102.395177,2025-05-19 06:16:04
C00162,4788.22,retrait,ES,45.51875,-167.912906,2025-05-18 14:12:04
C00030,1047.18,retrait,CN,66.966508,80.90887,2025-06-05 12:26:04
C00184,3068.21,achat,CN,-9.620866,-110.113338,2025-05-30 18:15:04
C00069,1435.53,achat,JP,50.794255,101.539496,2025-05-30 13:29:04
C00093,110.89,virement,FR,-83.359832,-46.89704,2025-05-30 16:23:04
C00183,4038.07,versement,CN,68.439584,-158.794363,2025-06-10 04:00:04
C00055,424.1,virement,IT,-89.515897,115.631702,2025-05-28 05:24:04
C00039,3283.94,virement,CN,-72.714491,36.488873,2025-05-20 00:50:04
C00132,639.37,achat,ES,-83.263337,-40.741362,2025-05-29 14:18:04
C00140,3772.69,versement,ES,1.768791,-171.080092,2025-06-10 11:01:04
C00200,4179.63,versement,ES,63.185779,-45.033296,2025-05-19 20:21:04
C00166,128.35,versement,US,-30.647363,28.940245,2025-06-07 10:11:04
C00045,4580.54,retrait,CN,78.274963,-149.063218,2025-05-30 04:55:04
C00124,3676.03,versement,ES,73.059727,119.111402,2025-06-04 21:02:04
C00083,1424.76,retrait,JP,-73.87164,153.154369,2025-05-18 19:08:04
C00120,3554.85,paiement,ES,-78.994884,144.486393,2025-06-05 15:20:04
C00143,1322.71,versement,CN,41.74481,-0.368349,2025-06-01 06:32:04
C00085,4825.79,achat,JP,68.770771,137.782097,2025-06-05 04:33:04
C00008,318.42,achat,IT,30.090103,-42.77599,2025-05-26 00:17:04
C00012,87.63,retrait,FR,-43.660553,3.77926,2025-06-12 17:44:04
C00017,518.05,achat,UK,38.256005,75.240131,2025-06-01 21:17:04
C00077,680.89,virement,UK,-72.807591,141.702551,2025-06-07 18:58:04
C00076,4062.79,paiement,UK,34.689623,86.202587,2025-06-16 15:24:04
C00060,1358.17,virement,FR,-52.975209,112.384479,2025-06-09 14:26:04
C00029,3008.7,paiement,IT,-67.467217,-61.575482,2025-05-30 21:07:04
C00096,1582.97,paiement,ES,-66.787879,26.970513,2025-05-22 19:16:04
C00125,4277.98,versement,ES,-56.311525,-31.796177,2025-06-12 12:28:04
C00069,3758.89,versement,UK,-1.493451,3.096676,2025-05-19 03:14:04
C00027,3873.23,achat,IT,63.647903,118.011246,2025-06-06 08:40:04
C00113,1549.09,virement,JP,-32.102765,80.340125,2025-06-06 04:21:04
C00118,208.82,paiement,ES,79.558439,-139.995451,2025-06-02 15:19:04
C00041,1140.34,versement,FR,-21.340761,142.532025,2025-05-30 10:47:04
C00062,890.8,paiement,US,-55.245948,-144.72537,2025-06-12 14:06:04
C00159,4256.49,versement,UK,-40.64587,-91.158478,2025-05-19 10:40:04
C00108,869.32,retrait,JP,-74.657709,112.259089,2025-06-14 12:08:04
C00195,3180.03,achat,UK,-63.364187,-130.13029,2025-05-27 21:33:04
C00006,242.3,achat,IT,64.071657,65.723745,2025-06-13 18:58:04
C00107,3531.35,paiement,IT,-5.406506,-91.76419,2025-05-23 06:25:04
C00166,1569.28,versement,US,-88.186676,-38.590046,2025-06-10 23:00:04
C00138,571.98,paiement,CN,-12.554839,42.910697,2025-05-28 01:18:04
C00064,4751.3,retrait,DE,-21.980701,-124.481859,2025-05-24 00:28:04
C00034,2896.61,virement,FR,-52.374417,169.942565,2025-05-27 14:43:04
C00111,4587.25,virement,CN,-73.943452,92.137767,2025-06-14 18:01:04
C00163,1536.77,achat,FR,29.513742,131.845114,2025-06-15 15:08:04
C00098,349.63,retrait,UK,8.285192,-153.292002,2025-05-22 11:07:04
C00164,2345.87,virement,CN,6.710691,-105.14853,2025-05-23 23:02:04
C00031,1527.54,virement,FR,-53.431247,-55.087807,2025-05-26 00:45:04
C00200,3122.76,paiement,US,-64.791824,27.904524,2025-05-23 08:06:04
C00090,2802.79,versement,CN,-8.03399,-97.097733,2025-06-13 14:38:04
C00094,1421.06,versement,ES,-9.426738,20.027911,2025-06-08 00:02:04
C00033,1269.53,virement,DE,-0.423276,21.020828,2025-05-22 18:48:04
C00091,2026.92,achat,IT,57.066404,-0.830374,2025-06-06 20:03:04
C00143,1019.19,virement,US,23.870584,-20.589266,2025-06-11 00:39:04
C00050,4780.7,paiement,US,-81.286705,76.340904,2025-05-30 17:44:04
C00075,553.13,virement,IT,63.448568,-152.841395,2025-06-11 17:11:04
C00065,1844.45,paiement,US,77.367707,-45.24077,2025-05-19 22:08:04
C00115,3517.96,paiement,DE,34.403439,-119.159542,2025-05-19 20:47:04
C00041,4705.03,virement,JP,-44.566131,-29.734907,2025-06-05 18:55:04
C00141,4025.89,achat,UK,-10.530406,164.824295,2025-05-26 14:07:04
C00136,3725.41,versement,FR,74.513237,44.936494,2025-06-16 18:12:04
C00078,52.53,paiement,FR,87.63906,28.590589,2025-05-20 04:41:04
C00016,4366.42,retrait,US,-83.932786,-17.380159,2025-05-28 15:32:04
C00159,4667.34,paiement,ES,-16.228165,-49.440079,2025-05-27 21:48:04
C00159,503.93,retrait,UK,-38.259768,-34.53126,2025-06-04 22:56:04
C00117,3542.26,virement,IT,74.091956,178.134006,2025-06-02 03:49:04
C00103,3003.71,paiement,FR,-42.261643,100.302994,2025-05-19 04:50:04
C00148,2706.03,virement,ES,-66.822011,91.129716,2025-06-12 01:08:04
C00080,1755.79,achat,JP,-39.336909,60.641473,2025-06-03 18:01:04
C00036,2389.43,virement,DE,5.227349,159.035854,2025-06-01 14:09:04
C00012,2771.24,paiement,US,-18.922067,111.344718,2025-06-12 10:33:04
C00172,1398.97,retrait,UK,-21.087105,-104.063576,2025-06-02 14:46:04
C00008,1784.46,versement,ES,9.98419,-73.552275,2025-06-16 03:16:04
C00049,467.68,paiement,ES,88.320311,115.320121,2025-06-10 20:06:04
C00151,305.95,virement,FR,-51.77706,116.891703,2025-05-21 22:22:04
C00199,3027.61,versement,ES,-52.708897,163.279321,2025-06-09 11:37:04
C00169,2451.78,virement,UK,64.125227,176.46372,2025-06-01 20:32:04
C00033,3939.58,achat,JP,88.67143,144.724443,2025-05-27 23:42:04
C00036,1273.24,versement,ES,-12.981539,49.043168,2025-05-18 20:41:04
C00127,1414.54,virement,DE,47.433786,-75.344478,2025-05-23 23:31:04
C00137,484.81,virement,FR,63.268281,171.808698,2025-05-28 12:40:04
C00022,110.17,virement,ES,-39.479586,170.616329,2025-06-16 21:48:04
C00178,4406.24,achat,ES,62.331602,-131.058133,2025-05-21 12:33:04
C00170,4704.29,paiement,UK,30.482567,133.366266,2025-05-31 02:00:04
C00180,2212.71,paiement,JP,-71.276596,61.273946,2025-06-06 08:10:04
C00057,909.23,retrait,DE,-12.386348,-80.189516,2025-06-15 09:31:04
C00005,1257.36,retrait,CN,-31.848801,136.424704,2025-05-26 07:30:04
C00060,3513.06,retrait,US,82.437253,46.789058,2025-05-20 04:35:04
C00126,3596.55,virement,FR,-73.572878,98.463156,2025-06-04 11:19:04
C00050,806.49,paiement,IT,19.034755,-23.399909,2025-06-09 19:15:04
C00035,1515.26,paiement,IT,46.621136,-137.315494,2025-05-21 20:36:04
C00020,1432.53,versement,CN,60.851308,-78.971435,2025-06-07 04:28:04
C00012,4914.2,achat,DE,73.216823,-44.452443,2025-06-13 07:30:04
C00135,4903.52,versement,US,-31.659993,-167.842317,2025-06-03 02:18:04
C00054,1547.22,retrait,IT,23.823225,-17.570002,2025-06-08 21:14:04
C00069,4183.04,versement,DE,78.981967,-39.154314,2025-06-09 14:33:04
C00190,4647.1,paiement,US,73.336455,-87.837161,2025-05-29 18:01:04
C00194,4847.53,virement,DE,69.722303,115.772879,2025-05-25 22:48:04
C00169,1112.42,paiement,CN,-67.160091,144.522763,2025-05-27 11:45:04
C00038,316.88,retrait,JP,-71.514279,146.156534,2025-06-13 13:47:04
C00138,4049.54,versement,DE,-87.188934,163.736938,2025-06-12 02:50:04
C00112,3481.52,paiement,DE,37.667477,-155.310377,2025-06-08 09:41:04
C00096,3819.7,paiement,FR,53.214389,-133.574598,2025-05-28 05:49:04
C00081,1445.8,versement,US,-41.289588,141.686924,2025-06-15 11:26:04
C00139,4426.27,virement,US,-14.63143,129.892957,2025-06-06 23:21:04
C00143,4443.16,retrait,US,68.386215,-8.947018,2025-05-28 16:01:04
C00112,3138.72,achat,FR,63.777492,-165.98355,2025-06-10 10:37:04
C00153,312.09,virement,ES,76.328623,116.13728,2025-05-18 04:25:04
C00167,883.09,versement,ES,-73.433709,173.579264,2025-06-05 22:49:04
C00188,3444.22,virement,UK,-65.649233,-59.413711,2025-05-24 04:45:04
C00117,3059.91,paiement,JP,51.698447,-16.634272,2025-06-02 04:09:04
C00105,4792.11,virement,DE,67.01068,113.73132,2025-06-14 22:04:04
C00153,2465.74,versement,IT,-28.547122,172.010705,2025-05-24 04:42:04
C00133,2358.72,versement,IT,-37.842359,-126.602629,2025-05-24 10:28:04
C00111,4059.53,paiement,CN,-8.211762,-66.489715,2025-06-07 23:13:04
C00135,4740.82,virement,ES,-61.36156,-113.976655,2025-06-05 19:07:04
C00173,4717.24,versement,IT,38.168394,160.664737,2025-05-23 22:48:04
C00068,1614.27,versement,JP,67.665494,-132.647893,2025-05-27 11:58:04
C00073,1390.53,achat,CN,26.039177,176.511055,2025-05-30 09:58:04
C00155,3329.95,retrait,JP,-34.037215,-115.215223,2025-05-30 22:52:04
C00152,4674.06,achat,DE,-31.065785,-114.356848,2025-06-07 09:57:04
C00192,4120.34,versement,UK,89.347669,-87.116749,2025-06-15 07:11:04
C00199,4025.08,paiement,CN,-59.514444,179.150662,2025-06-13 10:44:04
C00032,122.94,versement,DE,6.838885,-47.149217,2025-06-10 22:27:04
C00026,4871.99,virement,UK,61.516143,2.702348,2025-05-25 18:27:04
C00180,3780.0,paiement,CN,-68.03431,-65.332262,2025-05-28 09:03:04
C00072,1282.24,virement,CN,-7.208728,-178.430489,2025-05-25 08:27:04
C00193,1144.77,versement,JP,-14.133505,-179.146779,2025-05-19 16:45:04
C00004,664.48,virement,ES,-77.559595,-167.884604,2025-05-26 23:31:04
C00026,786.0,versement,FR,49.97592,175.783025,2025-05-22 21:57:04
C00167,2089.71,paiement,DE,71.622014,166.25544,2025-06-08 11:55:04
C00149,4372.01,achat,FR,23.842412,-79.922509,2025-05-26 00:12:04
C00077,3465.85,achat,DE,48.646567,172.366534,2025-06-10 07:00:04
C00092,2603.68,virement,JP,-59.69598,127.661079,2025-06-16 18:53:04
C00160,2354.79,retrait,US,-59.400576,120.398413,2025-06-05 02:10:04
C00182,4288.03,achat,CN,-88.954236,64.094417,2025-05-24 04:54:04
C00009,3548.76,paiement,DE,-74.601965,54.785838,2025-06-13 21:08:04
C00175,4140.99,paiement,DE,-24.878818,21.753696,2025-05-22 20:13:04
C00030,4606.16,virement,FR,-6.239895,61.648141,2025-05-26 14:17:04
C00065,962.51,paiement,FR,-53.048243,-143.881068,2025-05-25 08:31:04
C00025,4922.56,versement,IT,-36.492139,-58.260623,2025-06-06 16:05:04
C00091,4055.93,versement,UK,-82.771299,64.129667,2025-06-01 18:22:04
C00099,2324.24,virement,IT,-17.191162,-44.08717,2025-06-14 05:19:04
C00074,3894.33,retrait,ES,-51.474689,-34.256918,2025-05-23 08:12:04
C00042,2924.38,retrait,ES,-0.951285,70.542504,2025-05-23 06:35:04
C00196,3045.8,virement,UK,-3.423107,-53.063634,2025-06-10 07:37:04
C00070,84.6,virement,IT,-13.762882,123.848627,2025-05-23 19:43:04
C00113,2830.05,achat,JP,58.314861,-47.921068,2025-06-16 22:14:04
C00155,323.13,retrait,FR,-21.445136,-81.705812,2025-06-15 19:35:04
C00193,1521.6,achat,US,80.914654,-23.178406,2025-06-04 07:52:04
C00002,3275.03,paiement,FR,-22.034547,52.78824,2025-06-05 20:22:04
C00112,4353.57,versement,ES,59.696063,81.660876,2025-05-31 14:10:04
C00173,1145.11,versement,US,-84.79107,-130.11793,2025-06-01 15:30:04
C00153,4504.97,versement,IT,56.196555,21.37592,2025-05-21 08:51:04
C00029,4683.13,virement,IT,68.921227,-137.634582,2025-06-09 12:33:04
C00097,4501.77,achat,DE,-27.328035,-32.882473,2025-05-19 13:26:04
C00013,2225.11,versement,UK,23.037941,126.42186,2025-06-07 02:08:04
C00146,4914.3,achat,CN,-5.251747,-116.851314,2025-05-18 01:00:04
C00071,2881.25,versement,FR,26.31229,27.275088,2025-05-23 12:54:04
C00145,338.84,paiement,UK,-18.594435,-120.728819,2025-06-05 10:34:04
C00155,4632.66,paiement,ES,7.20431,-152.453708,2025-05-27 06:02:04
C00136,3258.09,paiement,DE,-33.846269,-34.956338,2025-06-15 01:06:04
C00108,3792.41,achat,ES,86.100097,-42.304149,2025-06-08 14:20:04
C00139,540.25,retrait,FR,-8.511528,-75.538923,2025-06-13 14:41:04
C00057,164.38,versement,CN,-40.06013,31.263516,2025-06-12 19:46:04
C00194,4185.32,versement,US,20.830968,176.16956,2025-06-01 21:10:04
C00119,1060.92,achat,JP,40.264744,166.572094,2025-06-11 07:43:04
C00080,147.94,retrait,ES,-72.103224,132.176585,2025-05-26 11:25:04
C00130,1761.88,retrait,FR,25.625532,93.590615,2025-05-31 00:33:04
C00194,2911.14,achat,IT,-37.384412,-11.982002,2025-05-21 17:40:04
C00197,1948.75,achat,UK,88.298864,-166.111795,2025-05-31 20:21:04
C00047,1584.36,paiement,US,19.639618,-77.868221,2025-06-10 08:58:04
C00104,3914.18,versement,ES,-15.244153,65.582022,2025-05-21 15:27:04
C00137,4429.6,achat,US,87.110933,-161.486772,2025-06-14 12:46:04
C00193,229.81,paiement,JP,43.291957,-64.975101,2025-06-04 05:41:04
C00117,4180.35,versement,ES,-65.574136,-168.143395,2025-06-13 11:36:04
C00193,2637.37,versement,JP,5.940853,79.675598,2025-05-18 07:04:04
C00119,2091.13,retrait,JP,40.806841,-117.086498,2025-05-24 19:02:04
C00142,1037.78,virement,DE,-44.821038,-42.032424,2025-06-15 11:02:04
C00190,1797.95,retrait,ES,6.935202,-97.772371,2025-05-31 17:33:04
C00032,2571.44,versement,JP,10.593577,49.238332,2025-06-12 07:27:04
C00013,1786.35,retrait,DE,-79.198498,-40.268136,2025-06-06 18:35:04
C00011,290.9,achat,FR,-80.082342,-26.629158,2025-06-06 01:32:04
C00125,347.2,retrait,JP,14.999219,-115.006751,2025-06-03 04:39:04
C00049,3608.48,virement,DE,87.29317,-78.01682,2025-05-20 23:01:04
C00150,4545.69,retrait,CN,17.326771,-161.285032,2025-05-26 09:13:04
C00054,1084.75,achat,CN,-31.097148,-104.739455,2025-06-07 18:10:04
C00164,2155.32,virement,IT,-59.574388,21.043208,2025-05-28 22:14:04
C00153,2880.49,achat,UK,-79.130915,168.479007,2025-06-02 04:43:04
C00172,2571.08,retrait,JP,27.974287,107.065063,2025-05-18 06:46:04
C00030,795.89,paiement,CN,78.420159,-174.588201,2025-06-03 00:12:04
C00084,1765.02,versement,FR,-89.93878,-18.62993,2025-05-21 04:14:04
C00031,262.99,achat,US,-47.265449,83.953834,2025-06-16 00:02:04
C00049,4144.17,versement,US,-53.379546,9.015239,2025-05-26 05:01:04
C00126,4588.48,retrait,JP,-46.671375,74.62474,2025-05-30 06:02:04
C00145,2478.88,paiement,UK,-45.975751,-144.657313,2025-05-31 17:23:04
C00162,1314.25,achat,IT,46.655848,52.451024,2025-05-22 13:55:04
C00097,2143.94,retrait,JP,18.150866,-78.285312,2025-06-07 05:02:04
C00176,3336.48,retrait,UK,83.470105,40.907555,2025-06-10 02:35:04
C00061,587.95,virement,ES,-63.046357,175.6148,2025-06-01 04:05:04
C00152,4448.47,virement,ES,16.122765,-148.807317,2025-05-28 00:44:04
C00072,3258.53,paiement,CN,72.860148,-97.080974,2025-06-12 20:00:04
C00010,356.42,retrait,US,-58.996952,55.797517,2025-05-26 06:24:04
C00115,4269.65,achat,US,-36.996371,158.913901,2025-06-14 14:03:04
C00154,2292.1,achat,ES,56.706432,9.671273,2025-05-25 14:04:04
C00002,3082.63,virement,FR,-81.278133,-21.219642,2025-06-03 11:17:04
C00064,1376.32,virement,US,27.311509,-154.426876,2025-06-10 15:28:04
C00090,3993.18,achat,JP,-1.607135,133.712496,2025-06-07 09:30:04
C00026,1705.68,virement,US,51.880705,-103.590539,2025-06-05 18:52:04
C00098,3738.55,virement,JP,68.767084,-165.502855,2025-05-23 23:58:04
C00116,2708.93,achat,IT,25.113168,49.838485,2025-06-14 02:14:04
C00018,95.19,retrait,ES,77.300815,168.702785,2025-05-19 06:23:04
C00033,4800.84,virement,FR,-5.754293,105.918287,2025-05-30 16:13:04
C00188,4072.28,virement,UK,5.946038,111.274676,2025-05-24 12:42:04
C00193,1825.6,virement,UK,72.273439,173.552024,2025-05-18 18:49:04
C00116,2483.22,versement,DE,89.285848,113.817303,2025-05-31 21:05:04
C00183,126.67,achat,CN,21.300637,-29.173653,2025-05-23 14:42:04
C00066,2467.42,virement,FR,-68.785701,92.14135,2025-06-04 17:32:04
C00033,938.38,versement,CN,-48.370738,150.037604,2025-05-26 12:51:04
C00106,4150.38,paiement,ES,24.019102,-172.718857,2025-05-27 13:14:04
C00006,3060.36,versement,DE,44.390112,-8.056872,2025-06-13 06:13:04
C00004,4111.28,retrait,US,-28.365468,-111.989581,2025-05-25 06:09:04
C00191,3491.32,virement,DE,20.271962,-118.403574,2025-06-10 00:34:04
C00193,4521.83,virement,DE,61.863639,-127.699057,2025-06-13 02:23:04
C00035,1485.69,retrait,IT,20.662371,95.052057,2025-06-15 05:27:04
C00177,4330.31,paiement,UK,44.58194,59.297436,2025-05-24 10:30:04
C00097,594.91,paiement,JP,28.998056,-164.663568,2025-05-19 00:19:04
C00143,4870.77,paiement,IT,-85.708251,-139.171378,2025-05-22 16:38:04
C00056,1782.4,paiement,DE,28.088731,30.792774,2025-05-30 13:25:04
C00057,1880.18,paiement,CN,53.699128,173.683654,2025-05-30 09:49:04
C00069,31.09,versement,JP,-42.994617,-44.951367,2025-06-10 10:12:04
C00149,1753.11,versement,DE,-51.6259,-145.253926,2025-06-07 07:35:04
C00026,4399.77,virement,CN,-63.046409,-47.809342,2025-06-10 00:50:04
C00185,4823.14,achat,IT,79.983448,-176.859182,2025-06-07 04:47:04
C00196,2369.21,achat,US,-13.226986,22.135125,2025-05-23 23:07:04
C00050,3346.01,achat,CN,59.34219,-14.784495,2025-06-06 22:55:04
C00185,707.31,achat,CN,-10.390668,103.342637,2025-06-11 12:11:04
C00085,3800.74,versement,IT,-34.015348,-153.829452,2025-06-14 02:27:04
C00151,4971.68,paiement,DE,-81.929644,79.381544,2025-06-02 20:44:04
C00192,2647.01,versement,JP,83.287693,-20.920018,2025-05-25 03:01:04
C00083,2627.7,achat,FR,-15.007316,-32.1114,2025-06-02 11:29:04
C00195,4947.22,retrait,CN,-38.856998,117.802157,2025-05-31 09:40:04
C00117,1935.88,versement,UK,85.363277,-94.69152,2025-06-15 16:24:04
C00173,3327.86,versement,FR,-15.678459,11.631377,2025-05-19 22:08:04
C00042,3886.88,versement,US,-33.863795,137.295001,2025-06-13 17:21:04
C00179,1387.61,paiement,CN,47.577431,56.319419,2025-06-16 22:26:04
C00163,3143.73,versement,IT,-88.925588,63.471543,2025-06-12 12:15:04
C00103,4999.59,versement,DE,64.323072,-114.772562,2025-05-29 02:13:04
C00094,431.3,versement,JP,-63.799425,-169.195798,2025-06-07 09:31:04
C00190,1478.55,paiement,US,-50.368682,-104.222418,2025-06-13 18:05:04
C00196,3602.66,paiement,DE,-23.355579,-169.373407,2025-05-22 05:31:04
C00117,3648.49,virement,FR,-50.299973,-38.807028,2025-05-18 10:44:04
C00112,2738.93,versement,UK,-78.203256,71.782539,2025-06-03 11:40:04
C00078,4571.49,virement,ES,-24.968718,-117.880864,2025-06-13 10:16:04
C00151,4045.2,versement,IT,-74.523482,86.815039,2025-05-21 14:07:04
C00062,2073.41,virement,IT,29.821465,43.43316,2025-05-23 00:39:04
C00180,594.61,paiement,DE,-52.191049,-0.568104,2025-05-24 22:02:04
C00053,2987.06,paiement,US,76.598762,-59.123138,2025-05-18 00:35:04
C00153,2032.75,achat,US,81.423175,-118.617663,2025-05-25 18:40:04
C00105,4903.85,achat,IT,63.417693,-43.764325,2025-05-23 23:48:04
C00036,4378.51,achat,ES,-7.403154,174.628091,2025-05-29 11:53:04
C00138,1868.68,virement,IT,2.905976,-149.228052,2025-06-08 21:50:04
C00147,4191.71,virement,IT,-33.512195,22.508629,2025-06-04 18:17:04
C00018,2887.88,paiement,IT,-64.011809,-146.948086,2025-06-01 21:17:04
C00157,4468.2,paiement,ES,10.005253,74.863697,2025-06-11 06:08:04
C00177,3891.15,retrait,FR,-0.831541,133.793646,2025-05-20 07:44:04
C00117,3902.56,paiement,US,-20.144382,145.394707,2025-06-07 08:39:04
C00061,2990.43,achat,JP,70.94139,-146.993085,2025-06-12 21:32:04
C00008,1842.52,paiement,US,44.273027,20.114586,2025-06-10 22:23:04
C00043,4803.67,achat,IT,14.883576,15.190757,2025-05-30 19:21:04
C00166,2971.77,versement,JP,-53.847468,9.43924,2025-06-11 16:37:04
C00146,982.33,versement,CN,-56.944727,109.034711,2025-05-23 04:33:04
C00200,3475.83,achat,DE,-77.60033,44.09425,2025-05-28 16:35:04
C00200,930.37,versement,CN,27.569763,-11.668851,2025-05-28 05:32:04
C00087,3175.13,retrait,US,69.129493,-121.489452,2025-06-03 15:29:04
C00121,1660.55,achat,UK,41.322956,-103.638587,2025-05-18 04:19:04
C00061,906.75,versement,CN,71.212179,-141.786413,2025-05-29 10:48:04
C00143,4403.16,paiement,US,7.321532,89.613949,2025-05-20 07:16:04
C00103,2503.33,retrait,US,-11.504884,150.789133,2025-05-28 23:25:04
C00110,3284.9,achat,JP,-50.331226,-167.233681,2025-06-10 08:07:04
C00175,1182.74,virement,US,-79.073217,-68.185065,2025-06-16 05:53:04
C00135,1477.4,versement,UK,41.971117,-45.533728,2025-05-25 02:02:04
C00078,2016.2,virement,CN,44.893893,-62.163772,2025-06-04 20:48:04
C00029,1469.12,achat,FR,-24.541841,-117.138488,2025-05-27 10:48:04
C00122,2324.44,retrait,UK,-59.114793,125.172649,2025-06-12 17:52:04
C00057,3297.16,paiement,JP,6.784417,96.742257,2025-06-01 13:03:04
C00027,344.09,versement,JP,-16.483411,-122.104188,2025-05-30 06:09:04
C00051,1442.19,retrait,IT,31.311448,-116.65318,2025-05-27 10:50:04
C00084,4812.21,retrait,US,-77.613315,-172.328526,2025-06-12 14:42:04
C00187,1121.36,paiement,UK,10.325004,-93.08073,2025-06-13 09:38:04
C00198,3380.02,versement,FR,-16.393676,139.082549,2025-06-05 13:19:04
C00065,1897.79,paiement,CN,37.423952,-131.314769,2025-06-09 13:51:04
C00017,2300.41,retrait,ES,-20.058797,66.589904,2025-05-19 14:57:04
C00153,429.27,versement,IT,-26.29907,-108.288883,2025-06-09 18:23:04
C00071,4500.69,retrait,ES,-62.065387,171.907761,2025-05-23 00:31:04
C00178,2235.14,retrait,ES,-68.699164,82.654194,2025-05-31 10:58:04
C00090,2253.65,retrait,JP,-47.243148,96.604839,2025-06-15 11:22:04
C00119,2636.55,paiement,IT,33.270262,-69.745955,2025-06-15 14:35:04
C00197,1881.69,retrait,UK,-87.947931,-138.66405,2025-05-18 22:45:04
C00154,4319.34,paiement,ES,-89.3311,-116.625411,2025-05-28 23:50:04
C00189,2056.28,retrait,IT,-34.213717,175.284619,2025-05-27 03:57:04
C00123,2913.76,virement,CN,12.643104,168.944599,2025-05-18 02:13:04
C00183,2689.48,paiement,US,-14.808675,-162.849614,2025-05-27 12:32:04
C00094,2012.0,versement,FR,-3.494694,-153.968544,2025-06-13 12:41:04
C00026,2906.24,retrait,IT,57.654833,132.888065,2025-05-18 07:22:04
C00126,868.64,retrait,CN,42.134473,-156.572152,2025-06-12 09:08:04
C00064,3513.13,paiement,CN,-24.836889,107.847934,2025-06-04 19:37:04
C00025,4180.21,versement,JP,36.574817,-100.052992,2025-06-13 11:24:04
C00110,4231.24,retrait,ES,9.519159,-77.492519,2025-05-18 07:04:04
C00148,303.5,versement,JP,-25.675661,-27.938226,2025-05-31 12:43:04
C00128,221.33,paiement,UK,-78.71213,-112.725318,2025-05-23 17:29:04
C00163,2381.71,achat,UK,35.643471,-77.465289,2025-06-12 09:52:04
C00113,2065.27,retrait,UK,40.47266,-88.892724,2025-06-12 13:29:04
C00047,3880.13,versement,UK,52.96595,-41.720291,2025-05-28 02:29:04
C00048,3641.36,paiement,UK,-84.92575,-10.397523,2025-06-04 20:45:04
C00023,4734.39,retrait,DE,-28.734051,-58.818293,2025-05-24 01:03:04
C00093,1047.67,retrait,ES,23.175317,67.028888,2025-05-25 20:06:04
C00131,3784.18,achat,UK,-67.62593,170.598385,2025-06-03 14:46:04
C00066,3872.83,paiement,ES,-14.050808,-17.994537,2025-05-25 04:43:04
C00178,1392.2,versement,UK,68.546273,62.993119,2025-06-05 14:39:04
C00023,3524.36,achat,FR,-17.332088,15.053232,2025-05-19 21:23:04
C00196,2263.41,achat,CN,-47.866141,-62.950555,2025-06-05 07:48:04
C00078,1718.2,paiement,ES,-38.204428,59.115987,2025-06-10 11:27:04
C00013,107.54,virement,ES,60.993417,-50.268151,2025-06-09 23:50:04
C00127,4908.86,retrait,CN,-53.408336,-40.801467,2025-06-14 13:31:04
C00028,2179.88,paiement,IT,59.922368,147.872376,2025-05-27 04:33:04
C00088,1819.0,versement,DE,67.557101,83.928554,2025-06-04 05:27:04
C00018,3443.16,versement,US,30.97067,-178.557188,2025-05-30 19:00:04
C00101,346.98,achat,CN,-26.984523,7.548884,2025-05-26 23:40:04
C00137,2538.15,retrait,CN,3.251134,157.539917,2025-06-01 15:01:04
C00113,2372.06,retrait,ES,69.944784,110.887081,2025-06-14 12:01:04
C00063,127.31,achat,ES,87.424828,-141.245011,2025-06-10 03:36:04
C00039,2806.07,paiement,CN,68.421844,-127.058171,2025-05-29 16:13:04
C00167,3550.88,paiement,FR,-55.248355,-51.829152,2025-05-25 11:46:04
C00005,1833.26,retrait,ES,86.346488,110.498893,2025-06-03 00:08:04
C00016,422.53,virement,UK,-70.233035,-158.4311,2025-06-02 20:37:04
C00036,1569.95,retrait,IT,6.45494,29.79429,2025-05-29 01:26:04
C00085,3033.14,virement,UK,88.806589,-122.096353,2025-05-31 01:21:04
C00003,4624.43,achat,DE,22.044173,-66.332728,2025-06-02 14:53:04
C00144,3145.73,virement,IT,38.25969,-148.936831,2025-06-16 16:01:04
C00016,1288.34,achat,IT,66.48266,82.111382,2025-06-13 04:24:04
C00089,4873.61,retrait,IT,75.629354,103.564221,2025-05-20 03:02:04
C00150,1440.62,retrait,IT,-32.713668,22.832235,2025-05-29 22:40:04
C00042,3324.88,virement,CN,-0.853153,-44.37333,2025-06-05 13:14:04
C00188,1720.59,achat,CN,-46.301225,-78.910944,2025-06-11 13:10:04
C00151,3100.5,retrait,UK,65.882601,26.551218,2025-05-26 05:43:04
C00083,283.88,achat,IT,-1.012065,-136.271723,2025-06-07 23:25:04
C00193,4820.69,virement,US,21.264832,76.175471,2025-06-06 14:31:04
C00136,3777.52,virement,ES,-60.800484,22.618429,2025-06-15 10:33:04
C00184,1055.08,versement,CN,-46.726421,78.343755,2025-06-05 09:04:04
C00170,3149.66,versement,FR,-44.689209,26.937719,2025-05-31 00:57:04
C00103,2016.37,virement,US,53.280619,142.977293,2025-06-06 08:45:04
C00004,1459.07,retrait,US,-10.132882,1.945642,2025-06-10 22:10:04
C00198,3652.69,paiement,ES,58.438642,130.416667,2025-06-04 15:38:04
C00170,4143.82,paiement,UK,-65.919324,40.93602,2025-06-09 19:01:04
C00087,3325.66,virement,UK,44.100512,82.986869,2025-06-02 02:46:04
C00122,3998.74,retrait,UK,-40.361662,92.988489,2025-05-30 22:59:04
C00088,4140.11,achat,CN,83.003483,-10.57942,2025-06-11 05:18:04
C00002,917.83,retrait,ES,56.905698,94.878306,2025-06-08 16:32:04
C00088,1670.0,achat,FR,-87.715556,-113.551264,2025-05-24 08:59:04
C00125,2942.05,versement,CN,10.815159,82.902925,2025-05-26 06:14:04
C00162,674.5,versement,ES,63.907591,-31.493078,2025-06-10 04:09:04
C00131,3578.28,paiement,CN,28.309774,27.799345,2025-05-22 10:50:04
C00131,4995.0,paiement,CN,-81.370571,40.908167,2025-05-25 00:28:04
C00077,2016.68,versement,JP,58.883966,-97.476927,2025-06-03 16:25:04
C00031,4446.73,achat,IT,-22.662438,23.770202,2025-05-29 22:56:04
C00071,3257.39,achat,FR,8.759667,-125.239646,2025-06-05 21:21:04
C00058,3966.95,virement,IT,44.297425,-3.494198,2025-06-09 00:26:04
C00164,4340.64,versement,JP,-57.931119,163.766675,2025-06-09 16:58:04
C00192,2746.53,retrait,IT,-61.718469,-134.930402,2025-05-29 12:59:04
C00020,4930.93,virement,ES,-72.58896,172.458047,2025-05-23 19:54:04
C00141,4463.34,versement,JP,81.790114,57.077654,2025-05-23 20:54:04
C00006,1317.78,virement,FR,-68.775487,-109.439916,2025-05-25 06:07:04
C00081,177.54,virement,IT,26.356892,0.780048,2025-05-25 13:18:04
C00050,3504.29,retrait,CN,-11.547969,-178.012111,2025-06-01 00:33:04
C00043,961.68,achat,DE,35.254127,-157.345333,2025-06-09 12:22:04
C00173,2930.06,paiement,DE,-28.499901,-137.788541,2025-05-30 09:40:04
C00135,2298.25,versement,IT,-31.802831,-63.831908,2025-06-11 08:39:04
C00096,3969.89,retrait,US,64.102535,92.211786,2025-05-24 12:53:04
C00177,514.55,retrait,CN,-34.888465,48.927564,2025-05-18 20:09:04
C00097,505.24,versement,DE,35.78455,53.963561,2025-05-28 12:51:04
C00145,4402.61,retrait,DE,-1.461696,-163.600524,2025-06-05 15:59:04
C00005,2927.59,retrait,UK,-16.9037,-27.460763,2025-06-07 15:27:04
C00163,531.53,achat,UK,16.205513,-169.437966,2025-06-03 14:23:04
C00067,4021.49,retrait,UK,-45.401826,97.901921,2025-06-02 17:59:04
C00037,4931.02,versement,UK,-64.066943,-56.074334,2025-05-21 19:40:04
C00199,3361.14,versement,IT,52.209981,-0.917809,2025-05-31 09:55:04
C00175,4298.06,virement,ES,-56.016982,-146.520247,2025-05-20 23:48:04
C00042,4268.67,retrait,IT,-25.901387,-76.604618,2025-05-29 08:53:04
C00085,3479.25,paiement,UK,-12.925287,-108.712714,2025-06-13 12:22:04
C00004,914.41,retrait,IT,-84.943234,-103.575162,2025-05-26 08:33:04
C00131,4194.06,achat,US,-10.203649,-109.54212,2025-06-10 17:28:04
C00030,467.88,retrait,FR,-84.252656,-5.48292,2025-05-19 05:57:04
C00009,2203.41,virement,CN,-14.610511,-24.361743,2025-06-13 21:24:04
C00160,1800.24,versement,JP,-10.740192,34.88052,2025-06-04 18:09:04
C00152,526.08,virement,DE,10.815824,-16.749615,2025-06-09 00:47:04
C00065,2350.8,virement,CN,-65.130189,-116.094656,2025-06-16 17:33:04
C00059,745.21,retrait,US,62.708662,-153.736161,2025-06-15 17:54:04
C00076,3954.65,versement,IT,80.040982,87.826775,2025-06-14 01:30:04
C00108,1060.12,paiement,FR,-51.880437,-16.520058,2025-06-14 22:36:04
C00092,3014.6,virement,DE,58.636182,22.365517,2025-06-16 00:23:04
C00103,2847.51,retrait,ES,64.451979,-19.496119,2025-05-23 01:56:04
C00160,3413.52,achat,UK,70.302882,-113.03814,2025-05-20 11:19:04
C00011,614.57,retrait,ES,40.851721,156.604598,2025-05-31 13:09:04
C00157,1881.17,achat,US,-54.322474,99.287022,2025-05-24 23:01:04
C00092,2463.45,achat,DE,21.358514,-5.585887,2025-06-12 05:27:04
C00118,4970.84,achat,DE,9.184525,92.777573,2025-06-04 13:59:04
C00038,915.13,achat,CN,-81.583566,-157.884876,2025-06-02 15:22:04
C00025,2759.27,virement,IT,54.035262,2.331274,2025-05-19 11:09:04
C00076,1340.13,virement,DE,-50.313347,65.478635,2025-05-18 18:37:04
C00072,2969.55,virement,CN,-57.784428,-10.617253,2025-05-18 00:07:04
C00094,1659.23,virement,FR,0.099349,29.044139,2025-05-21 01:22:04
C00110,211.22,virement,JP,35.705068,72.495403,2025-05-30 15:26:04
C00136,3788.49,paiement,UK,-49.436585,-83.349179,2025-06-12 11:25:04
C00074,2654.57,retrait,US,26.107796,-109.37714,2025-05-26 22:29:04
C00099,2140.65,virement,JP,88.525662,-18.909129,2025-06-07 11:59:04
C00136,1488.5,retrait,CN,-89.200707,-125.752067,2025-06-03 14:19:04
C00007,2871.04,achat,IT,-35.721723,-63.214172,2025-06-11 12:33:04
C00175,2398.19,retrait,IT,-72.279652,-91.779727,2025-05-22 07:32:04
C00076,2656.51,versement,ES,-67.843986,-179.848013,2025-06-02 04:07:04
C00105,1143.21,versement,JP,-68.48317,-138.689179,2025-06-01 21:35:04
C00167,3174.75,versement,IT,-81.078893,132.531009,2025-05-31 11:25:04
C00072,1447.37,versement,UK,-54.402424,97.209682,2025-05-30 04:31:04
C00067,1471.19,virement,IT,-59.466792,51.782048,2025-05-19 03:13:04
C00052,2207.25,achat,US,74.708761,-160.027659,2025-05-29 23:33:04
C00162,4680.6,paiement,US,57.187193,11.073177,2025-06-05 15:34:04
C00048,4341.22,retrait,ES,11.183367,-76.186748,2025-06-03 20:49:04
C00157,300.19,achat,US,-66.440847,-31.133406,2025-05-25 06:52:04
C00126,4950.46,versement,DE,85.352902,128.205891,2025-06-05 12:56:04
C00189,2880.25,retrait,US,17.823079,32.382265,2025-06-04 16:25:04
C00144,98.46,retrait,CN,70.568172,-120.67419,2025-06-07 16:39:04
C00004,4992.2,retrait,DE,-66.891651,-97.378005,2025-06-02 06:04:04
C00179,1030.42,versement,IT,48.992881,6.806142,2025-05-24 17:46:04
C00171,1082.09,paiement,IT,-44.68676,172.07027,2025-06-01 10:53:04
C00090,4965.61,achat,ES,-26.560486,-168.416113,2025-06-02 02:38:04
C00178,1169.11,achat,JP,-81.270273,121.586356,2025-06-01 10:56:04
C00142,4800.42,paiement,JP,-68.921556,-40.24997,2025-06-07 12:27:04
C00153,3603.62,paiement,DE,-4.891872,73.836976,2025-05-26 18:39:04
C00118,464.94,retrait,DE,-70.138174,-94.301714,2025-06-10 21:09:04
C00021,1596.68,paiement,JP,54.742768,67.33692,2025-06-05 00:19:04
C00176,1575.57,paiement,DE,-51.083735,51.28495,2025-05-21 00:55:04
C00031,1076.42,versement,ES,61.461371,53.328679,2025-06-16 19:17:04
C00096,2884.57,versement,IT,-74.041111,172.608118,2025-06-11 06:48:04
C00087,2569.34,retrait,US,-77.678766,6.329508,2025-05-23 10:06:04
C00050,4504.68,retrait,US,-30.58938,-74.713075,2025-06-08 13:59:04
C00003,481.84,achat,FR,-0.411756,77.750437,2025-05-23 15:37:04
C00058,3197.62,paiement,IT,86.474147,-57.348118,2025-05-24 17:02:04
C00061,1973.96,retrait,JP,63.277588,114.002148,2025-06-01 17:56:04
C00150,1868.29,paiement,FR,26.154246,176.55921,2025-05-31 03:58:04
C00144,2534.72,virement,ES,-24.874587,33.480248,2025-06-09 13:55:04
C00112,2989.51,achat,US,-24.844488,-137.789383,2025-06-13 20:38:04
C00076,188.37,achat,FR,-87.156828,-5.28448,2025-06-08 08:14:04
C00176,824.5,paiement,CN,61.544629,67.779786,2025-05-21 05:50:04
C00184,3929.06,achat,FR,57.964743,84.869295,2025-06-02 18:29:04
C00101,2774.73,achat,ES,-12.805051,177.793988,2025-05-30 13:59:04
C00128,2367.86,paiement,CN,-24.218921,-18.828127,2025-06-07 19:52:04
C00076,3212.35,retrait,FR,20.988207,0.336887,2025-05-28 00:46:04
C00174,582.86,retrait,FR,-11.346965,-41.544983,2025-06-02 14:11:04
C00008,3461.0,paiement,FR,-4.715903,-146.544839,2025-06-06 12:20:04
C00098,3379.35,versement,JP,-5.021791,-80.702725,2025-06-12 22:53:04
C00153,2853.52,achat,ES,-8.071547,-126.659407,2025-06-05 04:17:04
C00093,3680.31,retrait,UK,81.161545,14.556057,2025-06-15 00:39:04
C00058,1646.26,retrait,DE,69.303793,-155.244276,2025-06-10 17:27:04
C00147,4030.24,retrait,IT,17.772534,-158.258822,2025-05-20 15:35:04
C00026,1054.2,retrait,CN,-25.952096,-172.511068,2025-06-05 13:19:04
C00136,3661.46,versement,US,-86.656419,-78.425034,2025-06-07 19:27:04
C00113,3970.5,retrait,JP,16.714719,-30.869324,2025-05-22 07:16:04
C00159,4357.73,versement,CN,49.332897,-105.096924,2025-06-16 08:04:04
C00192,936.81,retrait,JP,69.866353,-7.544763,2025-05-23 10:17:04
C00051,2993.47,paiement,JP,76.462973,70.849569,2025-06-13 20:31:04
C00060,3416.42,achat,CN,58.563613,172.66397,2025-05-30 15:24:04
C00135,601.85,versement,ES,51.594672,125.782883,2025-05-30 22:44:04
C00108,4737.19,paiement,FR,-23.288274,3.170836,2025-06-07 04:03:04
C00119,2448.36,retrait,JP,-71.127078,95.599336,2025-05-27 14:39:04
C00008,4486.35,retrait,JP,32.661673,94.465132,2025-05-27 10:30:04
C00175,3911.88,versement,FR,-6.790847,76.985849,2025-05-24 06:27:04
C00053,4313.14,versement,FR,-12.315233,74.249406,2025-06-10 23:59:04
C00129,3109.39,versement,IT,-88.549209,42.406114,2025-05-29 12:26:04
C00125,179.55,achat,UK,50.254157,-176.219166,2025-05-30 08:09:04
C00090,4379.34,retrait,JP,4.372572,24.420024,2025-05-27 19:44:04
C00122,4460.72,versement,ES,56.435967,55.303547,2025-06-04 15:06:04
C00047,1479.1,retrait,DE,65.079028,-80.504333,2025-06-15 16:13:04
C00013,353.75,achat,IT,54.604489,44.316259,2025-05-30 21:12:04
C00125,1484.48,achat,DE,11.356239,-59.431079,2025-05-25 09:58:04
C00067,1178.03,versement,DE,-72.298648,168.829673,2025-05-29 06:26:04
C00149,4939.93,retrait,UK,33.994079,-56.831845,2025-05-29 08:40:04
C00060,2905.73,achat,JP,-71.114577,141.974713,2025-05-21 21:16:04
C00198,2148.89,virement,FR,-75.97024,46.753853,2025-06-08 09:41:04
C00147,2027.1,retrait,US,-13.079114,-168.835615,2025-05-22 15:02:04
C00028,620.87,virement,CN,-16.31198,17.503683,2025-06-03 19:12:04
C00191,4461.44,retrait,IT,-50.55214,-171.259309,2025-05-28 18:25:04
C00049,2185.84,paiement,US,-30.340626,116.558186,2025-06-09 03:37:04
C00186,4497.18,retrait,UK,42.333266,-99.104357,2025-06-16 21:25:04
C00187,1622.58,versement,DE,31.318617,50.896631,2025-06-15 10:45:04
C00126,974.86,paiement,DE,10.521477,152.000625,2025-06-05 06:49:04
C00065,3226.63,retrait,IT,48.534792,65.701692,2025-06-08 16:34:04
C00054,3488.69,retrait,UK,-60.789757,112.371265,2025-06-09 17:07:04
C00153,325.42,paiement,IT,17.934556,170.249834,2025-05-18 23:53:04
C00051,1982.9,retrait,ES,74.484388,91.736881,2025-05-24 04:05:04
C00040,2880.5,retrait,US,57.648031,-92.780474,2025-05-24 02:21:04
C00018,4456.88,retrait,ES,28.968973,-157.001926,2025-06-11 12:49:04
C00177,2778.6,retrait,FR,-81.058436,44.698577,2025-05-27 08:56:04
C00007,3299.04,virement,US,-0.487692,-117.151752,2025-05-31 13:24:04
C00176,482.33,virement,US,-73.133856,-146.861927,2025-05-29 01:43:04
C00050,458.71,paiement,IT,-27.60283,-2.579307,2025-05-23 09:27:04
C00104,4889.5,retrait,US,18.024626,63.393508,2025-05-25 14:38:04
C00123,2969.53,retrait,UK,-55.155518,25.339152,2025-06-06 02:56:04
C00126,3712.21,achat,US,67.797005,160.482757,2025-05-23 05:06:04
C00199,2752.86,versement,FR,-30.354444,-53.555002,2025-06-11 19:14:04
C00015,4484.75,achat,UK,86.248444,65.017003,2025-06-06 08:25:04
C00025,220.6,versement,IT,-74.382132,-77.142533,2025-06-10 23:04:04
C00053,3084.11,versement,FR,23.604333,-141.321394,2025-06-07 10:59:04
C00187,3744.35,retrait,DE,27.081741,93.523603,2025-05-26 05:01:04
C00104,4267.33,virement,IT,21.310464,-59.332836,2025-06-16 14:40:04
C00102,2834.07,versement,IT,-27.624763,168.040779,2025-06-03 17:24:04
C00166,3297.13,virement,CN,-2.475704,-54.834149,2025-06-15 23:22:04
C00045,3823.1,achat,UK,-39.843733,69.769262,2025-06-06 04:12:04
C00127,2672.26,achat,US,29.962553,-4.862414,2025-05-30 08:55:04
C00046,4423.19,virement,CN,24.049776,68.70586,2025-05-21 12:05:04
C00088,2311.62,versement,ES,-74.63157,-39.378614,2025-06-16 06:42:04
C00049,1223.62,achat,DE,-13.272118,-67.57942,2025-06-12 00:06:04
C00194,1381.87,paiement,JP,-86.17012,5.765034,2025-06-14 00:55:04
C00046,1654.13,virement,FR,-48.736106,-109.841749,2025-06-02 10:05:04
C00099,747.78,achat,DE,34.094418,-147.109384,2025-05-20 03:24:04
C00006,2549.2,paiement,DE,20.037569,-16.795291,2025-06-02 00:24:04
C00180,2804.78,achat,US,-18.146729,-73.47452,2025-06-16 17:04:04
C00114,393.27,versement,CN,54.375911,83.296555,2025-05-22 21:04:04
C00160,495.95,versement,US,-57.967259,5.335198,2025-06-14 07:59:04
C00097,100.4,versement,US,38.020691,-114.556371,2025-06-09 03:54:04
C00053,4491.11,achat,JP,-33.093868,-58.854816,2025-06-12 22:35:04
C00095,4316.15,versement,DE,87.832581,73.210739,2025-05-28 14:41:04
C00083,3286.29,retrait,IT,-60.64633,-0.427156,2025-05-23 20:44:04
C00020,3645.04,versement,IT,12.291532,75.27446,2025-06-05 23:39:04
C00192,2327.9,virement,UK,67.021863,175.531594,2025-06-03 21:24:04
C00028,884.06,versement,ES,-73.291682,14.90486,2025-05-22 19:52:04
C00026,2962.96,retrait,US,-49.288622,3.341032,2025-05-22 16:20:04
C00142,2588.11,paiement,US,-25.591471,84.125289,2025-05-27 18:58:04
C00194,1343.65,paiement,CN,-64.338005,125.884677,2025-05-29 20:32:04
C00089,3857.16,paiement,FR,-66.621716,168.328079,2025-06-06 17:49:04
C00159,2933.37,retrait,ES,-42.902458,-174.855218,2025-05-21 09:12:04
C00080,4893.52,retrait,CN,-79.413959,87.884107,2025-06-09 06:17:04
C00016,3595.45,versement,CN,-52.747054,149.661157,2025-05-27 20:15:04
C00062,1538.4,paiement,US,-85.134425,-31.575651,2025-06-09 01:23:04
C00133,499.07,versement,FR,73.087256,-51.111532,2025-05-24 00:21:04
C00184,1076.1,retrait,US,-36.43205,25.250363,2025-05-28 21:19:04
C00078,16.46,virement,JP,-66.319964,-100.448321,2025-05-30 16:46:04
C00090,2352.35,versement,JP,-49.348539,155.366482,2025-05-31 23:53:04
C00144,287.61,achat,DE,-33.853849,-90.996737,2025-06-15 05:57:04
C00045,3429.25,achat,UK,6.786362,17.243844,2025-06-05 16:11:04
C00032,2424.58,retrait,UK,-72.826773,-50.181552,2025-06-01 22:21:04
C00060,4377.68,virement,US,-65.226899,53.504074,2025-06-05 09:59:04
C00007,3574.38,achat,CN,-28.207454,-154.054815,2025-05-20 07:19:04
C00114,3315.32,versement,ES,17.156605,156.846092,2025-06-15 10:58:04
C00144,2426.0,achat,UK,-44.916603,7.216692,2025-06-06 05:33:04
C00051,3743.24,paiement,ES,0.95056,45.163043,2025-05-21 11:28:04
C00101,4243.54,versement,FR,-88.437883,-78.898767,2025-06-07 06:10:04
C00017,2145.17,virement,FR,-73.801397,69.486273,2025-05-19 23:26:04
C00033,2192.35,retrait,CN,-58.875416,-176.810093,2025-06-01 20:53:04
C00181,3630.41,retrait,FR,17.627005,76.823633,2025-06-11 17:53:04
C00151,4343.42,achat,JP,-5.347434,40.654642,2025-05-20 12:31:04
C00109,2475.19,versement,UK,15.606131,-158.92378,2025-06-14 11:07:04
C00062,4927.74,versement,CN,-51.778741,140.088568,2025-05-19 10:58:04
C00105,3448.57,versement,IT,14.499593,17.724262,2025-05-22 10:16:04
C00009,4427.6,retrait,US,47.987245,-105.774419,2025-05-25 00:38:04
C00175,2543.93,virement,UK,62.925091,114.514314,2025-06-13 23:03:04
C00125,3247.28,achat,CN,47.947864,93.196117,2025-06-03 00:01:04
C00121,1740.16,achat,JP,0.914339,-67.141819,2025-06-05 09:27:04
C00002,3495.47,paiement,UK,73.100557,153.735118,2025-06-03 09:52:04
C00147,4639.19,retrait,IT,-74.107561,-80.86229,2025-05-19 14:52:04
C00006,2776.81,virement,JP,-31.69792,144.323155,2025-05-23 06:55:04
C00011,238.08,virement,DE,-51.171605,27.533831,2025-06-15 05:14:04
C00119,4219.09,paiement,FR,-39.144152,-23.065529,2025-06-07 11:53:04
C00010,3055.67,versement,FR,-45.038095,52.450065,2025-05-20 09:19:04
C00001,1456.59,virement,US,-64.529043,-73.303536,2025-05-22 11:20:04
C00094,4742.56,virement,IT,73.975497,-95.102694,2025-06-03 03:43:04
C00189,2733.28,retrait,JP,26.186905,97.847314,2025-06-12 18:29:04
C00011,1243.73,paiement,JP,13.847209,44.892509,2025-06-09 01:58:04
C00120,2187.52,versement,FR,67.480587,-101.606765,2025-06-07 14:05:04
C00135,392.54,achat,US,-44.072432,127.069168,2025-06-02 03:15:04
C00010,3997.01,retrait,ES,-14.206693,158.721322,2025-05-18 01:40:04
C00162,147.37,virement,CN,-59.640329,160.345334,2025-06-06 23:50:04
C00029,1781.34,retrait,DE,-73.862583,-125.131909,2025-05-18 14:49:04
C00038,2132.63,virement,IT,-30.993911,125.448652,2025-06-04 00:57:04
C00038,3485.06,paiement,US,-78.843245,60.795136,2025-06-09 01:29:04
C00028,1808.61,versement,US,32.463911,97.818112,2025-06-10 20:55:04
C00139,2129.54,versement,IT,35.971171,32.635478,2025-06-03 18:27:04
C00115,2669.85,versement,UK,-15.168662,62.048877,2025-05-19 19:14:04
C00176,1342.66,versement,UK,24.485644,-104.180841,2025-06-11 12:22:04
C00052,3080.41,virement,IT,42.726465,-142.311776,2025-05-27 03:29:04
C00067,288.08,achat,DE,-75.131408,-91.980625,2025-05-30 06:42:04
C00124,1925.9,versement,ES,1.563469,-52.353972,2025-06-10 19:33:04
C00177,4686.18,versement,DE,-35.577597,-84.379063,2025-06-13 06:51:04
C00039,773.37,paiement,FR,-47.543281,-44.292403,2025-05-22 14:04:04
C00020,3375.59,retrait,FR,-36.180084,-32.033029,2025-06-01 08:19:04
C00145,4911.14,versement,FR,42.545208,39.177898,2025-06-12 01:44:04
C00129,2021.22,achat,FR,-87.374125,-33.664784,2025-05-25 11:30:04
C00108,2580.33,retrait,IT,-34.718782,-173.174024,2025-06-05 05:00:04
C00193,3652.44,paiement,FR,83.499443,-39.520624,2025-05-28 10:03:04
C00058,2452.58,versement,ES,-17.280989,163.260307,2025-05-24 20:18:04
C00072,4952.27,virement,ES,-87.139296,85.020093,2025-05-23 13:00:04
C00062,1784.17,paiement,UK,5.024215,178.684556,2025-06-09 05:30:04
C00059,3630.82,achat,UK,-64.344411,112.135585,2025-06-10 00:33:04
C00092,4088.77,virement,JP,78.141911,11.932186,2025-05-26 04:12:04
C00184,2888.45,versement,US,85.449931,40.561389,2025-06-07 23:11:04
C00170,3241.75,versement,US,-18.243308,-130.158534,2025-05-30 07:42:04
C00107,3473.6,paiement,IT,-2.621118,-152.48126,2025-05-20 04:45:04
C00051,2933.23,achat,US,65.124676,-145.350185,2025-06-01 17:04:04
C00174,956.81,achat,UK,-63.2821,-172.23341,2025-05-29 04:59:04
C00132,930.73,achat,ES,-27.60628,106.575964,2025-05-24 13:59:04
C00142,3318.75,virement,DE,-70.920579,-41.017472,2025-06-10 20:47:04
C00093,1987.03,virement,IT,-66.600241,4.385755,2025-06-10 20:50:04
C00058,1617.47,achat,ES,79.165216,40.551749,2025-06-08 06:41:04
C00122,783.15,retrait,FR,32.375228,-146.936875,2025-06-10 23:44:04
C00163,3258.35,achat,CN,48.186601,-142.078687,2025-05-29 04:31:04
C00197,4979.95,achat,ES,3.9403,101.584523,2025-05-21 23:28:04
C00162,857.11,retrait,CN,63.632874,-21.858421,2025-05-23 04:05:04
C00161,4178.22,achat,IT,7.253768,-110.243959,2025-06-11 11:41:04
C00002,1043.3,versement,US,78.136487,71.950786,2025-05-27 08:19:04
C00065,3748.17,achat,ES,18.108596,117.636776,2025-06-08 02:52:04
C00145,11.8,paiement,US,84.48879,116.402989,2025-05-25 20:35:04
C00060,2591.25,virement,IT,-36.121727,-69.692395,2025-06-01 11:08:04
C00138,4019.46,retrait,JP,42.252275,-155.964049,2025-06-12 03:58:04
C00091,3457.12,achat,ES,0.724748,-117.92739,2025-05-23 03:07:04
C00041,1934.97,retrait,US,4.674966,-20.695476,2025-06-06 07:30:04
C00048,2216.06,achat,JP,19.376336,-13.475077,2025-05-21 08:13:04
C00067,1680.54,achat,ES,68.71446,108.143724,2025-06-08 14:04:04
C00110,352.91,paiement,CN,29.529474,-40.131516,2025-05-25 07:00:04
C00165,3471.49,versement,DE,-55.25488,172.654175,2025-06-04 09:41:04
C00118,4150.9,retrait,ES,-65.25125,1.814272,2025-06-08 14:48:04
C00165,1415.53,virement,FR,-35.42988,-116.763849,2025-05-25 06:21:04
C00153,3477.06,paiement,FR,12.051757,-26.774576,2025-05-21 01:38:04
C00040,3212.96,versement,UK,1.924607,131.376414,2025-06-06 06:57:04
C00078,1128.48,achat,ES,0.875503,127.559284,2025-06-13 00:23:04
C00010,350.02,versement,DE,-37.495183,38.897699,2025-06-09 02:20:04
C00139,1607.85,virement,JP,38.081746,157.891329,2025-05-19 00:22:04
C00172,2712.83,retrait,US,-24.02252,-123.226577,2025-05-23 10:30:04
C00066,2552.36,paiement,FR,21.908984,-131.117023,2025-05-29 12:22:04
C00179,4157.39,versement,ES,-57.563285,-144.029092,2025-05-28 08:06:04
C00182,966.5,virement,JP,-49.776689,96.258928,2025-06-03 01:54:04
C00059,3073.08,achat,IT,-20.195988,-26.666631,2025-05-28 02:32:04
C00121,55.79,virement,JP,-21.997096,-100.04234,2025-05-24 23:33:04
C00084,645.01,achat,CN,37.242852,-44.281073,2025-06-12 00:06:04
C00066,2040.84,retrait,JP,34.645383,-160.461525,2025-06-07 06:59:04
C00132,4698.44,versement,IT,23.224462,25.097018,2025-05-18 20:09:04
C00170,2254.32,retrait,FR,-68.642141,174.073191,2025-06-09 08:36:04
C00196,4150.29,versement,IT,-36.218802,107.227537,2025-06-13 06:13:04
C00187,4960.97,retrait,FR,83.70133,-38.49138,2025-05-18 20:33:04
C00186,2307.46,versement,ES,0.079463,137.4485,2025-05-25 17:20:04
C00122,4080.45,versement,FR,-61.855137,-51.859043,2025-06-10 04:06:04
C00046,125.42,achat,CN,-22.915457,111.02532,2025-06-14 19:28:04
C00073,545.29,achat,IT,-38.012146,22.516796,2025-06-12 23:00:04
C00097,979.17,paiement,ES,-27.885785,33.069311,2025-06-05 13:38:04
C00077,329.23,versement,JP,-83.483629,74.83925,2025-05-25 07:33:04
C00144,1041.08,virement,JP,65.492975,122.694166,2025-06-10 02:35:04
C00003,4304.27,retrait,DE,2.077429,163.686991,2025-05-20 07:40:04
C00025,1538.63,achat,JP,-2.574465,38.948958,2025-06-07 23:22:04
C00036,4068.35,versement,FR,-5.723196,-106.148396,2025-05-27 13:03:04
C00031,1130.31,virement,ES,-8.184943,74.217239,2025-05-26 09:21:04
C00100,1516.75,paiement,IT,-34.082059,-80.546947,2025-05-19 16:02:04
C00132,2268.69,virement,CN,5.912363,-167.354549,2025-06-14 07:45:04
C00075,1628.25,paiement,IT,62.671735,104.597288,2025-05-18 20:58:04
C00040,3056.3,virement,IT,-6.626168,30.337384,2025-06-07 01:48:04
C00169,2750.09,paiement,FR,-32.171667,-146.116705,2025-06-06 15:00:04
C00030,497.12,virement,JP,-34.950209,-121.665194,2025-06-10 12:14:04
C00121,3867.0,retrait,JP,6.223131,109.026903,2025-06-13 05:06:04
C00183,4062.18,retrait,DE,-32.610395,-91.525009,2025-05-30 09:46:04
C00140,2901.98,retrait,US,1.796017,179.651808,2025-06-01 14:40:04
C00003,181.2,paiement,JP,77.24208,115.827543,2025-06-16 14:01:04
C00026,455.85,achat,ES,12.851457,-81.72988,2025-06-14 06:00:04
C00036,4285.06,achat,IT,-27.751495,68.875186,2025-06-05 09:22:04
C00096,2620.47,achat,IT,-1.196784,130.943045,2025-05-20 13:17:04
C00096,1784.32,retrait,ES,-32.475809,-41.476854,2025-06-08 14:51:04
C00028,2746.01,achat,IT,57.777253,54.608497,2025-05-18 00:30:04
C00188,2367.63,retrait,JP,-61.33915,6.126795,2025-06-14 12:30:04
C00165,1389.36,paiement,IT,-64.549063,174.758152,2025-06-03 21:36:04
C00148,2287.16,virement,UK,11.948119,178.90391,2025-06-06 18:43:04
C00135,2069.32,retrait,FR,-80.324807,42.051989,2025-05-22 13:22:04
C00097,86.79,achat,FR,71.691341,44.982266,2025-06-11 00:52:04
C00029,1433.41,retrait,FR,-5.049298,25.379008,2025-06-15 12:01:04
C00138,614.89,paiement,FR,81.526212,-106.559954,2025-05-25 14:25:04
C00132,422.69,achat,CN,-67.773188,-75.365192,2025-06-07 18:42:04
C00102,4294.03,virement,DE,-25.285961,-20.722248,2025-06-13 05:49:04
C00070,899.01,retrait,UK,3.289693,-112.494606,2025-05-19 07:04:04
C00168,865.45,versement,IT,-54.520375,0.140658,2025-05-21 19:21:04
C00062,2383.53,versement,CN,7.507988,-102.024056,2025-06-13 18:35:04
C00110,3320.07,versement,UK,3.033063,-159.698394,2025-05-20 03:25:04
C00080,3119.98,achat,CN,-23.526088,-6.490271,2025-05-22 01:44:04
C00116,2318.54,achat,UK,0.214996,-167.495112,2025-05-28 15:20:04
C00130,3470.95,achat,DE,-35.760081,35.550405,2025-05-19 12:34:04
C00147,4937.07,versement,CN,81.116593,143.586917,2025-05-21 21:06:04
C00056,2129.04,versement,UK,-75.551515,-7.769285,2025-06-03 15:18:04
C00065,4931.8,virement,US,65.021742,-73.697651,2025-06-16 07:10:04
C00196,1119.84,achat,IT,-54.912933,-134.873186,2025-06-02 19:12:04
C00082,4279.13,virement,UK,24.428207,-78.368991,2025-06-07 07:21:04
C00157,3778.48,achat,JP,-87.543954,-133.493089,2025-06-13 06:48:04
C00019,3764.36,versement,JP,66.836317,-60.539752,2025-06-08 19:05:04
C00021,4347.39,paiement,JP,57.976261,89.755729,2025-06-06 23:20:04
C00176,988.7,achat,US,-42.370679,179.324896,2025-05-23 16:49:04
C00020,469.22,achat,IT,39.807218,-111.636556,2025-06-04 21:46:04
C00016,809.52,achat,JP,16.911455,121.612939,2025-06-11 02:13:04
C00024,4899.03,virement,FR,-41.87173,144.685091,2025-06-09 01:59:04
C00138,214.26,retrait,DE,-73.662625,-159.081277,2025-05-28 02:18:04
C00121,3107.48,achat,IT,7.662696,80.901302,2025-06-08 13:01:04
C00077,4250.23,versement,DE,6.129001,67.168155,2025-06-08 05:19:04
C00015,3065.88,achat,DE,-4.353075,111.204911,2025-05-19 04:40:04
C00026,2240.81,retrait,DE,26.713178,-75.278627,2025-05-27 13:06:04
C00088,1555.02,paiement,IT,-64.213779,119.295013,2025-06-05 18:45:04
C00051,2068.19,versement,DE,-4.594529,110.723044,2025-06-02 04:54:04
C00022,2603.95,achat,DE,1.065685,79.79094,2025-05-26 08:46:04
C00004,4407.65,versement,CN,-36.699703,2.012315,2025-05-27 21:54:04
C00084,1348.17,paiement,JP,-29.024967,-178.743128,2025-05-18 09:21:04
C00178,2866.75,virement,IT,58.864898,-175.331922,2025-05-21 15:16:04
C00191,1978.91,virement,FR,-18.575315,-29.618837,2025-06-08 11:34:04
C00028,3700.64,retrait,ES,47.489254,29.631288,2025-06-06 12:03:04
C00152,4982.4,paiement,ES,-25.911648,54.659363,2025-06-12 07:17:04
C00161,567.51,retrait,JP,3.533322,-34.765579,2025-05-18 07:33:04
C00103,551.13,virement,CN,16.165635,110.848896,2025-06-08 23:08:04
C00119,4095.07,versement,CN,-67.6415,-61.817661,2025-05-25 05:27:04
C00145,3825.04,retrait,CN,34.547081,-33.499196,2025-06-09 11:05:04
C00072,4428.27,paiement,ES,29.825133,-150.700142,2025-05-28 13:16:04
C00051,3123.15,virement,US,26.038408,-161.665687,2025-05-25 03:48:04
C00021,1866.1,paiement,JP,-48.835404,-154.008492,2025-05-21 12:44:04
C00072,1611.08,virement,CN,-20.805141,139.024268,2025-05-25 15:31:04
C00188,3616.65,paiement,CN,70.742055,21.784979,2025-05-26 02:48:04
C00146,4173.83,retrait,JP,-21.075946,-7.612988,2025-05-23 07:04:04
C00104,2074.18,retrait,IT,89.389078,173.832344,2025-05-22 04:00:04
C00017,1940.89,virement,ES,62.506684,-134.049519,2025-06-02 02:11:04
C00060,335.77,virement,FR,-7.758803,-23.311633,2025-05-31 03:43:04
C00176,4702.88,versement,CN,-43.279294,-140.326596,2025-06-16 09:17:04
C00171,2219.61,achat,CN,38.562627,-79.260216,2025-06-10 19:46:04
C00009,4324.71,versement,UK,21.074276,83.051856,2025-05-27 02:16:04
C00013,1448.07,retrait,CN,-41.181858,97.956852,2025-05-25 19:14:04
C00011,2538.02,virement,JP,-19.666617,104.19647,2025-05-25 00:30:04
C00151,2643.0,achat,FR,-30.572007,-130.8465,2025-06-02 09:51:04
C00015,1422.4,achat,IT,-74.167333,130.16268,2025-05-20 20:30:04
C00170,3229.91,versement,CN,-68.423513,160.693314,2025-05-18 08:24:04
C00100,2704.28,retrait,DE,21.900764,136.494274,2025-05-18 02:10:04
C00009,2759.05,virement,IT,34.051307,19.210855,2025-06-12 01:30:04
C00092,3947.88,retrait,JP,80.26867,-38.132293,2025-06-11 07:37:04
C00185,376.82,paiement,UK,55.665194,-30.919457,2025-06-10 20:08:04
C00024,1216.82,versement,ES,77.570095,161.160531,2025-06-10 21:25:04
C00155,4592.14,paiement,ES,-48.599375,-162.635333,2025-05-23 09:55:04
C00185,182.99,versement,CN,-49.932656,116.579499,2025-06-09 13:14:04
C00184,2770.18,retrait,DE,36.541062,-59.886282,2025-06-03 05:28:04
C00071,1832.29,retrait,ES,-11.571505,2.627336,2025-05-25 18:27:04
C00153,3688.04,paiement,JP,-9.545973,-4.225811,2025-05-23 17:16:04
C00132,3326.38,achat,US,-52.679382,33.81624,2025-05-30 15:16:04
C00164,4565.56,virement,DE,7.988832,-67.089577,2025-05-19 06:38:04
C00051,2092.22,versement,ES,-55.308939,109.517647,2025-06-07 23:10:04
C00158,2319.53,retrait,ES,-24.266755,-24.849322,2025-06-10 19:51:04
C00096,3975.92,virement,US,-20.706432,77.245697,2025-05-27 13:12:04
C00114,1869.97,retrait,ES,58.044173,75.646791,2025-05-29 22:45:04
C00144,1486.34,retrait,ES,16.338534,-108.383939,2025-06-05 20:26:04
C00085,4941.84,achat,UK,6.264459,40.98743,2025-06-07 00:54:04
C00110,923.82,achat,FR,-52.961268,156.957574,2025-05-28 01:44:04
C00179,3556.93,achat,CN,-82.25428,-79.545686,2025-05-26 14:38:04
C00012,2401.47,retrait,ES,-19.461901,65.671113,2025-06-02 21:31:04
C00021,3785.32,retrait,DE,52.81114,-6.56133,2025-06-09 15:30:04
C00063,2131.47,virement,UK,-28.61064,-109.572177,2025-05-29 03:22:04
C00089,2339.25,versement,DE,-37.525101,-67.780697,2025-05-18 13:20:04
C00196,3968.14,versement,UK,-0.393489,-165.595568,2025-06-05 20:38:04
C00144,3503.23,paiement,ES,-78.6957,1.355106,2025-06-12 09:09:04
C00016,347.36,virement,DE,-56.458894,151.483181,2025-06-06 12:05:04
C00092,3672.25,retrait,UK,75.306147,69.965937,2025-06-05 20:04:04
C00073,971.2,virement,US,-12.37313,82.604861,2025-06-04 23:47:04
C00198,4568.53,paiement,CN,24.987183,-109.095104,2025-05-28 05:59:04
C00006,3389.7,paiement,US,-79.231919,-2.1068,2025-06-03 22:30:04
C00156,4407.75,retrait,JP,-11.974478,-40.996264,2025-06-14 09:17:04
C00178,2471.79,paiement,US,-23.9172,-17.441889,2025-05-31 04:07:04
C00181,817.47,retrait,CN,85.963754,101.799658,2025-06-11 04:43:04
C00097,2414.1,achat,US,23.114217,-177.74964,2025-06-08 17:13:04
C00033,1090.88,achat,US,-44.29484,17.137477,2025-05-19 12:45:04
C00164,3857.04,paiement,CN,-28.321456,-162.705216,2025-06-02 19:45:04
C00066,4873.08,achat,FR,18.316304,-63.107951,2025-06-04 06:19:04
C00020,3512.09,achat,UK,-17.812214,-56.151586,2025-05-24 11:25:04
C00184,3828.92,retrait,JP,-12.087673,98.296281,2025-05-28 19:14:04
C00095,1482.87,achat,US,-76.290507,-81.873482,2025-05-20 17:37:04
C00091,1609.48,retrait,CN,79.637046,-178.688723,2025-06-06 18:57:04
C00100,984.99,retrait,IT,-81.306449,166.150023,2025-06-11 17:29:04
C00172,1078.64,achat,DE,26.194048,85.680621,2025-05-28 00:42:04
C00081,1840.29,achat,US,2.768041,-152.121808,2025-05-18 23:37:04
C00183,1631.78,retrait,FR,2.905932,-165.360361,2025-05-21 05:55:04
C00168,1972.3,versement,IT,23.672729,177.417848,2025-05-26 02:57:04
C00110,2878.23,versement,DE,45.993103,89.771953,2025-05-18 01:30:04
C00041,2265.55,virement,UK,-26.890056,29.126665,2025-05-31 20:43:04
C00017,1697.2,retrait,DE,38.670562,173.526102,2025-06-11 14:52:04
C00164,1046.61,achat,US,-74.938909,-155.253963,2025-06-09 18:01:04
C00108,1839.02,retrait,ES,18.314147,-135.739649,2025-05-23 03:51:04
C00154,1815.81,virement,DE,70.11006,-171.534727,2025-05-20 20:50:04
C00166,1736.01,virement,JP,87.870999,153.16388,2025-06-12 12:44:04
C00082,1771.6,versement,ES,31.94489,-40.778192,2025-05-23 04:24:04
C00101,350.21,paiement,UK,-58.785622,97.762027,2025-05-31 16:41:04
C00155,2657.4,virement,FR,-59.755143,-41.193166,2025-05-20 21:40:04
C00095,4142.37,achat,FR,19.6313,-6.171989,2025-06-16 16:01:04
C00155,4212.22,paiement,JP,-55.845272,-3.768089,2025-06-14 12:04:04
C00027,2854.07,retrait,US,-27.96592,-147.098012,2025-06-05 04:41:04
C00120,1990.04,virement,DE,29.094105,-132.169249,2025-06-05 07:15:04
C00172,4059.17,paiement,CN,13.713717,176.318776,2025-06-14 20:34:04
C00129,2632.17,versement,US,79.613074,48.221276,2025-06-12 04:15:04
C00091,4505.32,virement,DE,3.704258,28.640463,2025-06-10 21:15:04
C00136,1551.04,retrait,IT,58.380766,88.309553,2025-06-09 05:53:04
C00094,4066.62,retrait,UK,7.872939,0.635312,2025-06-16 08:45:04
C00053,1043.95,versement,IT,-63.575261,-56.086988,2025-05-28 05:55:04
C00069,4129.24,paiement,DE,-19.707642,54.495232,2025-06-02 18:44:04
C00002,925.89,retrait,FR,83.513348,171.663877,2025-06-16 09:08:04
C00096,513.74,retrait,DE,-71.534481,-48.092012,2025-06-05 20:01:04
C00195,397.38,versement,UK,-17.595927,40.181925,2025-05-21 22:00:04
C00012,1325.4,paiement,FR,57.337428,175.345829,2025-06-15 03:25:04
C00070,3876.13,retrait,IT,-66.543717,82.252592,2025-05-26 04:24:04
C00026,687.77,virement,ES,86.005575,93.62744,2025-06-05 07:31:04
C00124,1322.38,virement,IT,24.654703,161.79629,2025-06-16 22:07:04
C00057,3751.26,versement,US,89.66533,92.808387,2025-06-02 06:42:04
C00007,4616.85,achat,FR,29.104139,99.469872,2025-06-15 09:32:04
C00074,1486.68,versement,CN,-43.834358,-128.410848,2025-05-19 22:39:04
C00091,1201.78,achat,US,18.581694,-63.010577,2025-06-06 21:55:04
C00164,2516.8,achat,FR,-76.245785,-114.090353,2025-06-06 08:45:04
C00031,4293.76,virement,ES,-81.281105,-86.976195,2025-06-04 13:36:04
C00133,765.05,achat,ES,27.783483,-152.18235,2025-06-09 20:46:04
C00195,1127.24,retrait,ES,57.669399,-54.819189,2025-06-09 13:27:04
C00009,4106.67,paiement,US,22.429556,-49.141348,2025-06-15 15:26:04
C00108,3573.34,retrait,FR,-75.062376,126.826359,2025-06-08 07:29:04
C00083,3496.45,virement,IT,-49.582963,-132.993238,2025-06-10 09:12:04
C00146,2360.75,paiement,DE,37.813576,125.078561,2025-06-02 23:40:04
C00072,3054.77,achat,ES,-50.471598,-48.491177,2025-05-22 21:14:04
C00196,4738.31,achat,UK,-15.00558,87.059643,2025-06-15 15:06:04
C00130,3965.53,paiement,ES,44.677789,-168.246552,2025-05-28 20:10:04
C00199,2026.67,versement,JP,39.366732,-71.497001,2025-06-10 13:56:04
C00198,4771.37,virement,CN,80.085066,21.19791,2025-06-08 22:19:04
C00109,1378.61,achat,US,-72.675756,-179.332103,2025-05-24 17:26:04
C00097,1623.38,paiement,IT,86.55355,36.306785,2025-06-16 08:05:04
C00094,2665.1,achat,US,-10.453931,-81.157848,2025-06-14 16:29:04
C00151,1142.9,versement,IT,31.809473,128.992135,2025-06-01 09:35:04
C00072,3123.55,retrait,US,-75.474101,-152.967263,2025-06-05 21:04:04
C00108,4654.24,versement,US,85.527164,90.406886,2025-06-09 10:04:04
C00160,4745.95,virement,ES,-10.359697,-93.280548,2025-06-16 00:12:04
C00106,2089.31,paiement,DE,-64.42811,166.953126,2025-06-01 08:52:04
C00076,2976.8,paiement,DE,10.387803,-136.865755,2025-06-15 15:42:04
C00024,2097.04,versement,CN,21.446758,-60.273433,2025-06-13 18:37:04
C00157,4551.13,achat,FR,-19.835254,18.084933,2025-05-24 14:54:04
C00160,623.75,achat,CN,-38.22331,-41.016089,2025-06-12 23:40:04
C00081,2418.29,achat,DE,55.59716,19.803376,2025-06-02 19:41:04
C00070,4697.57,paiement,FR,77.652658,-115.634174,2025-06-09 16:20:04
C00147,4009.62,versement,ES,35.879414,-101.214189,2025-05-23 02:34:04
C00172,28.6,retrait,DE,58.081146,5.471441,2025-05-26 12:06:04
C00031,4241.53,versement,IT,-64.550534,165.357047,2025-06-16 09:28:04
C00066,1653.38,retrait,IT,-62.1621,-100.50314,2025-05-27 16:58:04
C00059,972.89,retrait,FR,11.418514,-43.451319,2025-05-22 19:35:04
C00116,3178.13,virement,DE,-79.616929,-85.250679,2025-06-07 11:20:04
C00162,2932.3,versement,JP,-61.046157,61.634877,2025-06-15 23:16:04
C00131,1283.94,versement,IT,32.61978,-77.498435,2025-06-01 22:22:04
C00092,3199.4,achat,DE,61.038627,-113.240663,2025-05-19 08:06:04
C00104,1529.58,paiement,US,64.831312,-45.043855,2025-06-03 10:35:04
C00080,971.73,versement,US,-59.736587,86.772136,2025-05-26 02:48:04
C00014,305.97,versement,IT,-49.153071,-24.999602,2025-06-03 14:05:04
C00163,676.77,versement,ES,-14.050976,-67.332098,2025-05-21 01:29:04
C00016,2827.45,retrait,DE,-2.904454,-60.264865,2025-06-05 18:04:04
C00009,1069.62,retrait,FR,-82.415187,-84.16805,2025-06-02 18:10:04
C00045,1085.6,achat,IT,-22.273337,-76.465276,2025-05-18 17:55:04
C00011,1092.62,versement,DE,-37.07833,-49.987318,2025-05-27 12:56:04
C00082,3108.35,versement,CN,-28.81637,-23.100584,2025-06-08 10:03:04
C00061,510.62,achat,UK,57.0221,3.787557,2025-06-16 06:38:04
C00126,2816.15,versement,UK,-55.894978,-51.958722,2025-05-27 01:46:04
C00173,2042.99,achat,FR,-33.887609,144.228797,2025-05-24 19:09:04
C00030,1848.62,retrait,US,-79.020801,-123.780115,2025-05-21 03:20:04
C00047,131.65,versement,ES,-7.073181,-10.045173,2025-06-16 09:38:04
C00152,2173.34,paiement,DE,-44.599187,-24.624661,2025-06-09 16:02:04
C00023,1933.05,virement,DE,-4.353411,-116.184827,2025-06-03 19:00:04
C00104,725.54,achat,ES,17.6677,-146.781635,2025-06-08 00:23:04
C00086,2391.34,paiement,IT,-21.397113,-155.568791,2025-05-31 13:47:04
C00011,4957.62,paiement,ES,-18.80515,-54.53393,2025-06-12 00:28:04
C00184,2852.41,versement,UK,84.806394,-99.857941,2025-05-22 19:15:04
C00200,4896.49,paiement,FR,46.868484,176.871258,2025-05-28 00:15:04
C00141,1580.14,paiement,UK,-48.762418,-11.750279,2025-06-07 13:32:04
C00161,2120.96,virement,JP,-41.704551,-146.707746,2025-06-08 00:51:04
C00074,2245.0,paiement,FR,7.017869,158.60634,2025-06-04 01:02:04
C00117,3950.53,achat,DE,-52.684301,80.156281,2025-06-10 20:19:04
C00039,4873.6,versement,US,-41.85206,-27.947847,2025-06-14 22:19:04
C00131,1792.94,virement,CN,44.102449,81.060456,2025-05-25 04:33:04
C00026,903.65,paiement,FR,44.561529,-85.732712,2025-05-19 14:44:04
C00112,1440.03,virement,DE,44.379327,-111.915934,2025-06-16 05:43:04
C00046,3964.18,virement,JP,-17.291738,176.857269,2025-05-24 21:51:04
C00051,1526.76,retrait,FR,-16.616319,-130.477944,2025-06-02 13:44:04
C00076,296.38,virement,FR,86.002267,-126.429807,2025-05-27 07:52:04
C00183,1220.45,achat,DE,-3.080093,147.742566,2025-06-01 07:39:04
C00117,58.84,virement,UK,-36.097076,53.092758,2025-06-04 17:27:04
C00149,3733.21,paiement,US,78.574521,62.422847,2025-05-22 10:01:04
C00170,1713.65,paiement,JP,-17.710609,48.716437,2025-06-13 20:24:04
C00129,3042.01,retrait,US,-70.621302,164.893257,2025-06-05 05:43:04
C00097,3694.08,achat,CN,-87.412288,34.81575,2025-06-16 16:11:04
C00127,3210.13,virement,JP,-25.587787,104.418944,2025-06-10 16:29:04
C00184,4865.91,paiement,JP,1.609551,-13.310456,2025-05-25 12:36:04
C00031,3736.31,paiement,ES,-34.186298,-76.783843,2025-06-11 02:51:04
C00154,1544.5,paiement,UK,-61.567798,140.778115,2025-06-07 07:13:04
C00112,3714.1,achat,UK,66.749615,-104.849845,2025-06-13 15:09:04
C00066,3037.39,achat,UK,-15.519331,-80.179947,2025-05-27 01:45:04
C00083,633.75,versement,UK,-44.171691,140.492982,2025-05-27 06:22:04
C00187,425.68,retrait,JP,19.565799,-106.980247,2025-06-09 02:14:04
C00005,2307.46,retrait,US,50.03239,178.460721,2025-05-29 22:36:04
C00145,4344.93,achat,UK,39.938769,-176.034838,2025-05-20 00:27:04
C00178,3431.4,versement,CN,20.135546,-125.170542,2025-06-09 09:18:04
C00131,2671.14,achat,IT,49.204507,169.368681,2025-06-10 12:32:04
C00008,3515.15,retrait,UK,2.31842,-51.76077,2025-06-09 13:19:04
C00191,2290.69,retrait,IT,67.13293,-9.700898,2025-05-19 22:09:04
C00184,4604.87,virement,US,72.292946,-178.8167,2025-06-07 00:35:04
C00198,1583.94,achat,ES,-13.135173,-153.052835,2025-05-28 02:48:04
C00121,3877.46,virement,IT,-60.250096,122.173762,2025-05-26 04:52:04
C00046,4615.06,paiement,US,75.789678,0.409633,2025-06-04 07:53:04
C00117,1371.68,paiement,UK,-51.630465,25.453397,2025-05-24 15:18:04
C00129,3725.09,retrait,IT,-48.664778,-74.728009,2025-06-15 01:14:04
C00138,1647.51,paiement,US,74.309585,156.472495,2025-06-16 06:56:04
C00007,4050.55,paiement,CN,72.254377,12.9952,2025-06-10 23:53:04
C00124,3720.51,versement,CN,-85.782566,-113.88485,2025-05-31 12:04:04
C00106,620.06,virement,FR,14.635169,-22.497122,2025-05-18 05:49:04
C00104,3427.82,retrait,JP,42.974002,-87.522685,2025-06-16 09:09:04
C00077,3815.28,versement,ES,-87.012208,158.587034,2025-06-15 01:30:04
C00184,3525.45,virement,JP,-55.347667,172.542043,2025-06-15 01:59:04
C00064,2507.05,versement,IT,65.226739,-71.039,2025-05-26 10:47:04
C00150,4864.41,retrait,DE,81.88134,-132.74494,2025-05-24 14:48:04
C00094,1258.11,achat,DE,-16.703225,153.4944,2025-06-10 15:18:04
C00155,3760.01,retrait,ES,-43.339405,114.783754,2025-06-04 06:10:04
C00134,3508.17,versement,FR,-14.448418,145.357252,2025-05-26 21:40:04
C00055,680.42,retrait,US,19.458402,-85.469708,2025-05-26 01:11:04
C00063,538.77,virement,DE,-53.742953,-88.581665,2025-05-28 09:03:04
C00144,4744.17,achat,US,84.167677,-5.905037,2025-06-09 22:33:04
C00012,4591.53,paiement,FR,34.783309,-19.507739,2025-06-10 20:41:04
C00185,2699.69,virement,DE,23.340651,-94.715898,2025-05-23 11:26:04
C00188,2485.0,paiement,IT,6.408281,-139.883688,2025-05-18 02:35:04
C00060,2723.72,retrait,ES,-60.894632,-82.596089,2025-05-21 21:07:04
C00060,2116.09,virement,IT,-9.730706,-39.600192,2025-06-13 03:19:04
C00054,1026.62,versement,CN,40.034172,15.906522,2025-05-27 20:27:04
C00032,2536.35,achat,DE,-15.104884,4.984454,2025-05-30 07:38:04
C00166,805.29,paiement,DE,-51.78138,-53.989583,2025-05-31 10:36:04
C00110,3150.3,paiement,JP,36.376479,88.49086,2025-05-22 11:48:04
C00136,3073.86,retrait,JP,-84.29439,93.592736,2025-05-24 08:33:04
C00193,3061.1,paiement,US,-59.498075,123.097011,2025-05-22 17:03:04
C00156,3819.31,achat,DE,-45.08707,121.901897,2025-05-31 05:01:04
C00098,2676.67,achat,US,-22.812172,5.586921,2025-05-22 10:46:04
C00183,4868.71,retrait,FR,13.426571,63.337307,2025-06-14 14:45:04
C00025,1196.68,achat,IT,1.018298,-56.219483,2025-06-07 04:18:04
C00088,1666.08,paiement,CN,24.973777,53.015754,2025-05-21 00:48:04
C00086,3143.92,virement,US,-79.482171,-117.779893,2025-05-28 09:29:04
C00173,4534.42,achat,CN,54.485088,76.695151,2025-05-31 16:22:04
C00166,2389.39,retrait,JP,-66.2854,28.625275,2025-06-16 00:01:04
C00093,2558.81,retrait,ES,-28.196452,-94.424159,2025-06-15 20:11:04
C00059,2576.1,achat,DE,-48.978763,-57.978275,2025-06-06 12:04:04
C00021,2562.98,retrait,UK,-50.460102,62.91427,2025-06-12 02:59:04
C00152,2822.63,versement,IT,65.678911,-113.529666,2025-05-31 10:15:04
C00084,2093.86,versement,UK,8.970314,141.93133,2025-06-05 10:12:04
C00071,3070.52,paiement,JP,-0.875409,27.806131,2025-05-30 05:38:04
C00017,4388.57,achat,CN,53.646525,-171.912035,2025-06-06 15:14:04
C00029,1786.17,retrait,UK,69.019376,-40.905578,2025-06-12 20:10:04
C00116,450.28,virement,DE,-43.329047,-16.809787,2025-06-03 11:44:04
C00198,4115.35,versement,FR,55.657244,5.447493,2025-05-22 12:55:04
C00025,2820.88,virement,IT,-27.170268,-9.318532,2025-05-21 06:32:04
C00166,895.59,paiement,CN,42.875253,45.089397,2025-06-03 18:48:04
C00057,4228.95,retrait,ES,-17.721421,-42.267702,2025-06-15 13:24:04
C00079,1449.61,retrait,IT,-62.132043,-11.710388,2025-06-14 13:42:04
C00153,407.47,versement,US,62.092782,-64.910393,2025-06-09 02:52:04
C00170,1054.63,paiement,FR,-61.549912,18.037269,2025-06-13 13:30:04
C00091,2686.01,versement,UK,50.489583,-175.168908,2025-06-14 19:21:04
C00111,687.19,paiement,FR,-86.693538,-149.206352,2025-05-28 06:34:04
C00025,3962.6,achat,ES,67.288153,174.06558,2025-06-16 12:22:04
C00106,3830.93,achat,US,-79.817931,-60.394002,2025-05-22 03:06:04
C00138,1541.36,retrait,IT,-87.210669,-34.929354,2025-06-12 17:18:04
C00189,823.24,versement,ES,-52.238682,-86.20102,2025-05-20 08:39:04
C00140,2769.24,virement,DE,88.129311,-161.015768,2025-05-19 12:05:04
C00108,1053.67,versement,FR,34.909912,-28.534131,2025-05-30 05:10:04
C00113,4272.12,achat,IT,28.39467,40.31582,2025-06-11 21:52:04
C00053,4319.16,retrait,ES,41.260977,-166.489254,2025-05-19 16:14:04
C00042,1053.74,versement,IT,-39.164203,88.735081,2025-06-08 18:13:04
C00078,1128.85,achat,FR,-74.021049,-44.133374,2025-05-18 19:48:04
C00033,2667.75,achat,FR,-52.800464,131.916349,2025-05-25 14:02:04
C00117,3898.26,virement,ES,-67.256272,-175.42983,2025-06-15 14:36:04
C00103,1142.26,retrait,IT,61.310332,101.259529,2025-06-05 14:49:04
C00110,2570.11,paiement,FR,-49.069887,128.739186,2025-06-14 19:08:04
C00100,125.06,achat,JP,-64.93318,-120.867492,2025-05-29 01:07:04
C00146,2121.79,paiement,ES,-31.461763,127.935873,2025-06-01 06:19:04
C00013,3192.47,retrait,IT,51.347503,59.212889,2025-06-08 07:02:04
C00051,2513.18,achat,JP,86.58974,-57.162335,2025-06-09 01:08:04
C00194,482.39,versement,DE,39.653286,-167.058078,2025-06-02 06:01:04
C00118,2932.71,retrait,JP,-80.162177,124.964539,2025-05-24 00:15:04
C00156,3406.47,retrait,US,-60.395141,-88.22444,2025-05-21 17:00:04
C00173,2840.65,achat,FR,-9.597169,-19.909521,2025-06-07 20:13:04
C00090,2822.24,versement,UK,70.718129,-31.415524,2025-05-30 11:01:04
C00071,1184.93,versement,IT,72.262246,94.524056,2025-05-18 14:22:04
C00163,983.53,retrait,UK,33.911531,-39.564237,2025-06-07 06:52:04
C00069,985.63,paiement,JP,30.2435,-167.282315,2025-06-08 11:05:04
C00044,95.26,virement,JP,52.881215,155.990209,2025-05-18 13:30:04
C00160,557.8,retrait,UK,54.942655,53.234167,2025-06-13 15:04:04
C00011,1924.67,retrait,FR,5.669794,52.370915,2025-05-20 12:19:04
C00186,3314.45,paiement,DE,-81.527155,117.192986,2025-05-27 16:39:04
C00032,2039.22,versement,DE,54.374963,108.341122,2025-06-07 01:00:04
C00018,683.06,retrait,ES,69.422284,-19.044999,2025-06-02 10:07:04
C00146,2315.83,virement,ES,5.134614,89.913856,2025-06-10 14:01:04
C00182,4087.16,achat,CN,-53.4464,-44.438496,2025-06-08 03:23:04
C00103,1525.99,versement,DE,-32.38862,18.082035,2025-05-23 20:11:04
C00073,4876.46,paiement,JP,-60.66825,-65.255302,2025-05-26 11:31:04
C00034,924.23,retrait,JP,-12.572791,145.886059,2025-05-31 16:21:04
C00128,3173.33,versement,DE,-47.15603,-119.880364,2025-06-08 10:17:04
C00044,3344.18,achat,DE,9.784442,51.472836,2025-06-01 03:04:04
C00195,4657.0,achat,FR,22.426879,48.132863,2025-05-19 14:54:04
C00090,398.19,versement,ES,-38.594695,-34.386643,2025-05-20 02:12:04
C00049,3170.2,paiement,FR,20.245726,-61.423178,2025-05-19 23:38:04
C00148,2468.81,versement,IT,72.719859,61.374976,2025-06-09 19:54:04
C00170,2640.86,virement,JP,38.6673,75.946313,2025-06-14 04:16:04
C00050,4999.13,paiement,ES,-12.38838,38.563881,2025-06-11 07:04:04
C00127,1337.24,paiement,UK,53.8678,143.417111,2025-05-18 22:08:04
C00154,2707.75,retrait,IT,1.48705,-59.300462,2025-06-16 09:51:04
C00004,690.79,virement,ES,-9.952168,35.517964,2025-06-11 06:01:04
C00120,336.0,versement,DE,41.460154,60.214806,2025-05-27 08:57:04
C00135,2675.46,versement,CN,67.664745,-72.125767,2025-05-26 15:51:04
C00174,4374.1,paiement,UK,77.823612,125.529697,2025-05-25 03:28:04
C00050,577.86,achat,JP,13.283365,63.205712,2025-05-23 13:10:04
C00117,128.26,retrait,CN,-69.888541,53.818666,2025-06-07 19:06:04
C00104,321.8,retrait,DE,54.491063,-18.985342,2025-05-19 13:41:04
C00146,4659.37,achat,US,-68.171505,22.662495,2025-05-26 22:01:04
C00009,3160.98,versement,FR,-15.085744,101.529625,2025-05-26 02:43:04
C00153,1954.76,paiement,CN,-7.105092,25.886693,2025-05-18 02:00:04
C00007,795.27,achat,US,-80.852831,-30.195562,2025-05-24 18:20:04
C00188,4546.8,virement,UK,56.964389,112.092431,2025-06-16 21:38:04
C00076,2522.05,virement,IT,-8.361656,7.046799,2025-06-06 19:07:04
C00032,2116.1,virement,JP,31.421298,44.207404,2025-05-29 10:43:04
C00112,1575.73,achat,ES,-35.225312,-6.13913,2025-06-01 01:26:04
C00080,2671.47,versement,UK,-54.779887,-139.239547,2025-06-06 01:12:04
C00074,1672.9,paiement,JP,0.793377,21.781122,2025-05-30 21:01:04
C00114,3677.71,achat,UK,-65.028755,-73.922708,2025-06-05 05:43:04
C00120,3672.93,achat,ES,-82.767894,170.288025,2025-06-05 20:10:04
C00179,1101.28,paiement,US,-32.824125,-53.770557,2025-05-31 09:43:04
C00102,4717.59,virement,IT,-87.074874,125.618966,2025-06-03 09:13:04
C00166,4719.77,virement,JP,66.108558,-100.23588,2025-06-04 08:52:04
C00122,543.22,paiement,JP,41.765395,-111.763829,2025-06-10 22:25:04
C00004,2673.02,paiement,FR,-36.753103,90.355663,2025-06-12 16:46:04
C00170,3712.39,retrait,ES,-22.496291,-172.418011,2025-06-05 22:17:04
C00002,2828.67,retrait,CN,-32.485082,160.655138,2025-05-21 17:02:04
C00135,340.22,virement,CN,14.09815,-109.46772,2025-06-08 19:13:04
C00023,3024.52,versement,CN,37.718709,-56.028238,2025-06-07 16:04:04
C00144,291.44,retrait,FR,15.525076,109.221505,2025-05-23 03:26:04
C00063,3943.72,paiement,ES,-17.200864,-109.164282,2025-06-14 08:23:04
C00131,4179.6,versement,JP,-57.410375,-84.711285,2025-05-28 20:25:04
C00109,2018.47,retrait,UK,-30.445831,-5.286374,2025-05-28 10:30:04
C00133,2829.02,virement,IT,-67.533658,-124.781272,2025-06-05 10:25:04
C00156,4696.58,virement,FR,7.602088,88.395472,2025-06-09 07:24:04
C00148,3172.26,paiement,CN,-54.379703,161.210209,2025-05-18 09:19:04
C00106,3507.57,versement,FR,1.660358,-135.012755,2025-05-20 10:14:04
C00172,1522.34,versement,ES,-74.420001,34.435726,2025-05-29 01:22:04
C00044,1350.91,versement,UK,89.475924,82.97435,2025-06-07 09:27:04
C00178,2515.29,achat,JP,57.410093,-70.152143,2025-05-29 21:22:04
C00157,4183.41,paiement,IT,-78.178899,127.405125,2025-05-18 13:49:04
C00185,4984.2,virement,CN,-82.640008,36.382852,2025-05-19 09:30:04
C00113,427.13,retrait,UK,-73.365099,91.979843,2025-05-25 10:16:04
C00068,2017.95,paiement,IT,-32.802583,126.169766,2025-06-13 02:55:04
C00173,4467.19,achat,CN,-76.965691,89.195223,2025-05-18 16:23:04
C00049,954.22,versement,DE,19.799204,-35.095112,2025-06-02 02:15:04
C00149,3670.33,retrait,ES,-29.694437,15.4225,2025-06-13 16:56:04
C00111,2405.19,virement,DE,46.562198,7.297973,2025-05-21 20:49:04
C00197,4897.08,retrait,CN,74.101597,-92.379671,2025-06-09 00:45:04
C00116,1034.93,versement,UK,67.855483,9.809207,2025-05-19 18:30:04
C00141,3943.62,versement,CN,31.885363,117.665788,2025-06-02 03:23:04
C00098,4205.01,versement,ES,11.364621,-23.290216,2025-05-26 20:45:04
C00188,2509.31,achat,IT,13.111533,-66.929456,2025-05-30 15:59:04
C00094,1188.15,virement,US,-29.135893,94.848632,2025-05-22 15:20:04
C00037,1228.46,retrait,JP,-18.888508,-157.888925,2025-05-20 23:43:04
C00116,4719.0,versement,ES,-67.750104,51.743829,2025-05-23 07:24:04
C00029,545.78,paiement,FR,51.134427,-158.583307,2025-06-05 11:34:04
C00029,4898.53,virement,DE,-60.164596,-93.283171,2025-06-05 22:25:04
C00125,3644.46,achat,ES,6.473109,93.969453,2025-05-31 06:57:04
C00135,3393.29,paiement,FR,69.406695,-87.039595,2025-05-28 15:05:04
C00148,557.4,achat,IT,-46.18021,-44.421592,2025-05-28 14:47:04
C00074,3563.74,retrait,ES,-24.327603,2.683584,2025-06-07 00:44:04
C00028,1474.57,versement,DE,58.706954,120.349288,2025-06-04 00:34:04
C00160,1423.04,virement,JP,42.933211,-127.253701,2025-05-31 05:13:04
C00117,2070.88,virement,IT,-21.230239,146.103824,2025-06-13 10:29:04
C00187,4790.84,paiement,CN,-81.430685,82.983576,2025-06-03 10:41:04
C00164,729.26,versement,JP,-45.04681,-119.105856,2025-06-16 23:16:04
C00078,1203.34,virement,UK,-12.826945,110.588835,2025-06-11 19:49:04
C00123,2125.6,achat,CN,33.796991,-35.736531,2025-06-10 01:59:04
C00135,983.47,retrait,FR,66.550274,119.365742,2025-05-18 21:04:04
C00012,505.18,retrait,CN,-65.923758,-129.02538,2025-06-07 21:09:04
C00041,2625.86,achat,CN,-49.328891,8.063468,2025-06-16 18:38:04
C00011,656.53,virement,DE,18.585645,42.665153,2025-06-15 07:19:04
C00114,909.26,virement,CN,28.569011,-114.411269,2025-05-24 14:19:04
C00189,1210.26,retrait,DE,15.824911,116.87207,2025-06-11 11:46:04
C00188,2626.1,virement,DE,26.516951,89.251588,2025-05-23 06:07:04
C00002,570.52,retrait,UK,2.754053,144.086364,2025-06-08 17:03:04
C00197,3389.53,paiement,CN,49.868797,108.440298,2025-05-23 03:24:04
C00054,1756.17,retrait,IT,88.640897,132.310382,2025-05-31 18:46:04
C00048,4952.81,paiement,ES,61.11646,-159.27365,2025-06-05 14:01:04
C00043,1012.15,retrait,ES,-62.232397,89.482743,2025-06-08 06:40:04
C00037,1629.92,retrait,JP,-24.08737,-144.652897,2025-05-25 00:13:04
C00183,2393.98,achat,FR,-6.722818,-178.73294,2025-06-03 06:10:04
C00150,4128.04,virement,US,-71.901108,3.164631,2025-06-02 23:18:04
C00062,1886.58,achat,UK,70.850516,124.481088,2025-06-08 18:12:04
C00119,134.45,achat,DE,-86.988641,48.324184,2025-05-30 20:45:04
C00053,1789.6,achat,ES,-38.628803,56.520278,2025-06-13 10:07:04
C00173,4028.43,paiement,UK,26.342555,174.073299,2025-06-01 23:15:04
C00161,3784.78,virement,CN,25.821504,-160.980928,2025-05-30 08:32:04
C00144,2759.12,retrait,ES,-57.866274,-79.765016,2025-06-05 20:28:04
C00112,3177.87,versement,FR,-69.343529,69.343852,2025-05-28 17:32:04
C00125,2551.89,retrait,US,36.020695,-140.497295,2025-06-14 09:17:04
C00140,3903.61,retrait,UK,62.997985,-57.167328,2025-06-12 07:09:04
C00136,2326.05,achat,UK,-38.874905,53.483858,2025-05-23 15:39:04
C00170,2536.87,paiement,ES,6.844102,-56.89347,2025-05-31 16:23:04
C00035,1972.54,virement,IT,-3.225234,-88.954379,2025-05-20 01:48:04
C00082,4341.28,retrait,IT,27.754036,93.059352,2025-05-19 15:14:04
C00038,3360.03,achat,FR,-38.25674,-39.797498,2025-05-31 07:41:04
C00005,1023.73,versement,CN,-51.620371,148.149766,2025-05-23 19:52:04
C00069,4601.64,versement,ES,52.967778,53.10942,2025-06-01 03:12:04
C00012,3256.88,achat,CN,-31.877688,139.297427,2025-06-12 11:03:04
C00113,432.91,paiement,UK,20.341131,86.869136,2025-06-10 12:57:04
C00034,4246.77,retrait,DE,56.548952,61.630272,2025-06-07 17:24:04
C00029,1104.47,virement,DE,-84.122813,72.855728,2025-06-14 06:39:04
C00155,732.64,achat,FR,-82.269803,143.451059,2025-05-20 23:55:04
C00155,4978.88,achat,IT,-37.998732,79.454023,2025-05-19 12:30:04
C00171,1607.36,achat,FR,-55.399554,-140.829759,2025-06-09 05:05:04
C00092,4160.14,virement,CN,-16.419452,15.953875,2025-06-04 10:49:04
C00079,2924.18,versement,IT,44.864944,109.474561,2025-06-15 13:20:04
C00139,4179.57,virement,CN,60.532707,124.97468,2025-06-14 03:16:04
C00072,941.72,paiement,DE,25.883467,3.330091,2025-06-06 14:38:04
C00153,294.05,retrait,FR,18.400645,120.246468,2025-06-01 22:12:04
C00011,2648.16,versement,CN,30.665588,-50.621951,2025-06-10 16:30:04
C00179,1802.02,achat,UK,41.59806,125.500213,2025-05-20 13:25:04
C00022,4567.05,achat,JP,64.472781,-100.323369,2025-06-08 17:46:04
C00015,2581.66,retrait,IT,-16.278946,26.642025,2025-06-06 04:19:04
C00016,3594.47,achat,DE,14.110559,-159.292226,2025-06-15 10:15:04
C00049,2449.85,versement,DE,-8.485114,-60.499096,2025-05-22 00:58:04
C00096,1932.89,retrait,CN,-34.741154,-85.2495,2025-06-02 23:01:04
C00141,1530.84,achat,FR,69.683084,48.822992,2025-05-19 09:16:04
C00072,1280.88,achat,UK,-65.669008,3.677649,2025-06-13 00:04:04
C00124,19.87,achat,UK,-32.128721,-135.975582,2025-06-15 15:29:04
C00159,688.29,virement,CN,-28.741639,43.767176,2025-05-25 01:20:04
C00087,1326.98,paiement,JP,48.083857,105.256809,2025-05-27 08:46:04
C00143,4485.07,retrait,US,66.523201,148.851223,2025-06-16 13:15:04
C00088,1133.78,versement,ES,-79.667858,-149.500457,2025-06-16 05:33:04
C00066,1760.41,retrait,FR,-4.455368,28.01637,2025-05-20 21:37:04
C00071,2964.61,virement,JP,-72.540163,-158.144046,2025-06-10 21:29:04
C00031,2031.83,paiement,US,78.721222,-128.267236,2025-05-20 18:24:04
C00109,2097.66,achat,US,44.585061,56.683135,2025-06-16 10:41:04
C00058,566.31,virement,JP,-70.432785,114.533907,2025-06-02 13:46:04
C00164,4475.04,retrait,FR,-54.546456,-138.155767,2025-05-20 16:41:04
C00093,1278.25,paiement,DE,0.589175,0.840355,2025-05-20 23:13:04
C00085,4278.33,versement,JP,5.73491,-83.891483,2025-06-12 14:29:04
C00142,4503.49,achat,US,-45.450377,-39.61279,2025-05-25 20:11:04
C00187,190.11,retrait,DE,-65.962542,-78.143249,2025-05-28 16:52:04
C00062,2307.71,retrait,DE,-5.865282,-37.784554,2025-05-24 05:31:04
C00113,3380.15,virement,CN,-49.305405,12.157516,2025-06-01 20:30:04
C00024,2168.69,versement,DE,35.83543,-125.662821,2025-06-04 08:04:04
C00155,1719.66,paiement,CN,67.498541,167.130074,2025-06-10 20:44:04
C00010,3198.93,versement,DE,-41.921181,71.271261,2025-06-15 07:44:04
C00173,3565.69,versement,FR,-13.04549,163.401276,2025-05-30 17:39:04
C00184,2623.64,retrait,JP,10.310942,95.242695,2025-05-18 10:12:04
C00107,476.42,retrait,JP,37.623074,158.300442,2025-05-28 12:30:04
C00082,4915.13,versement,US,84.63825,-173.226635,2025-06-04 12:03:04
C00189,197.75,achat,CN,44.93474,-25.804898,2025-05-25 10:47:04
C00134,1406.21,achat,DE,-16.313631,-168.055971,2025-05-22 15:28:04
C00112,2024.72,paiement,UK,-74.961311,135.441819,2025-05-29 22:38:04
C00194,857.4,paiement,CN,-1.154566,-157.064465,2025-05-31 21:32:04
C00181,1408.44,paiement,ES,-31.485713,-177.516035,2025-06-05 13:19:04
C00133,4329.1,retrait,ES,60.451125,-13.453525,2025-05-19 09:34:04
C00087,754.65,achat,DE,47.855474,32.562726,2025-05-18 11:56:04
C00011,4561.74,achat,ES,-85.377707,96.015855,2025-05-31 17:32:04
C00112,529.79,achat,FR,-12.462374,91.807963,2025-06-09 14:35:04
C00138,3660.0,paiement,FR,-8.423606,67.778167,2025-05-20 08:38:04
C00118,2784.98,paiement,ES,73.024828,97.44546,2025-05-20 02:52:04
C00003,4517.95,achat,UK,38.022146,66.93366,2025-05-19 11:06:04
C00145,2222.85,paiement,UK,32.567404,-106.98547,2025-05-21 03:46:04
C00024,1545.17,achat,DE,55.498791,-131.987112,2025-06-10 16:57:04
C00191,1032.4,versement,ES,64.202417,70.442281,2025-06-07 16:58:04
C00121,4578.71,retrait,UK,46.185193,9.383794,2025-06-01 21:26:04
C00070,4605.24,versement,CN,37.78205,-160.981762,2025-06-14 12:54:04
C00063,1903.08,virement,CN,83.874996,-127.898211,2025-05-23 23:24:04
C00129,4142.63,versement,DE,-59.798127,88.978325,2025-05-29 06:37:04
C00141,2199.26,versement,DE,-79.657005,-56.08125,2025-05-19 19:59:04
C00052,4115.69,paiement,US,81.779691,-29.214549,2025-05-31 13:20:04
C00013,3272.05,paiement,FR,57.499054,-117.115129,2025-05-29 09:35:04
C00020,269.58,versement,DE,22.157519,-12.998343,2025-06-12 17:59:04
C00179,3028.62,achat,FR,2.006711,146.790367,2025-05-22 21:03:04
C00011,2609.15,versement,DE,56.675745,-87.314262,2025-06-12 02:14:04
C00161,1599.96,virement,CN,21.844739,100.19041,2025-06-01 07:27:04
C00139,3709.01,achat,JP,67.862284,41.998577,2025-06-13 05:10:04
C00034,1468.37,paiement,FR,35.736122,-55.746669,2025-05-31 08:20:04
C00089,542.63,paiement,CN,-61.414795,-13.670311,2025-06-04 02:33:04
C00004,1853.7,retrait,JP,82.569951,62.527856,2025-06-08 02:33:04
C00010,1206.2,achat,IT,0.854751,-171.42767,2025-06-14 03:43:04
C00086,4349.63,retrait,CN,7.992865,64.673667,2025-05-18 17:29:04
C00010,340.83,achat,FR,-52.429891,123.054023,2025-06-02 04:48:04
C00009,34.4,virement,CN,-73.986648,-9.019635,2025-05-20 02:49:04
C00137,3579.89,achat,FR,-89.990551,-158.317499,2025-06-16 05:27:04
C00008,4610.63,achat,FR,43.779081,-52.280053,2025-06-02 14:52:04
C00162,4548.28,retrait,CN,-8.261181,49.205574,2025-05-18 05:20:04
C00173,3345.08,retrait,DE,23.069175,-161.74059,2025-06-04 16:39:04
C00014,3873.87,retrait,IT,22.201158,-165.186899,2025-06-10 04:28:04
C00137,298.3,paiement,FR,-39.176615,-2.596412,2025-05-27 03:21:04
C00186,4978.66,achat,FR,-3.346388,-73.271091,2025-06-05 10:26:04
C00001,361.1,achat,CN,88.869029,-18.080619,2025-06-14 03:24:04
C00102,4306.64,retrait,JP,-72.594605,12.221592,2025-05-29 10:19:04
C00075,202.2,versement,UK,-64.773022,125.938432,2025-06-12 08:06:04
C00156,4430.61,paiement,DE,-29.3512,-130.196074,2025-05-29 00:22:04
C00061,32.97,achat,CN,43.823921,141.383056,2025-06-13 20:28:04
C00075,1800.24,virement,FR,79.333757,157.346241,2025-05-23 09:54:04
C00096,4641.47,retrait,UK,-89.835053,-107.448162,2025-06-01 17:25:04
C00168,1750.54,versement,DE,-66.741468,-12.230126,2025-05-31 10:37:04
C00167,2586.68,versement,ES,35.871639,157.045948,2025-05-29 16:19:04
C00076,4658.38,paiement,UK,-40.465,110.528142,2025-05-30 01:11:04
C00186,4803.67,retrait,CN,-47.976804,-38.195159,2025-06-08 00:04:04
C00045,2257.59,versement,IT,75.257036,-38.385617,2025-06-08 06:10:04
C00109,235.37,retrait,JP,-18.472914,-68.316096,2025-05-19 13:25:04
C00132,4266.72,paiement,ES,-59.299722,43.654895,2025-06-02 19:19:04
C00064,197.77,retrait,ES,76.754663,-31.292021,2025-05-22 08:13:04
C00087,4817.13,retrait,UK,-44.325737,99.500697,2025-06-05 16:52:04
C00038,193.78,achat,ES,-32.040807,19.510752,2025-05-18 10:13:04
C00023,1079.64,versement,ES,-25.767184,134.394513,2025-06-03 07:59:04
C00026,2062.52,versement,IT,-55.766389,167.96413,2025-06-01 13:41:04
C00174,1182.54,paiement,IT,-10.752234,-129.858398,2025-05-23 11:33:04
C00169,3743.47,versement,ES,-42.224897,-150.348396,2025-05-31 15:06:04
C00178,2067.73,achat,IT,54.202573,-8.074381,2025-06-07 00:56:04
C00035,3221.11,achat,JP,59.34159,-126.022935,2025-06-16 22:00:04
C00031,603.98,versement,DE,-64.734288,132.521203,2025-06-15 15:42:04
C00182,2269.67,retrait,US,11.250469,-93.510535,2025-05-18 22:48:04
C00147,2638.12,versement,ES,49.24711,-12.596195,2025-06-16 11:34:04
C00037,3730.12,retrait,ES,6.604542,-111.094674,2025-06-03 06:59:04
C00130,845.8,retrait,CN,-71.078596,41.913311,2025-05-19 14:56:04
C00055,4470.57,virement,US,-10.444466,39.612442,2025-06-15 02:14:04
C00185,572.56,paiement,JP,45.981149,134.825148,2025-05-29 16:01:04
C00053,2845.88,retrait,DE,-24.094091,-3.240335,2025-05-27 20:07:04
C00024,2813.6,virement,JP,-29.291315,42.90228,2025-05-22 13:45:04
C00043,2173.08,achat,DE,-34.028876,123.927296,2025-06-08 04:13:04
C00064,1259.8,versement,UK,-55.343417,7.656079,2025-05-20 18:02:04
C00154,230.57,virement,ES,-14.067511,-83.961647,2025-06-08 20:41:04
C00136,165.04,virement,CN,22.734444,161.242734,2025-06-16 02:35:04
C00120,3077.15,achat,ES,-10.385911,72.556645,2025-06-11 22:21:04
C00170,235.54,achat,ES,-25.096222,30.326687,2025-06-12 14:28:04
C00096,3752.62,retrait,FR,2.07766,124.54358,2025-05-27 03:33:04
C00041,3387.31,virement,UK,42.291419,-155.182991,2025-05-21 21:48:04
C00111,386.28,versement,UK,26.521819,92.071538,2025-06-01 05:18:04
C00045,799.61,paiement,CN,-86.804871,34.466058,2025-05-29 10:13:04
C00122,2167.47,virement,UK,44.881128,-104.243303,2025-05-21 10:06:04
C00078,1911.39,achat,UK,-1.434288,14.853587,2025-06-01 16:21:04
C00116,2955.64,versement,DE,44.319819,20.313342,2025-05-18 10:10:04
C00067,4268.39,virement,US,-1.731671,-169.380997,2025-05-21 17:47:04
C00170,4728.45,retrait,JP,-76.517358,70.998263,2025-06-01 23:05:04
C00122,1891.61,paiement,JP,-10.671409,126.972429,2025-05-20 16:56:04
C00080,4741.43,paiement,DE,27.432312,-164.678881,2025-05-20 15:16:04
C00182,2752.11,retrait,DE,62.104041,83.881394,2025-05-30 17:40:04
C00031,2824.62,paiement,CN,51.628891,164.596252,2025-06-14 02:54:04
C00101,1625.64,achat,FR,-13.444043,-133.032967,2025-05-26 09:52:04
C00186,3879.85,paiement,IT,-39.007511,-21.401687,2025-06-11 01:04:04
C00090,3591.41,virement,FR,39.52698,-129.803081,2025-05-22 07:39:04
C00094,3973.9,virement,US,-60.339074,135.796196,2025-06-02 05:05:04
C00180,3164.21,virement,JP,-66.362087,-101.007293,2025-05-21 03:02:04
C00191,2516.52,versement,JP,88.569489,-4.105075,2025-05-20 23:20:04
C00188,3008.18,virement,UK,82.623195,-52.489776,2025-05-22 14:57:04
C00013,724.96,achat,JP,44.239159,108.43499,2025-05-23 05:04:04
C00122,102.32,virement,IT,37.284087,96.52912,2025-05-25 06:07:04
C00100,2255.11,achat,US,-12.107508,-56.195069,2025-05-24 09:46:04
C00028,3057.75,retrait,FR,-25.817472,-178.849903,2025-06-02 05:32:04
C00122,4668.72,versement,JP,23.142073,-116.551011,2025-06-16 14:02:04
C00029,4796.68,retrait,UK,39.099552,-34.717486,2025-06-15 08:25:04
C00161,3803.95,virement,CN,-60.73412,60.821467,2025-05-30 22:32:04
C00048,257.99,retrait,FR,-33.968535,-104.081549,2025-05-29 03:24:04
C00084,4938.05,achat,IT,-46.169521,-120.233264,2025-06-08 05:05:04
C00057,77.69,achat,FR,-45.752594,-136.857873,2025-06-12 16:07:04
C00007,4351.86,virement,UK,61.411609,-13.173796,2025-05-31 13:23:04
C00022,1558.23,paiement,FR,-61.5004,-44.069631,2025-05-26 13:01:04
C00170,813.79,paiement,UK,72.619065,125.312008,2025-05-24 21:59:04
C00059,1043.18,retrait,DE,-4.095253,-21.358159,2025-06-07 08:30:04
C00151,4347.99,virement,DE,20.589873,111.086164,2025-06-16 15:53:04
C00133,749.57,virement,US,-66.695954,22.139569,2025-06-08 10:30:04
C00140,4386.32,versement,ES,-66.691459,52.125634,2025-06-13 22:19:04
C00173,402.73,paiement,UK,-51.806243,-142.566161,2025-06-14 04:47:04
C00036,211.25,versement,DE,6.369218,40.851684,2025-06-09 23:21:04
C00053,761.81,retrait,IT,79.270342,179.197353,2025-06-02 00:49:04
C00059,3096.3,retrait,CN,73.779929,69.274771,2025-05-23 17:36:04
C00111,1959.65,virement,DE,-23.181187,-56.965085,2025-05-21 06:10:04
C00048,569.62,virement,DE,73.534213,126.34863,2025-05-21 18:27:04
C00081,1125.31,retrait,CN,61.261265,73.547911,2025-06-09 20:06:04
C00074,1613.59,paiement,FR,12.681317,0.339504,2025-05-30 17:04:04
C00061,467.34,virement,FR,83.09712,64.252723,2025-06-14 02:40:04
C00173,656.4,versement,JP,-65.410701,-30.858448,2025-06-09 19:05:04
C00133,4113.64,retrait,JP,27.743619,58.599584,2025-05-26 23:57:04
C00080,1015.33,virement,JP,-57.785049,-30.87466,2025-05-25 19:54:04
C00138,744.33,paiement,CN,-49.019136,141.96206,2025-06-15 20:45:04
C00108,3920.7,paiement,CN,26.333167,-69.604712,2025-06-03 19:10:04
C00120,3269.37,versement,UK,-60.818795,115.056998,2025-05-31 14:22:04
C00022,1676.33,virement,FR,-42.676139,-95.570013,2025-05-29 05:21:04
C00031,3090.68,retrait,CN,67.759861,63.030463,2025-05-23 09:35:04
C00043,890.1,versement,FR,75.550443,-19.788283,2025-06-16 11:28:04
C00032,3102.82,achat,CN,78.928592,13.782589,2025-06-03 08:46:04
C00060,1142.32,retrait,CN,-65.175537,-4.333251,2025-06-01 00:23:04
C00019,1738.42,achat,CN,-70.401008,70.29937,2025-05-26 09:52:04
C00058,3873.61,paiement,JP,-41.93795,2.10853,2025-06-04 18:14:04
C00141,4548.24,versement,US,14.725188,177.65366,2025-06-08 16:55:04
C00178,878.43,paiement,UK,-71.880346,107.789803,2025-05-26 18:17:04
C00162,2806.65,paiement,US,75.199202,114.34362,2025-05-25 17:43:04
C00196,2288.46,versement,FR,78.474443,10.867317,2025-05-23 05:08:04
C00054,2677.6,retrait,DE,83.860296,-168.690422,2025-06-03 00:42:04
C00177,3358.01,versement,IT,89.214896,114.178566,2025-05-22 15:23:04
C00120,3288.95,virement,IT,-51.385392,-38.212755,2025-06-11 03:40:04
C00114,3529.01,paiement,CN,-80.532602,-152.090006,2025-05-28 00:25:04
C00073,3964.68,versement,JP,-30.287775,93.655562,2025-06-05 11:53:04
C00021,2500.31,virement,UK,-20.665132,-176.707926,2025-05-25 19:06:04
C00021,1145.37,versement,DE,-2.376708,4.347682,2025-05-28 08:30:04
C00034,4091.95,paiement,US,80.714012,177.897998,2025-05-26 10:29:04
C00011,2071.57,paiement,DE,83.947023,41.051424,2025-05-21 16:47:04
C00087,3491.08,retrait,UK,-35.503982,71.098216,2025-06-08 01:39:04
C00172,2852.36,achat,ES,-9.267562,-157.735898,2025-06-05 06:23:04
C00109,373.85,versement,ES,78.382582,77.356388,2025-06-07 10:54:04
C00048,3933.25,virement,US,13.3132,9.352456,2025-05-31 18:11:04
C00198,2201.05,versement,IT,-38.638459,151.260698,2025-05-23 07:08:04
C00168,2574.71,versement,IT,60.146449,6.479682,2025-05-22 09:51:04
C00164,106.71,achat,FR,62.314567,105.525405,2025-06-01 10:34:04
C00079,522.9,virement,US,18.78452,-54.441744,2025-05-25 02:27:04
C00126,4434.82,virement,ES,16.620171,134.098109,2025-05-22 06:04:04
C00169,672.51,virement,CN,80.115191,-57.332602,2025-05-28 17:46:04
C00065,4211.83,virement,CN,69.122269,-64.530991,2025-05-25 07:09:04
C00184,3660.0,virement,DE,-16.889983,156.803363,2025-06-01 15:53:04
C00167,3485.55,paiement,ES,4.128985,69.127505,2025-06-06 08:10:04
C00148,4694.45,retrait,US,-4.935607,-39.015399,2025-05-22 07:23:04
C00058,3110.84,retrait,DE,3.82092,-123.814829,2025-05-19 15:09:04
C00061,2003.52,achat,DE,8.164851,32.31008,2025-06-14 22:32:04
C00153,2276.83,virement,FR,-13.892165,-96.189758,2025-06-07 01:49:04
C00016,2979.92,retrait,ES,-2.018817,-78.934871,2025-06-01 15:03:04
C00086,1409.85,achat,US,1.185206,-70.139626,2025-05-22 20:57:04
C00031,3924.07,versement,JP,67.359401,176.734737,2025-05-29 04:42:04
C00184,2961.64,versement,JP,-14.872121,41.900848,2025-06-15 06:17:04
C00020,658.96,retrait,ES,-48.840971,131.125556,2025-05-28 06:30:04
C00042,1406.25,versement,UK,-25.711487,-66.664972,2025-06-15 13:49:04
C00036,4822.48,virement,US,40.505705,-52.643034,2025-06-04 20:40:04
C00156,3745.86,virement,DE,-28.240144,-14.589433,2025-05-26 01:05:04
C00144,3919.11,retrait,CN,35.823668,-29.412205,2025-05-19 12:58:04
C00185,3200.47,virement,JP,-33.6542,-93.826153,2025-05-25 03:53:04
C00083,394.13,paiement,CN,43.730372,146.7046,2025-05-22 23:28:04
C00171,4750.04,virement,UK,58.378933,-74.780972,2025-06-11 15:39:04
C00102,4041.13,virement,UK,-80.58047,166.016361,2025-06-13 19:51:04
C00060,4150.27,achat,CN,-40.917005,-161.926023,2025-06-01 02:38:04
C00095,787.2,retrait,FR,-24.448971,-112.69983,2025-06-02 03:31:04
C00078,299.87,versement,US,-62.03317,-164.36409,2025-06-10 12:35:04
C00001,3711.96,achat,US,-76.966153,-10.940924,2025-06-02 06:21:04
C00003,137.01,versement,UK,83.952112,151.35151,2025-05-17 23:55:04
C00113,2283.27,paiement,ES,37.551486,-131.526308,2025-06-02 20:14:04
C00068,1959.11,retrait,US,-88.99561,-52.150345,2025-06-09 06:06:04
C00084,650.48,versement,ES,61.904046,141.725404,2025-05-24 09:38:04
C00003,4368.1,retrait,DE,-59.514678,-47.740956,2025-05-20 12:45:04
C00086,3515.65,retrait,FR,-70.074001,146.387347,2025-06-10 09:36:04
C00087,4665.42,retrait,IT,73.382582,108.546663,2025-05-26 05:58:04
C00018,760.08,versement,CN,-62.090616,158.704936,2025-06-05 09:00:04
C00004,2822.63,paiement,IT,-46.527048,163.745847,2025-06-15 04:27:04
C00157,2154.04,versement,US,45.594418,-5.759968,2025-05-18 04:30:04
C00122,2302.17,paiement,FR,-63.969116,-152.959991,2025-06-07 17:39:04
C00016,2608.17,virement,DE,-79.603919,-40.175915,2025-05-28 19:47:04
C00113,3416.36,paiement,ES,-65.088077,-71.050238,2025-06-11 14:01:04
C00168,4433.15,achat,ES,38.501474,114.901968,2025-05-23 15:12:04
C00009,3448.79,virement,DE,-79.649156,-71.495201,2025-06-16 13:17:04
C00006,738.1,retrait,ES,-11.757073,98.315976,2025-05-20 20:37:04
C00113,4380.26,achat,ES,-75.951887,164.725579,2025-05-22 08:40:04
C00049,1236.58,achat,FR,-72.065732,-34.156794,2025-05-26 18:11:04
C00144,3971.64,versement,DE,77.354134,77.157055,2025-05-30 21:31:04
C00142,1060.44,retrait,ES,20.785456,-157.958712,2025-06-04 12:51:04
C00161,14.28,paiement,US,46.510255,-109.852278,2025-06-15 22:55:04
C00014,2414.27,paiement,ES,85.85245,-141.147494,2025-06-09 22:39:04
C00036,3061.14,virement,IT,-32.869082,-154.953777,2025-05-20 09:35:04
C00179,249.29,retrait,DE,-12.578088,-93.012517,2025-06-04 12:33:04
C00077,2531.78,achat,DE,4.799405,173.425874,2025-05-23 22:04:04
C00140,1323.18,virement,US,70.595554,-43.614494,2025-05-25 17:48:04
C00115,728.42,achat,FR,-26.401244,136.999902,2025-06-07 04:18:04
C00095,513.91,retrait,DE,59.059582,-147.31334,2025-06-11 04:54:04
C00048,3623.94,virement,JP,74.094137,-166.931875,2025-06-05 12:30:04
C00190,3645.93,achat,ES,-1.885041,-89.315778,2025-05-27 01:39:04
C00022,76.11,versement,CN,-15.557125,11.614643,2025-05-28 08:53:04
C00171,3960.75,retrait,IT,53.385965,29.246763,2025-06-07 11:53:04
C00053,1109.41,retrait,ES,25.652784,170.719396,2025-05-28 00:04:04
C00116,3836.64,retrait,IT,-35.891243,-41.117912,2025-06-07 18:49:04
C00060,2698.85,virement,IT,-67.602118,-152.981816,2025-06-05 19:25:04
C00170,3564.68,paiement,JP,-33.523948,-166.251343,2025-05-24 16:16:04
C00166,2084.46,achat,JP,51.713915,-6.57411,2025-05-28 00:17:04
C00131,1451.03,versement,CN,-18.260211,59.659964,2025-05-24 19:40:04
C00027,2092.19,versement,FR,-40.918068,-76.502277,2025-05-23 11:15:04
C00161,658.2,achat,FR,-84.850058,-31.254774,2025-05-31 00:38:04
C00182,3392.59,versement,DE,-43.511871,112.282752,2025-06-13 20:24:04
C00121,3612.43,retrait,JP,85.673785,-128.921591,2025-06-02 19:54:04
C00078,1473.97,virement,CN,31.442776,-67.525871,2025-06-07 03:21:04
C00059,3897.34,retrait,ES,-52.236916,-3.099607,2025-05-31 07:07:04
C00098,3441.03,versement,FR,23.403067,-147.780045,2025-05-30 06:15:04
C00039,2047.65,achat,IT,82.542751,47.714093,2025-06-02 07:08:04
C00198,4416.98,versement,CN,-52.101029,-86.579284,2025-06-14 10:00:04
C00166,2483.72,virement,DE,77.035864,-68.948932,2025-06-12 21:23:04
C00176,1521.78,achat,DE,60.877403,-141.843897,2025-05-29 09:20:04
C00169,4977.85,retrait,FR,79.632601,-20.789548,2025-06-05 05:26:04
C00127,4372.94,retrait,FR,51.812611,98.527225,2025-05-20 20:33:04
C00023,2706.99,versement,JP,52.23686,68.027779,2025-06-07 22:40:04
C00197,876.18,versement,FR,-48.055486,-162.936847,2025-06-12 19:05:04
C00011,3807.38,retrait,UK,35.190278,18.350577,2025-05-20 16:29:04
C00024,3682.48,achat,ES,-65.623279,-14.258222,2025-05-24 07:22:04
C00134,2704.46,virement,CN,-1.712201,42.311413,2025-06-08 22:52:04
C00099,1756.9,retrait,US,15.75856,-23.858622,2025-06-05 09:53:04
C00111,484.73,achat,ES,65.027935,0.007679,2025-06-04 13:52:04
C00129,791.72,retrait,CN,40.174345,-138.860936,2025-05-31 03:15:04
C00168,1132.5,retrait,US,42.693189,68.556652,2025-06-10 08:06:04
C00104,916.68,versement,FR,3.236519,-91.579997,2025-05-28 21:13:04
C00149,2379.14,virement,JP,-26.628108,147.789692,2025-05-29 05:14:04
C00133,770.94,virement,US,40.227997,-175.935734,2025-05-30 22:39:04
C00113,1852.79,paiement,ES,50.093536,139.068328,2025-06-02 03:44:04
C00064,3179.01,virement,ES,45.956088,-176.841322,2025-06-14 06:57:04
C00160,3145.39,retrait,FR,5.202463,-38.304971,2025-06-03 12:48:04
C00126,3842.3,versement,UK,-37.259973,-59.73693,2025-06-05 15:31:04
C00076,1766.91,virement,CN,-85.590066,-153.885583,2025-06-12 11:48:04
C00050,2146.45,retrait,IT,-6.603515,179.729072,2025-06-11 17:56:04
C00176,1399.19,paiement,DE,-72.827499,-112.369943,2025-05-25 00:29:04
C00097,819.92,versement,US,-88.001418,124.033122,2025-05-28 09:33:04
C00008,4739.68,paiement,JP,-36.350263,147.49609,2025-05-28 22:40:04
C00030,784.57,retrait,FR,-69.053309,-121.634366,2025-06-01 06:16:04
C00004,2401.13,versement,UK,55.597582,-44.446425,2025-06-04 12:26:04
C00092,1634.75,paiement,JP,-24.150539,-69.519219,2025-05-18 06:25:04
C00143,2408.98,retrait,UK,45.246024,-0.851532,2025-06-04 10:08:04
C00006,3435.01,paiement,IT,-63.307188,176.94154,2025-06-03 16:50:04
C00173,3784.06,paiement,ES,37.131246,100.749387,2025-05-22 22:18:04
C00074,2020.32,retrait,FR,-79.624058,112.23811,2025-06-15 19:29:04
C00159,1262.91,retrait,FR,88.753819,18.344268,2025-06-16 19:29:04
C00117,2167.23,versement,US,-60.351697,67.563209,2025-05-29 10:29:04
C00194,4913.14,paiement,ES,-50.609618,176.546266,2025-06-12 02:28:04
C00084,1470.85,retrait,DE,70.025678,85.026014,2025-06-06 17:44:04
C00193,2066.24,virement,JP,-51.353918,-62.108594,2025-05-18 11:59:04
C00072,3365.71,paiement,IT,-88.410804,-46.218529,2025-06-06 22:43:04
C00167,856.57,achat,FR,9.010437,-77.151789,2025-06-12 09:32:04
C00183,1227.26,virement,ES,-46.494848,81.446486,2025-05-28 04:21:04
C00167,4260.71,virement,JP,-43.225717,124.214269,2025-06-12 07:58:04
C00130,404.32,achat,DE,78.100987,10.847264,2025-06-15 11:07:04
C00026,3556.05,versement,ES,-73.206746,-70.342512,2025-06-05 18:27:04
C00018,4108.91,virement,ES,42.790614,104.677518,2025-05-22 22:52:04
C00144,4843.25,versement,US,41.707921,-64.231766,2025-06-08 19:54:04
C00012,2232.15,paiement,FR,26.396661,-28.689236,2025-06-06 02:37:04
C00178,2161.25,achat,IT,15.956129,-157.448192,2025-06-12 12:13:04
C00196,656.76,virement,US,-57.923424,106.455337,2025-05-26 17:13:04
C00127,4326.75,versement,FR,66.346902,163.045846,2025-05-22 14:53:04
C00164,3346.03,versement,UK,15.331379,117.287203,2025-06-11 20:29:04
C00161,1461.42,achat,JP,-8.847,-53.863515,2025-06-01 17:09:04
C00120,581.67,versement,CN,19.856529,109.472726,2025-05-21 20:40:04
C00165,2522.05,virement,UK,8.254556,-126.077215,2025-05-31 09:03:04
C00086,2928.9,retrait,DE,-84.132754,-134.751793,2025-05-18 21:51:04
C00079,1219.29,versement,DE,-44.406057,-88.1965,2025-06-15 19:51:04
C00070,708.67,achat,US,60.554112,4.821113,2025-06-03 12:13:04
C00096,2974.44,virement,IT,-51.20173,127.323788,2025-06-01 01:04:04
C00126,4070.64,virement,CN,-20.825808,-142.309764,2025-06-11 16:55:04
C00005,3694.29,virement,US,-50.682049,69.642434,2025-06-14 00:16:04
C00045,4681.73,achat,ES,-77.752668,-60.226931,2025-05-25 01:24:04
C00056,2108.95,paiement,FR,-5.249194,44.062182,2025-06-08 03:05:04
C00012,3971.02,achat,CN,-89.65771,-88.232111,2025-06-04 06:35:04
C00076,2632.43,retrait,US,-55.897112,56.954449,2025-06-08 03:11:04
C00077,3202.53,virement,US,-44.353321,172.19783,2025-06-15 06:06:04
C00130,3900.3,achat,FR,-48.660552,-135.295794,2025-06-15 04:28:04
C00163,4387.28,paiement,US,79.703307,86.214599,2025-06-03 08:37:04
C00033,2944.33,versement,DE,13.32423,74.733162,2025-05-18 06:58:04
C00023,2185.03,paiement,CN,5.533989,5.764494,2025-06-10 17:46:04
C00114,3867.48,versement,US,-20.142816,62.07719,2025-05-30 00:13:04
C00021,1192.88,achat,DE,34.001597,70.24999,2025-05-20 13:52:04
C00092,3227.86,paiement,IT,14.915413,54.016113,2025-05-23 21:35:04
C00077,517.57,achat,FR,53.982596,-74.031822,2025-06-10 10:12:04
C00090,4119.21,achat,UK,35.083364,-20.059726,2025-06-04 09:36:04
C00012,2653.01,versement,FR,53.958116,38.670496,2025-05-23 23:04:04
C00119,2481.04,paiement,JP,43.207797,-34.307746,2025-05-29 22:49:04
C00198,480.59,achat,US,-55.040231,34.419914,2025-06-15 19:06:04
C00128,2248.79,achat,JP,-32.28881,-16.60946,2025-05-20 22:25:04
C00146,1269.87,paiement,US,61.15511,-98.558621,2025-05-24 03:26:04
C00042,1872.47,virement,DE,-58.278126,-80.326456,2025-05-20 14:41:04
C00159,4716.16,achat,ES,43.06364,-117.08313,2025-06-03 15:16:04
C00181,2548.89,virement,IT,53.699393,136.165412,2025-06-12 10:06:04
C00103,3362.26,virement,FR,-3.087742,-28.293456,2025-05-29 13:24:04
C00187,1366.9,virement,UK,-50.390676,-128.350915,2025-05-21 08:21:04
C00163,2624.41,paiement,DE,4.164308,153.90984,2025-06-14 04:25:04
C00192,3095.29,versement,DE,45.058554,-178.904231,2025-06-09 22:47:04
C00025,4179.84,versement,IT,-38.708836,-103.645257,2025-06-11 01:05:04
C00076,1747.48,virement,DE,-34.784276,-104.758656,2025-06-07 23:17:04
C00013,1989.01,paiement,US,59.152846,167.340599,2025-05-20 00:12:04
C00019,3032.78,paiement,CN,79.193507,42.841075,2025-05-28 01:00:04
C00192,2318.12,versement,ES,36.139628,162.990042,2025-06-11 00:52:04
C00008,1964.28,virement,ES,-30.451383,159.705179,2025-05-23 14:34:04
C00128,4688.15,virement,UK,-23.594694,138.875549,2025-05-29 06:36:04
C00150,1281.2,versement,UK,77.641772,-77.981677,2025-05-26 13:50:04
C00054,4869.38,achat,DE,-70.746833,-19.768891,2025-06-08 00:05:04
C00131,2046.88,versement,IT,-51.412651,-114.657044,2025-05-31 12:41:04
C00106,393.36,retrait,JP,-56.901918,129.997044,2025-06-15 18:41:04
C00094,657.58,achat,FR,-48.890658,-111.863574,2025-05-19 04:29:04
C00018,3692.18,achat,DE,-27.494153,-31.776464,2025-06-16 13:30:04
C00182,1789.16,paiement,US,-55.974063,-45.306597,2025-06-06 00:38:04
C00138,2248.86,virement,CN,-28.779964,-88.91381,2025-06-12 13:26:04
C00033,511.13,achat,DE,52.151461,-164.462032,2025-05-31 07:26:04
C00098,382.43,paiement,DE,-37.018819,161.972447,2025-06-09 11:39:04
C00016,402.34,versement,DE,78.13027,94.259922,2025-05-18 20:23:04
C00171,4203.0,virement,CN,-41.907167,-105.740559,2025-06-14 14:53:04
C00131,55.32,virement,UK,-18.916784,175.499517,2025-06-12 09:49:04
C00030,2195.85,achat,JP,-9.361592,1.146174,2025-05-25 11:24:04
C00028,1555.22,achat,ES,-89.196323,-122.758535,2025-06-01 15:19:04
C00150,2802.4,achat,IT,-76.540033,-41.108656,2025-06-12 19:36:04
C00008,4203.59,retrait,CN,13.666398,162.308195,2025-05-31 16:53:04
C00038,50.59,paiement,UK,-66.297802,-12.036795,2025-05-25 12:05:04
C00115,1400.84,versement,JP,-72.798298,-31.327356,2025-06-08 18:01:04
C00114,3600.59,achat,UK,34.901815,165.69623,2025-06-06 08:54:04
C00044,1929.28,retrait,FR,9.352425,109.763751,2025-06-12 23:00:04
C00029,3647.16,versement,DE,-49.19045,163.173832,2025-05-25 07:13:04
C00131,1537.62,versement,CN,17.114435,67.376986,2025-06-07 05:52:04
C00023,1419.38,paiement,IT,-19.011425,-96.702541,2025-05-29 20:59:04
C00198,665.75,retrait,DE,61.661814,-53.906819,2025-06-07 00:10:04
C00156,4881.74,paiement,DE,74.994196,-99.919485,2025-05-19 08:40:04
C00062,2743.04,retrait,UK,5.819955,-61.312186,2025-06-16 23:02:04
C00022,653.04,achat,CN,56.079672,28.251119,2025-05-30 19:06:04
C00007,3204.81,retrait,FR,-44.795617,-8.970743,2025-06-11 06:59:04
C00178,1407.15,achat,DE,70.943395,-55.941844,2025-05-19 10:39:04
C00005,3963.68,retrait,DE,75.440412,12.994968,2025-06-12 00:10:04
C00064,1188.25,retrait,JP,26.608324,-39.522819,2025-05-26 12:04:04
C00096,3396.71,virement,DE,-66.402801,66.56362,2025-06-07 02:30:04
C00141,1982.89,retrait,UK,-72.70762,129.882036,2025-05-18 12:34:04
C00061,4081.25,achat,UK,-55.092498,39.323184,2025-06-11 20:31:04
C00048,4410.64,achat,US,-61.877904,149.729071,2025-06-01 01:38:04
C00181,724.89,achat,ES,-20.88357,176.652711,2025-05-25 19:09:04
C00036,3632.01,achat,UK,70.504947,-20.336696,2025-06-13 06:53:04
C00081,4148.6,virement,UK,-3.804692,114.064135,2025-05-28 03:25:04
C00185,1250.7,versement,DE,-63.127576,153.548959,2025-05-25 10:45:04
C00108,451.1,paiement,DE,-83.487221,102.441672,2025-06-13 18:13:04
C00154,2379.9,virement,CN,80.604344,-134.234934,2025-06-15 18:31:04
C00005,2991.65,versement,UK,62.786562,167.873717,2025-06-02 02:08:04
C00171,3180.17,paiement,IT,84.952083,166.103469,2025-06-16 18:03:04
C00073,2847.39,virement,UK,-80.106651,27.973333,2025-05-22 11:21:04
C00061,2588.68,paiement,CN,56.203587,32.279428,2025-05-20 02:27:04
C00049,1592.52,versement,DE,37.494848,-34.200988,2025-06-07 05:17:04
C00059,3853.23,retrait,IT,62.887511,-166.99522,2025-05-24 05:20:04
C00189,251.6,virement,ES,35.890505,89.870285,2025-06-05 12:35:04
C00194,4566.24,retrait,UK,-5.280932,-120.491941,2025-05-29 23:57:04
C00066,4518.02,virement,DE,8.256021,-143.221767,2025-06-05 12:25:04
C00181,3194.71,versement,ES,-19.810945,166.083653,2025-06-11 08:25:04
C00178,2477.3,paiement,CN,-32.121757,162.347782,2025-06-02 04:18:04
C00031,373.35,virement,DE,-49.125921,173.644719,2025-06-02 00:11:04
C00142,2580.19,retrait,UK,-50.576702,-162.985612,2025-06-01 13:44:04
C00026,2615.29,paiement,JP,-26.470517,68.812732,2025-05-20 16:07:04
C00006,2588.9,achat,IT,12.17828,178.112938,2025-06-04 11:27:04
C00183,2967.75,virement,UK,37.231898,12.304592,2025-06-07 02:56:04
C00177,1128.38,achat,FR,46.988959,176.86923,2025-05-24 19:37:04
C00197,1570.91,retrait,DE,-5.029837,-56.731791,2025-05-20 03:48:04
C00017,1873.22,achat,DE,-11.903097,-140.443364,2025-06-07 05:58:04
C00109,416.96,achat,JP,72.465424,94.990264,2025-05-21 00:29:04
C00112,3498.96,versement,CN,-31.586607,-0.346198,2025-06-10 06:01:04
C00008,1614.84,retrait,FR,-46.928355,-55.127695,2025-05-20 18:14:04
C00070,2092.86,paiement,DE,66.809733,-115.376454,2025-05-19 01:35:04
C00170,3046.06,paiement,IT,-85.681814,-72.12175,2025-06-09 15:42:04
C00194,2623.16,retrait,FR,11.773138,-155.317813,2025-06-03 04:34:04
C00195,1611.51,achat,DE,88.331405,47.962636,2025-05-22 13:24:04
C00082,3844.95,retrait,US,27.164648,-7.886252,2025-05-30 07:13:04
C00152,1721.18,retrait,UK,52.94945,162.40174,2025-06-10 09:52:04
C00047,4305.78,paiement,DE,33.97955,43.278268,2025-05-24 10:35:04
C00131,1069.04,retrait,UK,-78.863598,13.307683,2025-05-30 07:51:04
C00156,1531.27,paiement,DE,-36.626433,-14.472027,2025-06-01 21:12:04
C00114,799.08,versement,CN,11.761041,11.477953,2025-06-15 20:51:04
C00088,2368.12,achat,UK,60.170516,155.066202,2025-06-11 07:21:04
C00026,4149.35,paiement,DE,30.371371,34.360864,2025-05-31 19:15:04
C00124,482.76,versement,UK,73.990806,0.79253,2025-05-24 13:56:04
C00018,501.78,achat,FR,12.892847,-125.963933,2025-05-29 07:28:04
C00079,4863.35,achat,DE,21.247742,95.988367,2025-05-28 15:09:04
C00024,1415.43,versement,ES,72.107349,78.394667,2025-05-28 06:46:04
C00134,3428.09,paiement,ES,-45.559678,-154.166107,2025-05-30 11:17:04
C00084,4929.72,versement,US,45.071772,-95.146163,2025-05-25 07:45:04
C00157,4474.18,achat,DE,72.748177,-92.843142,2025-06-04 23:20:04
C00178,838.85,paiement,ES,42.71729,-15.216309,2025-05-28 12:52:04
C00079,1146.53,paiement,IT,44.004729,32.476907,2025-06-06 09:25:04
C00041,2816.55,paiement,UK,49.607764,-32.002281,2025-06-16 13:50:04
C00116,953.45,retrait,UK,-29.552522,-160.276811,2025-05-29 13:09:04
C00159,4622.19,paiement,CN,0.527465,-128.509995,2025-05-22 08:41:04
C00130,838.98,virement,JP,-63.359675,111.926315,2025-06-12 19:55:04
C00088,3625.67,virement,IT,-64.90408,3.975476,2025-06-09 08:38:04
C00110,3406.81,virement,ES,-88.836669,-172.231476,2025-05-21 20:26:04
C00028,2696.22,virement,FR,10.965243,-94.775551,2025-05-21 05:42:04
C00199,2735.39,versement,DE,-1.388197,176.63263,2025-05-24 16:38:04
C00100,192.94,achat,US,42.447076,-146.242722,2025-06-08 23:23:04
C00055,4509.42,paiement,JP,77.476676,-48.835189,2025-06-06 01:03:04
C00064,1486.86,versement,DE,-86.9706,76.565997,2025-06-07 03:32:04
C00085,3512.56,virement,DE,-23.655466,-10.118844,2025-06-01 08:16:04
C00097,4610.07,retrait,IT,10.073688,28.704766,2025-06-04 05:51:04
C00017,3307.5,virement,US,-30.127701,-172.070607,2025-05-31 07:52:04
C00047,1357.63,versement,JP,-33.584322,-41.990439,2025-06-15 20:01:04
C00087,3962.8,versement,FR,-68.749593,7.123953,2025-05-27 02:21:04
C00142,239.82,virement,UK,-69.582584,-132.709691,2025-06-06 22:25:04
C00152,562.26,versement,IT,25.458572,29.180144,2025-05-26 11:30:04
C00061,1118.92,paiement,CN,-31.878997,-155.222992,2025-06-13 14:34:04
C00036,802.15,virement,US,48.130279,-127.210546,2025-05-30 07:45:04
C00179,4801.02,retrait,US,63.270506,40.793258,2025-05-28 04:21:04
C00180,386.06,retrait,FR,52.150606,-139.375408,2025-06-09 18:28:04
C00106,2134.93,paiement,DE,4.970401,-76.391609,2025-05-20 01:56:04
C00170,3776.47,retrait,ES,7.892184,-20.297392,2025-06-15 08:07:04
C00131,1510.03,retrait,JP,61.618674,-171.781873,2025-05-28 04:02:04
C00031,3552.1,achat,ES,57.691231,15.70621,2025-06-11 15:34:04
C00079,3491.82,achat,DE,-46.749873,-107.333909,2025-06-13 13:47:04
C00063,1902.96,paiement,US,65.104618,-39.721284,2025-06-16 12:21:04
C00037,1217.5,retrait,US,21.624574,-2.173479,2025-06-08 17:42:04
C00158,3604.68,achat,JP,-29.373082,-161.775645,2025-05-25 01:14:04
C00017,4750.01,retrait,ES,-74.499158,-32.624619,2025-05-29 02:50:04
C00064,2958.63,achat,FR,67.427604,56.893709,2025-05-21 05:45:04
C00175,1041.05,retrait,ES,-4.331166,-3.35285,2025-06-11 01:39:04
C00011,3376.14,virement,UK,4.450439,-117.185781,2025-06-15 06:31:04
C00181,1609.77,paiement,FR,35.710651,51.873559,2025-05-28 18:26:04
C00091,2073.29,achat,US,-1.373637,173.34039,2025-06-04 11:48:04
C00188,1101.63,virement,US,27.836687,7.260934,2025-06-08 04:11:04
C00032,470.77,virement,DE,-82.052877,-58.476587,2025-05-25 00:10:04
C00043,3153.72,versement,CN,78.164785,29.795914,2025-06-06 15:39:04
C00168,1623.51,paiement,CN,-23.262532,-152.2777,2025-05-25 02:14:04
C00160,1981.11,virement,DE,65.244018,175.78505,2025-05-23 07:24:04
C00160,2983.85,retrait,FR,62.929969,-93.529624,2025-06-07 22:37:04
C00156,1718.55,versement,FR,1.726965,139.21194,2025-06-09 04:28:04
C00103,3226.46,versement,IT,-71.03363,86.812091,2025-06-04 14:31:04
C00144,1376.89,versement,US,-1.476923,-81.317008,2025-06-01 04:38:04
C00115,3610.62,virement,IT,74.276757,25.057191,2025-06-13 11:17:04
C00052,3741.2,achat,ES,51.407909,11.836266,2025-05-23 08:09:04
C00065,2219.89,virement,UK,-40.438518,96.112495,2025-05-21 19:01:04
C00075,1962.73,paiement,IT,64.079598,-107.217554,2025-05-18 08:16:04
C00046,4527.26,retrait,FR,-3.706981,-151.173572,2025-06-04 23:55:04
C00190,4973.66,retrait,FR,-57.533059,-53.75156,2025-06-15 20:58:04
C00133,2305.79,retrait,UK,-4.800522,-72.801409,2025-05-20 15:56:04
C00013,345.35,achat,IT,57.934769,-62.625311,2025-06-04 13:49:04
C00105,3140.47,versement,JP,-20.030125,-112.95559,2025-05-19 10:28:04
C00096,1743.51,virement,CN,64.314578,33.140194,2025-05-22 02:47:04
C00006,3120.88,paiement,IT,4.384082,-120.075053,2025-06-01 20:37:04
C00153,4823.66,paiement,IT,-69.429804,-141.189508,2025-05-29 12:48:04
C00159,4881.0,paiement,ES,-19.940359,25.088732,2025-05-19 10:30:04
C00073,2469.36,retrait,DE,-33.350736,2.368405,2025-05-25 13:48:04
C00105,4630.34,paiement,UK,-0.066673,94.244635,2025-06-13 01:16:04
C00179,4060.45,virement,IT,-74.994585,-141.614973,2025-06-13 19:10:04
C00043,3534.53,virement,DE,51.078398,-58.451642,2025-05-18 18:14:04
C00006,583.37,achat,DE,-60.913725,-72.211961,2025-06-01 21:36:04
C00044,491.19,paiement,US,31.144711,-160.184569,2025-06-10 07:00:04
C00096,2977.59,paiement,JP,14.98799,-48.950164,2025-06-09 02:33:04
C00086,1000.72,achat,UK,-54.931974,115.110503,2025-06-14 21:59:04
C00128,423.61,versement,ES,10.094107,163.926896,2025-06-13 01:39:04
C00040,2491.86,retrait,UK,-82.818921,64.882485,2025-06-09 01:23:04
C00139,163.35,paiement,JP,-12.161976,165.760325,2025-05-21 09:01:04
C00133,423.51,retrait,US,81.913131,-53.114505,2025-06-03 16:31:04
C00167,1729.03,virement,FR,-62.268071,-80.91786,2025-05-18 10:59:04
C00179,120.07,paiement,JP,-74.786192,-36.523111,2025-05-25 11:57:04
C00139,3372.2,achat,DE,5.316318,101.44067,2025-05-25 17:11:04
C00023,1148.41,achat,ES,-48.979601,67.101226,2025-05-24 21:51:04
C00185,2571.59,paiement,FR,58.75533,151.645795,2025-06-08 11:15:04
C00030,1919.89,paiement,DE,21.470884,-17.856042,2025-05-30 06:44:04
C00171,807.07,retrait,IT,17.010601,-34.652441,2025-05-24 11:51:04
C00164,4051.14,retrait,CN,-17.757408,-120.835529,2025-05-23 00:04:04
C00002,2531.52,achat,IT,-15.055695,159.783613,2025-06-02 05:00:04
C00023,1020.25,achat,IT,43.837209,-95.297385,2025-05-22 15:09:04
C00027,1994.5,paiement,JP,-64.389826,115.963705,2025-06-03 04:27:04
C00137,3464.46,versement,JP,-64.695721,-127.889093,2025-06-04 19:39:04
C00155,3482.26,versement,JP,-53.294526,44.550043,2025-05-31 03:56:04
C00185,2578.67,achat,US,-58.483535,148.997919,2025-05-23 20:41:04
C00019,3913.83,virement,ES,66.628832,170.24447,2025-06-01 14:58:04
C00100,3835.71,paiement,IT,-63.367922,126.325236,2025-05-27 00:03:04
C00115,3258.75,achat,IT,50.426158,39.284543,2025-05-29 04:08:04
C00055,818.17,achat,JP,-35.032974,34.981349,2025-06-10 16:02:04
C00174,2298.27,versement,ES,63.325934,-118.897861,2025-05-28 12:51:04
C00196,2668.28,virement,US,-26.036231,152.949805,2025-06-01 01:05:04
C00011,4269.66,retrait,IT,-70.15732,-7.110153,2025-05-28 04:47:04
C00152,4401.69,versement,DE,-48.175426,141.580927,2025-06-13 05:15:04
C00179,2733.31,retrait,US,36.716414,66.706223,2025-06-06 16:45:04
C00107,535.64,versement,FR,37.992045,-152.263759,2025-06-05 04:31:04
C00042,1159.56,paiement,UK,1.298958,61.578382,2025-06-12 16:44:04
C00046,1709.28,virement,JP,7.260182,35.384108,2025-05-27 05:35:04
C00052,471.6,versement,UK,-67.431356,55.890535,2025-05-22 23:30:04
C00088,3231.26,achat,JP,-37.936436,-114.677216,2025-06-08 13:03:04
C00161,3929.41,retrait,ES,-38.963301,-111.998895,2025-05-26 11:35:04
C00113,2660.88,virement,UK,52.765073,1.0046,2025-05-31 11:24:04
C00003,3359.98,paiement,JP,-30.858269,119.754508,2025-06-15 16:38:04
C00168,3281.05,achat,IT,43.202477,46.898094,2025-06-01 12:10:04
C00088,764.59,paiement,CN,-36.335397,61.627251,2025-05-23 12:38:04
C00083,1795.2,retrait,DE,9.72807,39.081078,2025-05-27 23:13:04
C00192,1995.88,achat,IT,-22.71405,-87.733961,2025-06-11 07:50:04
C00042,3528.75,paiement,DE,84.276501,151.805533,2025-06-06 17:14:04
C00117,874.15,paiement,JP,-33.537304,-57.160067,2025-06-07 12:27:04
C00053,1806.45,retrait,UK,-3.329468,73.492798,2025-06-11 23:04:04
C00040,2609.31,virement,DE,-41.38001,108.751104,2025-06-04 19:39:04
C00135,2364.08,achat,IT,29.848781,25.692725,2025-05-29 12:16:04
C00040,1021.86,versement,UK,0.790615,-43.397582,2025-06-04 11:52:04
C00183,4924.36,versement,DE,80.209294,-11.373003,2025-06-14 06:40:04
C00096,136.39,virement,ES,40.325125,102.885994,2025-06-05 05:46:04
C00106,4765.59,achat,FR,29.583998,-63.321063,2025-06-14 05:38:04
C00180,4827.38,versement,ES,88.718454,-112.457787,2025-06-09 17:07:04
C00172,1606.62,paiement,UK,46.295361,104.142252,2025-06-14 02:43:04
C00146,3397.46,retrait,IT,-31.394293,-11.421655,2025-06-09 07:48:04
C00103,1946.15,paiement,US,37.562637,-91.664569,2025-05-28 09:37:04
C00073,3895.22,paiement,UK,3.012599,47.107413,2025-05-18 01:13:04
C00059,4560.03,retrait,US,33.530317,-166.810136,2025-05-29 04:43:04
C00107,4920.17,achat,CN,59.476934,-96.815716,2025-06-14 04:15:04
C00049,4445.88,virement,JP,15.196194,161.951836,2025-05-21 21:43:04
C00169,3125.57,paiement,CN,-18.68645,-43.7774,2025-05-30 19:31:04
C00032,4075.33,achat,CN,45.241471,-91.302697,2025-06-07 20:19:04
C00186,1123.14,paiement,ES,-12.393486,-124.043798,2025-05-18 15:19:04
C00134,273.28,versement,CN,10.107724,118.365659,2025-06-15 23:05:04
C00069,4111.26,versement,US,2.138471,-113.252226,2025-05-27 06:11:04
C00096,3026.96,versement,DE,-36.285206,-19.232573,2025-05-22 20:49:04
C00030,1265.28,versement,US,-84.932939,179.390864,2025-06-14 19:49:04
C00112,2916.16,retrait,FR,-18.842904,-140.79173,2025-05-20 02:50:04
C00059,4320.58,versement,IT,-17.018317,121.925496,2025-06-12 05:36:04
C00054,4612.11,virement,FR,32.670909,55.32729,2025-06-05 06:56:04
C00133,1134.06,achat,JP,-1.745037,-75.830862,2025-05-20 17:08:04
C00129,2705.79,achat,CN,67.909622,-72.178447,2025-06-06 15:07:04
C00017,10.46,virement,UK,-4.98764,-47.423642,2025-05-27 21:21:04
C00152,2420.28,versement,DE,-65.480083,-114.913538,2025-05-29 13:24:04
C00165,811.29,versement,CN,-31.977528,177.310548,2025-05-27 22:01:04
C00012,1521.39,achat,UK,-87.72344,-57.988008,2025-06-11 10:00:04
C00014,2239.13,virement,CN,-88.901873,-37.053056,2025-05-20 09:12:04
C00077,3197.16,retrait,ES,89.044686,168.704922,2025-05-25 15:12:04
C00121,4634.19,virement,DE,33.477297,-68.186839,2025-05-19 17:28:04
C00107,4567.31,virement,JP,-7.783114,-138.907808,2025-06-02 16:22:04
C00154,3963.84,paiement,DE,83.620917,20.01681,2025-05-22 10:59:04
C00107,4229.41,retrait,US,-52.744747,118.271931,2025-05-18 11:57:04
C00073,1604.47,paiement,UK,44.5994,-103.896741,2025-06-12 15:09:04
C00141,3031.04,virement,CN,-8.435842,-124.000887,2025-06-04 06:45:04
C00046,3413.73,virement,UK,-76.691831,6.840459,2025-05-30 13:29:04
C00135,3029.15,virement,CN,85.158761,-17.618829,2025-06-10 18:21:04
C00083,1462.1,achat,US,-46.706167,119.52864,2025-05-31 10:37:04
C00184,4242.03,virement,UK,-17.798674,63.512935,2025-05-24 20:41:04
C00182,3410.53,virement,ES,-86.053189,126.059094,2025-05-24 05:00:04
C00140,1323.7,retrait,FR,85.471992,163.173305,2025-05-21 19:36:04
C00163,2738.7,virement,ES,-46.789368,-175.7208,2025-06-01 14:40:04
C00075,1758.62,paiement,DE,-54.619411,85.722088,2025-05-24 08:11:04
C00185,1649.05,achat,FR,-7.15385,147.280774,2025-05-31 21:13:04
C00141,3727.18,achat,ES,-39.797622,75.429199,2025-06-12 16:57:04
C00175,3556.54,paiement,FR,-15.960367,38.348297,2025-06-12 02:08:04
C00126,4305.88,retrait,ES,82.860213,-105.933463,2025-06-12 02:14:04
C00082,4957.83,versement,DE,-35.12433,-46.096309,2025-06-06 19:07:04
C00084,1498.65,virement,UK,-69.784162,177.863279,2025-06-14 16:43:04
C00109,3834.44,achat,JP,-37.16811,-103.294596,2025-06-13 14:19:04
C00051,3195.39,retrait,JP,-25.067285,34.167647,2025-05-25 19:55:04
C00170,900.66,virement,US,-36.206237,-143.142201,2025-06-13 17:26:04
C00164,2948.52,versement,US,-38.741545,87.120776,2025-05-25 01:16:04
C00052,4272.16,achat,UK,-51.094785,-138.83017,2025-06-05 04:10:04
C00063,553.7,achat,ES,73.38382,-57.392644,2025-05-21 16:50:04
C00120,4786.87,retrait,JP,19.969542,-84.156589,2025-05-25 04:04:04
C00173,3448.14,virement,UK,-14.507823,-96.501964,2025-06-05 19:00:04
C00037,4006.09,paiement,FR,-63.734079,23.152952,2025-06-12 20:14:04
C00086,1908.79,versement,JP,38.474312,-64.600726,2025-06-07 20:38:04
C00002,2824.73,retrait,FR,-74.169882,119.678227,2025-05-27 07:37:04
C00070,2165.31,versement,JP,84.307302,18.667842,2025-06-01 07:47:04
C00004,176.4,achat,JP,-78.821229,11.26853,2025-06-09 19:36:04
C00077,2143.15,achat,FR,5.085398,177.955064,2025-06-01 14:58:04
C00195,442.65,paiement,ES,56.358541,26.510362,2025-06-06 07:12:04
C00100,3294.64,versement,UK,35.771396,-97.571989,2025-06-04 15:16:04
C00082,2394.02,retrait,ES,-52.384753,-97.744504,2025-05-23 00:15:04
C00155,194.2,virement,ES,45.361762,-19.455961,2025-06-04 11:04:04
C00069,2776.82,paiement,DE,85.32505,-91.261194,2025-06-10 16:13:04
C00160,4927.81,virement,DE,-79.065621,86.794424,2025-06-12 08:02:04
C00030,1609.9,retrait,CN,36.851974,-100.174051,2025-06-14 13:19:04
C00030,4045.79,versement,US,-89.27626,-45.021025,2025-06-09 06:13:04
C00071,1660.28,paiement,US,-78.095696,157.427784,2025-06-06 22:04:04
C00190,3373.22,retrait,IT,-42.329862,-149.312871,2025-06-12 15:01:04
C00188,1399.39,paiement,ES,39.812384,-2.193884,2025-06-07 00:43:04
C00126,878.47,virement,ES,26.049457,149.085945,2025-05-21 07:10:04
C00105,2422.11,retrait,ES,5.653306,-73.712243,2025-06-05 12:30:04
C00090,3655.52,versement,US,8.118524,-176.728303,2025-05-26 09:40:04
C00018,2659.36,paiement,CN,32.299861,-7.357565,2025-06-02 03:13:04
C00107,4460.2,retrait,IT,-54.582931,-5.637496,2025-05-26 07:18:04
C00174,3791.1,paiement,IT,63.105016,-141.441507,2025-05-28 09:27:04
C00069,1201.63,achat,CN,50.547854,-86.803476,2025-06-13 20:46:04
C00197,766.54,paiement,FR,58.125532,-13.727207,2025-06-13 23:29:04
C00095,1292.89,retrait,ES,5.173099,174.373447,2025-06-15 14:09:04
C00151,247.38,paiement,US,67.728271,-13.97242,2025-06-07 19:59:04
C00045,1556.03,paiement,FR,-47.56535,-38.60799,2025-05-25 00:54:04
C00149,760.1,virement,CN,39.511124,-48.919748,2025-06-05 15:32:04
C00113,1726.51,virement,IT,34.955665,129.424782,2025-05-20 22:25:04
C00176,3809.98,paiement,DE,16.550425,-21.723234,2025-05-20 01:14:04
C00082,4374.03,versement,JP,13.243762,6.359211,2025-05-25 05:59:04
C00114,1404.77,retrait,FR,83.421679,61.561219,2025-06-06 22:36:04
C00082,4190.39,achat,US,17.913714,128.639141,2025-06-06 07:24:04
C00081,3268.07,retrait,DE,-31.268065,-109.76415,2025-06-13 15:42:04
C00141,2352.04,paiement,CN,72.483272,-126.275663,2025-05-23 07:59:04
C00088,3623.61,achat,CN,-58.979232,-117.560974,2025-05-22 16:04:04
C00162,184.61,paiement,UK,62.13651,-172.719394,2025-05-31 06:30:04
C00001,3953.48,achat,CN,20.204491,160.047391,2025-06-07 19:51:04
C00050,712.8,achat,ES,25.293468,-130.46254,2025-06-12 08:19:04
C00170,1357.59,paiement,IT,18.375738,121.917373,2025-06-08 13:47:04
C00065,207.66,achat,US,58.860694,-31.832369,2025-06-07 05:29:04
C00072,832.54,versement,DE,23.95447,135.407757,2025-05-18 00:08:04
C00106,1014.36,paiement,JP,14.201439,166.393769,2025-05-18 15:11:04
C00134,3494.21,virement,ES,-79.995727,28.169845,2025-06-05 04:34:04
C00120,4955.12,paiement,UK,-84.851526,98.098475,2025-06-09 07:51:04
C00036,4315.84,paiement,ES,15.3068,-49.97826,2025-05-25 19:34:04
C00061,1193.2,virement,IT,-39.781571,-37.620952,2025-05-31 02:20:04
C00188,2272.58,retrait,CN,17.40367,9.193712,2025-06-14 12:54:04
C00021,1408.68,paiement,US,44.60185,-141.772695,2025-06-04 22:52:04
C00157,883.32,versement,FR,-44.097051,-62.649866,2025-06-10 14:28:04
C00193,975.43,achat,ES,5.664233,-82.505718,2025-06-09 13:10:04
C00079,4286.67,versement,IT,67.496531,4.459689,2025-05-19 21:59:04
C00069,1113.78,virement,US,-60.248659,60.132696,2025-05-25 14:33:04
C00015,1370.6,versement,ES,30.941585,81.631267,2025-05-20 04:51:04
C00017,884.17,achat,US,-27.109415,-127.64962,2025-06-13 21:05:04
C00065,3176.2,versement,IT,27.178526,72.850589,2025-06-10 03:39:04
C00001,1359.99,retrait,CN,4.244072,-63.827742,2025-06-03 19:01:04
C00131,1085.31,virement,JP,2.703293,169.204969,2025-06-13 19:35:04
C00003,1118.45,retrait,UK,-55.85776,-173.01449,2025-06-15 11:02:04
C00183,737.77,virement,DE,-16.521142,174.690205,2025-06-14 05:06:04
C00194,4946.95,virement,UK,56.709834,-115.400478,2025-05-27 11:32:04
C00033,4841.87,paiement,ES,55.834591,-71.585679,2025-05-31 20:12:04
C00040,4156.94,achat,ES,-43.677255,129.327249,2025-06-03 19:19:04
C00023,3149.75,versement,IT,-56.848751,-107.969779,2025-05-30 08:43:04
C00200,893.28,versement,DE,73.050542,9.851672,2025-05-30 18:35:04
C00114,3251.77,versement,CN,85.055978,166.244413,2025-06-04 18:14:04
C00182,68.91,versement,ES,70.955644,159.343606,2025-06-15 02:06:04
C00106,1414.25,virement,ES,-44.605625,1.826786,2025-06-16 23:22:04
C00008,649.95,virement,UK,-29.265915,-107.749696,2025-05-23 21:36:04
C00196,2700.04,versement,DE,17.817603,-134.13973,2025-05-26 18:03:04
C00125,1169.01,paiement,IT,-20.566346,-94.460497,2025-06-14 15:11:04
C00081,1222.19,versement,IT,4.907749,-128.842718,2025-05-22 22:53:04
C00084,3557.75,achat,FR,16.53491,-175.933966,2025-05-20 09:53:04
C00056,2565.28,retrait,UK,-34.586497,-143.480858,2025-05-19 08:29:04
C00196,3407.14,versement,ES,69.170087,60.17014,2025-06-03 20:05:04
C00047,340.89,retrait,DE,-10.553545,-9.916482,2025-05-28 11:24:04
C00015,2045.14,retrait,UK,-71.489556,173.988528,2025-06-02 20:12:04
C00050,2166.92,paiement,CN,2.901899,32.184288,2025-06-12 10:38:04
C00056,1500.34,retrait,US,37.033877,-3.702211,2025-06-14 19:22:04
C00099,3493.43,retrait,IT,4.569992,103.749747,2025-06-10 22:18:04
C00069,944.95,versement,ES,87.714765,75.345689,2025-06-07 21:38:04
C00077,3468.59,retrait,US,-34.098674,-100.392887,2025-06-16 17:56:04
C00108,2783.82,retrait,CN,76.314305,-116.189992,2025-06-07 10:28:04
C00161,605.05,retrait,DE,-24.6524,76.947277,2025-06-14 00:07:04
C00061,192.2,paiement,ES,53.353154,-22.76782,2025-05-21 06:22:04
C00062,3607.64,achat,JP,-87.391791,5.165073,2025-05-31 17:04:04
C00015,2477.71,versement,UK,-73.434818,83.373048,2025-05-25 04:23:04
C00037,3110.35,paiement,UK,-81.200309,-54.705986,2025-06-09 20:16:04
C00127,1077.63,retrait,ES,83.118128,119.806986,2025-05-27 11:59:04
C00041,384.73,retrait,UK,12.805344,-8.068492,2025-06-09 12:19:04
C00012,3732.95,virement,JP,-61.504489,115.998956,2025-06-06 07:56:04
C00182,872.2,retrait,UK,52.620831,-63.245829,2025-06-09 14:56:04
C00004,3579.72,versement,JP,-14.952716,-156.860832,2025-06-08 23:26:04
C00129,581.86,achat,UK,-59.34861,60.636709,2025-05-29 20:35:04
C00107,2228.97,virement,JP,-84.111437,-111.129754,2025-06-13 16:48:04
C00194,375.36,achat,FR,44.850349,56.094879,2025-06-13 04:34:04
C00082,2507.33,versement,CN,-73.373431,177.637106,2025-06-03 16:57:04
C00195,3890.19,paiement,US,-60.925988,-7.807187,2025-06-08 17:55:04
C00165,1129.34,versement,CN,-22.590148,160.243736,2025-05-24 18:23:04
C00080,1401.99,versement,US,-52.376555,-97.408,2025-05-31 20:03:04
C00052,2689.21,achat,FR,29.056452,155.503306,2025-05-21 04:07:04
C00072,595.3,achat,CN,76.349049,-73.901128,2025-05-21 13:46:04
C00144,3690.83,achat,DE,-73.130868,57.066427,2025-06-16 05:59:04
C00059,3581.35,paiement,IT,-88.42514,-168.999541,2025-05-28 05:23:04
C00099,2927.33,versement,JP,10.125978,157.23799,2025-05-31 11:23:04
C00193,2402.09,paiement,ES,70.067098,-104.906998,2025-06-01 06:49:04
C00131,2356.96,virement,FR,-25.010925,-131.966049,2025-06-05 08:07:04
C00129,3224.89,achat,IT,-58.572319,-47.838809,2025-05-21 03:10:04
C00178,1664.91,achat,CN,-84.943845,-140.469499,2025-06-13 00:06:04
C00198,3818.46,virement,IT,-70.442919,153.957663,2025-06-08 10:56:04
C00082,1258.33,virement,JP,34.032052,79.385564,2025-05-26 12:56:04
C00033,962.44,versement,JP,66.577643,62.510112,2025-06-05 09:08:04
C00029,4007.7,versement,JP,42.345035,-98.981978,2025-06-10 00:00:04
C00187,931.06,virement,US,-20.75494,94.946499,2025-05-26 12:38:04
C00160,2832.67,paiement,CN,-14.086132,158.446228,2025-06-12 00:21:04
C00085,3334.19,achat,IT,-20.806228,147.029138,2025-05-23 04:15:04
C00085,3844.79,paiement,UK,-81.176174,-102.669824,2025-05-31 05:07:04
C00101,2077.04,achat,UK,66.534735,131.975413,2025-06-16 08:46:04
C00133,3153.31,versement,IT,-86.57824,46.878434,2025-06-09 10:24:04
C00143,505.5,achat,UK,-11.253582,121.019336,2025-06-03 11:31:04
C00086,1426.04,paiement,CN,-9.697651,-125.042554,2025-05-30 13:37:04
C00055,933.72,paiement,UK,-61.194533,74.657109,2025-05-23 13:47:04
C00159,3504.13,versement,DE,16.347881,-117.863406,2025-06-16 05:40:04
C00035,2147.16,achat,FR,-50.432694,-145.857762,2025-05-21 23:34:04
C00097,291.11,retrait,FR,25.852125,-63.846562,2025-05-25 06:04:04
C00198,2685.74,versement,IT,-4.706446,158.314874,2025-06-16 17:03:04
C00174,160.59,achat,IT,8.719962,-85.474477,2025-05-31 03:25:04
C00200,1201.16,virement,IT,50.729967,43.929805,2025-06-15 17:22:04
C00161,1692.44,paiement,DE,86.710058,170.970168,2025-05-18 17:14:04
C00136,4630.06,virement,ES,73.028033,-150.463762,2025-06-05 01:48:04
C00127,2664.8,retrait,ES,18.018319,-108.325573,2025-06-14 04:04:04
C00037,3762.21,retrait,UK,-65.861694,-123.053173,2025-06-09 15:16:04
C00058,1637.32,paiement,UK,-22.844233,129.391291,2025-05-19 01:07:04
C00172,1028.96,achat,FR,21.499384,-75.09521,2025-05-27 05:58:04
C00109,1758.62,retrait,ES,-75.357635,56.659787,2025-05-23 15:03:04
C00110,2583.86,virement,CN,66.277794,-145.347099,2025-06-15 14:08:04
C00028,310.9,retrait,US,-74.762527,124.941024,2025-05-22 19:03:04
C00162,4323.62,achat,CN,-51.985198,-125.353011,2025-05-24 22:00:04
C00083,811.61,retrait,ES,-83.600268,146.768714,2025-05-21 06:52:04
C00192,3094.52,achat,JP,-53.505186,115.265605,2025-05-19 21:46:04
C00189,2254.42,versement,UK,23.301088,-165.419427,2025-06-04 16:41:04
C00119,271.8,achat,US,-69.842538,-104.063422,2025-06-05 23:01:04
C00171,1106.55,virement,US,-49.700417,50.247275,2025-06-05 03:24:04
C00022,2885.36,virement,ES,86.789376,102.112297,2025-06-03 12:03:04
C00032,4035.83,retrait,ES,42.678298,95.440771,2025-05-23 13:27:04
C00190,1184.21,virement,CN,32.579242,32.985419,2025-05-20 03:11:04
C00172,2997.96,versement,CN,78.883136,-68.441371,2025-05-25 15:20:04
C00105,1900.45,versement,JP,17.22273,63.356634,2025-06-14 08:26:04
C00010,2525.32,achat,FR,-22.188239,-54.063569,2025-06-10 02:44:04
C00047,3924.0,paiement,US,6.954488,-132.438713,2025-05-25 15:02:04
C00105,584.66,versement,ES,-57.234984,139.480515,2025-06-08 17:32:04
C00149,2232.73,paiement,IT,63.431587,133.930198,2025-06-11 21:30:04
C00166,2879.18,achat,UK,-32.664255,42.844191,2025-05-30 21:31:04
C00180,1014.92,retrait,DE,42.102063,23.856961,2025-05-31 08:25:04
C00195,3021.29,versement,UK,-10.399315,151.795074,2025-05-29 06:31:04
C00185,2107.19,achat,UK,0.362314,-124.465667,2025-05-18 17:30:04
C00168,960.22,versement,CN,-48.323269,-168.500281,2025-06-04 15:57:04
C00045,1834.56,paiement,CN,-41.883505,-27.662639,2025-05-20 02:20:04
C00187,1817.62,paiement,US,53.180147,-149.718156,2025-06-07 08:04:04
C00186,494.02,achat,DE,26.601954,38.228855,2025-06-16 05:41:04
C00151,3679.39,versement,DE,-37.264298,139.745466,2025-06-04 02:03:04
C00058,3734.82,achat,CN,-42.206889,-170.159558,2025-06-05 05:00:04
C00195,3137.04,retrait,IT,-35.894018,-125.932831,2025-06-11 19:17:04
C00074,4662.41,virement,US,-35.340634,64.416954,2025-06-07 23:52:04
C00076,2394.36,achat,DE,53.007316,115.684144,2025-05-30 05:05:04
C00188,4729.8,paiement,JP,57.722887,110.662538,2025-06-16 06:50:04
C00082,1131.67,versement,IT,-57.740478,-78.237028,2025-05-18 01:16:04
C00125,3178.67,achat,ES,-37.36364,-138.098374,2025-06-16 06:54:04
C00120,1675.18,versement,US,-8.985589,64.460475,2025-06-06 15:33:04
C00125,1981.2,paiement,UK,-10.247435,-108.350265,2025-05-28 15:27:04
C00144,1478.12,virement,US,-70.63538,-38.642144,2025-05-18 17:27:04
C00137,3599.17,virement,IT,-47.451147,-22.280678,2025-06-09 13:27:04
C00161,3804.94,virement,DE,-53.433741,61.776489,2025-06-02 20:11:04
C00131,305.04,retrait,CN,7.798276,-174.298725,2025-05-29 06:28:04
C00096,1096.66,virement,FR,-1.33754,-57.067338,2025-06-15 07:52:04
C00096,1481.61,versement,FR,7.312941,86.299165,2025-05-24 22:35:04
C00191,1359.7,achat,US,29.501232,165.982521,2025-05-18 13:32:04
C00143,4463.28,paiement,CN,44.218588,-102.04168,2025-06-04 13:13:04
C00050,854.77,versement,IT,-15.152073,38.469879,2025-06-04 13:16:04
C00152,3702.2,retrait,DE,72.261277,-53.868226,2025-05-23 06:12:04
C00084,57.54,paiement,IT,-8.2776,-110.326782,2025-05-28 14:54:04
C00003,3561.12,versement,UK,-89.132938,-175.629188,2025-05-24 14:22:04
C00013,1659.88,paiement,DE,-39.237547,-19.860888,2025-05-21 09:24:04
C00139,3806.93,achat,CN,-77.177793,137.562434,2025-05-26 16:30:04
C00146,2173.9,achat,UK,40.071353,-132.481552,2025-06-09 01:07:04
C00182,4088.71,virement,JP,4.314294,77.676279,2025-05-19 12:54:04
C00076,4985.9,paiement,ES,62.463737,33.621177,2025-05-19 20:01:04
C00052,4378.22,achat,FR,43.291967,-178.645428,2025-05-26 16:00:04
C00059,4999.16,virement,IT,60.515335,-170.052883,2025-06-15 01:21:04
C00115,935.96,virement,FR,-20.52136,115.894362,2025-05-19 12:39:04
C00018,958.87,retrait,US,-64.114687,-113.037957,2025-05-26 09:50:04
C00152,2469.59,achat,UK,-21.835344,53.374118,2025-05-26 11:35:04
C00188,784.34,retrait,DE,23.648619,89.357116,2025-05-30 11:10:04
C00044,2647.13,achat,JP,-39.811009,-71.305628,2025-05-29 11:53:04
C00042,3396.64,virement,DE,-82.431584,-14.461968,2025-05-23 19:37:04
C00145,4793.13,versement,CN,-29.088884,12.428987,2025-05-23 10:35:04
C00068,1575.18,paiement,DE,-43.323154,-50.973088,2025-06-10 12:59:04
C00037,3229.4,achat,DE,83.249728,-117.709348,2025-06-06 04:04:04
C00084,577.38,paiement,IT,20.954922,-57.092287,2025-05-22 22:16:04
C00009,3353.38,versement,UK,0.098118,51.218818,2025-05-19 02:14:04
C00112,3919.21,virement,UK,-84.027527,-97.552508,2025-05-21 04:48:04
C00126,1947.67,retrait,US,71.079235,77.610597,2025-06-06 06:56:04
C00122,2334.51,virement,ES,59.209906,72.887493,2025-06-02 19:08:04
C00009,49.24,paiement,CN,16.29112,14.623531,2025-05-20 10:45:04
C00060,2062.25,achat,CN,-23.685005,100.466558,2025-06-11 16:11:04
C00002,4880.17,paiement,DE,37.495063,-79.515204,2025-05-19 13:18:04
C00005,4474.65,retrait,JP,-34.15998,-101.808075,2025-06-09 01:35:04
C00170,261.86,virement,UK,-42.393985,7.403183,2025-05-25 05:11:04
C00042,4274.75,retrait,ES,22.251048,90.573301,2025-06-14 05:38:04
C00078,3618.68,achat,IT,49.96576,35.76776,2025-05-26 16:15:04
C00109,3074.35,achat,DE,88.224085,38.702077,2025-06-13 02:44:04
C00084,1330.18,virement,DE,11.415306,85.02619,2025-06-06 19:11:04
C00186,1903.52,retrait,FR,4.318857,-10.108303,2025-06-01 02:58:04
C00083,224.09,versement,JP,-14.468673,125.637966,2025-05-20 10:52:04
C00016,4922.24,virement,DE,28.116913,171.992932,2025-06-04 02:56:04
C00172,3564.64,retrait,DE,85.635768,48.689769,2025-06-04 07:16:04
C00015,2284.42,virement,US,89.605787,120.659613,2025-05-22 07:02:04
C00075,4756.05,paiement,FR,40.764126,62.16,2025-05-28 07:55:04
C00198,1516.93,virement,DE,78.999334,46.6531,2025-05-18 19:47:04
C00160,742.59,paiement,FR,-68.077104,123.709829,2025-05-19 21:05:04
C00074,1968.8,versement,JP,-62.671595,167.674043,2025-06-02 23:20:04
C00047,4831.97,paiement,JP,89.557463,-84.042442,2025-06-05 21:01:04
C00025,2839.68,retrait,IT,-73.002562,156.572308,2025-06-08 08:33:04
C00123,3319.28,virement,US,13.317647,20.401424,2025-06-01 11:39:04
C00087,3023.27,retrait,FR,61.767864,163.831054,2025-05-31 06:58:04
C00118,4616.25,versement,US,66.00047,-29.961961,2025-05-23 07:40:04
C00131,335.42,versement,US,25.838396,95.239396,2025-05-22 23:43:04
C00164,459.59,virement,US,23.697573,-51.445106,2025-05-25 05:50:04
C00037,2056.63,versement,US,-5.147728,-80.513609,2025-06-03 12:10:04
C00059,3238.36,virement,FR,49.843026,-27.49162,2025-06-14 10:38:04
C00056,2719.86,paiement,ES,-23.657489,-170.834006,2025-06-11 00:28:04
C00050,1660.43,virement,IT,13.475009,162.113625,2025-06-04 16:58:04
C00025,1606.1,virement,FR,37.650626,12.87934,2025-05-20 19:54:04
C00174,2675.06,versement,US,88.79701,-175.313772,2025-06-10 13:13:04
C00003,1008.14,achat,CN,45.361093,67.431733,2025-05-19 01:32:04
C00136,1303.11,achat,ES,-79.893535,140.387758,2025-05-21 15:44:04
C00059,3478.53,paiement,FR,-17.70049,-155.69315,2025-05-23 11:45:04
C00027,3872.84,virement,US,-4.774782,-88.265479,2025-05-28 12:50:04
C00136,1189.62,versement,FR,25.01775,-131.051498,2025-05-31 21:41:04
C00185,1642.84,versement,US,-6.636328,119.648225,2025-06-07 05:11:04
C00101,3612.1,retrait,CN,-46.843448,-79.253226,2025-06-04 08:03:04
C00123,4608.89,retrait,UK,57.591214,-52.101373,2025-05-30 15:24:04
C00018,309.92,virement,DE,63.81032,111.731508,2025-06-04 09:52:04
C00057,3741.55,paiement,DE,-13.968281,-22.010292,2025-05-23 01:06:04
C00145,4047.51,paiement,CN,-49.986233,50.525362,2025-05-24 08:26:04
C00090,1338.42,retrait,FR,-30.55799,41.915741,2025-05-30 07:47:04
C00090,3404.31,versement,IT,63.629842,-116.962934,2025-05-29 03:11:04
C00027,4760.82,versement,US,18.042095,-4.708451,2025-06-16 00:17:04
C00021,3826.89,retrait,UK,74.475379,128.767704,2025-06-08 06:15:04
C00075,733.86,versement,IT,-5.019384,117.32642,2025-05-27 23:59:04
C00140,3303.08,retrait,ES,17.63368,-111.745758,2025-05-21 05:14:04
C00084,2726.54,retrait,FR,65.378308,-75.775698,2025-06-09 02:26:04
C00154,962.12,achat,DE,-33.246404,-32.43959,2025-06-02 21:28:04
C00005,4314.47,retrait,ES,-60.518241,143.754408,2025-06-05 16:56:04
C00071,991.86,versement,US,-58.478352,-99.119065,2025-05-29 22:58:04
C00133,4204.73,paiement,DE,-87.32527,151.276729,2025-05-20 21:23:04
C00143,1667.55,paiement,DE,7.442432,173.876499,2025-05-19 09:38:04
C00113,2364.06,retrait,CN,26.541852,-154.483792,2025-06-15 19:10:04
C00176,2584.41,versement,IT,-77.960496,-5.271199,2025-06-13 17:49:04
C00114,4580.81,virement,JP,2.602512,-51.522577,2025-05-31 19:44:04
C00156,4148.15,retrait,DE,15.439,35.584123,2025-06-02 11:45:04
C00165,4743.47,paiement,IT,-13.424948,121.983031,2025-05-28 11:52:04
C00119,2997.06,versement,US,84.81679,-5.147899,2025-05-29 18:11:04
C00195,4712.62,achat,IT,-17.994038,-143.898545,2025-06-01 00:43:04
C00135,1233.67,versement,IT,56.634165,41.998389,2025-06-16 01:57:04
C00158,3213.9,virement,FR,41.597145,73.415215,2025-06-14 20:42:04
C00015,1704.88,versement,CN,88.196074,74.786674,2025-05-23 18:19:04
C00091,4537.16,virement,UK,76.361683,73.465625,2025-05-31 17:54:04
C00125,4316.23,retrait,UK,49.270969,-111.763373,2025-05-19 23:12:04
C00174,667.02,paiement,JP,80.770279,147.257162,2025-05-30 09:00:04
C00007,3137.11,versement,FR,-69.806415,-157.469744,2025-06-10 17:14:04
C00058,3822.95,paiement,JP,59.632709,5.438983,2025-06-04 08:42:04
C00144,79.63,achat,ES,-39.934571,25.571173,2025-06-15 04:44:04
C00158,2777.84,virement,US,42.131342,88.931863,2025-06-16 06:06:04
C00049,4539.07,virement,FR,37.634568,75.290481,2025-05-23 20:12:04
C00131,1098.37,virement,FR,37.805098,-11.763505,2025-06-10 14:02:04
C00004,250.03,achat,IT,-15.282722,137.420479,2025-06-09 11:50:04
C00042,1209.04,achat,JP,-55.003425,56.238835,2025-06-02 14:47:04
C00101,802.74,achat,US,0.531693,129.655644,2025-06-02 17:16:04
C00027,948.53,versement,FR,-88.857429,-48.911401,2025-05-31 11:05:04
C00055,2932.28,versement,JP,21.029203,-166.26466,2025-06-12 00:33:04
C00072,4270.61,virement,IT,-89.018829,135.237019,2025-05-27 22:48:04
C00100,3525.01,virement,DE,41.661693,63.599165,2025-06-07 12:30:04
C00096,3261.11,achat,DE,0.749522,144.768726,2025-06-13 15:54:04
C00161,1351.85,virement,UK,71.933491,-9.294816,2025-06-03 17:54:04
C00120,2244.97,versement,IT,-73.86055,129.046197,2025-05-21 11:53:04
C00197,1492.18,versement,IT,-51.871544,103.219762,2025-05-29 02:19:04
C00022,1833.32,versement,CN,-70.854293,-151.375165,2025-05-22 20:05:04
C00175,1855.58,achat,ES,19.121877,138.013589,2025-06-09 16:54:04
C00029,2909.9,virement,US,-78.806903,64.366221,2025-06-15 16:25:04
C00010,1512.46,paiement,JP,43.338814,-113.745952,2025-05-31 17:37:04
C00171,3194.46,paiement,FR,-62.640345,32.48471,2025-05-26 18:49:04
C00026,3152.3,retrait,UK,77.641851,87.191228,2025-05-19 13:40:04
C00011,1803.26,paiement,US,13.388201,-158.643862,2025-05-23 11:38:04
C00040,555.64,versement,ES,-42.430927,88.204317,2025-05-25 14:10:04
C00059,1481.41,virement,UK,-56.120071,-141.676231,2025-06-02 05:03:04
C00115,929.34,retrait,JP,-74.689858,-53.394376,2025-06-09 15:30:04
C00036,2733.88,paiement,FR,46.002156,-26.55117,2025-06-15 22:23:04
C00157,2249.09,paiement,FR,43.593032,-78.142508,2025-05-21 14:58:04
C00025,2184.74,retrait,JP,-83.60038,-148.787609,2025-06-11 08:36:04
C00043,2419.4,virement,ES,-27.824601,-125.675609,2025-06-13 11:51:04
C00200,611.01,versement,DE,34.910676,-51.585194,2025-05-28 11:08:04
C00103,3622.51,retrait,UK,36.646019,177.202107,2025-06-09 18:01:04
C00199,1267.71,virement,US,31.616171,-90.45105,2025-05-30 22:03:04
C00152,3116.59,achat,UK,25.706865,33.126,2025-06-05 16:19:04
C00024,2343.93,achat,DE,-79.493359,37.514564,2025-05-19 06:56:04
C00006,4740.21,retrait,ES,75.726162,63.723689,2025-06-03 11:38:04
C00141,2625.14,versement,CN,-83.22819,-6.820504,2025-05-24 13:05:04
C00069,3746.15,virement,IT,71.079716,-144.720116,2025-06-05 05:49:04
C00164,4547.65,paiement,CN,-17.886824,-122.486504,2025-06-14 01:45:04
C00016,2929.01,virement,FR,-77.354856,18.443128,2025-05-21 20:18:04
C00183,3640.9,virement,ES,54.463167,14.411582,2025-06-10 16:06:04
C00138,3504.65,versement,UK,54.913884,-167.822506,2025-05-21 16:21:04
C00194,2597.27,achat,DE,-77.544016,-97.02888,2025-05-22 16:57:04
C00126,946.1,virement,ES,88.798471,-62.736844,2025-05-30 01:16:04
C00120,4200.05,achat,UK,8.884138,57.833434,2025-05-30 14:45:04
C00168,2131.91,versement,DE,70.062221,27.509506,2025-06-06 02:17:04
C00145,766.49,retrait,IT,0.346669,-42.97094,2025-06-11 22:24:04
C00093,4955.39,versement,DE,87.722502,98.686774,2025-05-31 07:22:04
C00076,1727.81,paiement,FR,1.766216,121.808747,2025-06-06 03:26:04
C00102,466.74,virement,FR,0.870743,-64.823328,2025-05-22 19:43:04
C00085,2559.76,virement,UK,-43.89949,-44.69627,2025-06-10 04:36:04
C00149,3332.35,versement,DE,51.85389,69.531261,2025-05-24 10:55:04
C00070,4992.16,achat,IT,38.188443,-142.042329,2025-05-18 01:53:04
C00123,1827.53,retrait,DE,-31.922914,100.634082,2025-06-07 11:05:04
C00126,2958.13,versement,CN,24.374682,-36.862523,2025-06-13 18:32:04
C00168,1419.16,retrait,JP,29.138717,-122.760369,2025-05-30 04:24:04
C00156,161.2,paiement,DE,69.582208,-69.089337,2025-06-01 05:20:04
C00013,4355.02,versement,IT,-44.120171,120.596443,2025-05-28 02:58:04
C00139,363.95,retrait,JP,-57.555304,-29.683042,2025-06-13 23:29:04
C00005,4883.85,achat,UK,72.069182,45.528635,2025-06-01 16:16:04
C00074,1008.4,virement,US,-46.724206,-94.957609,2025-06-02 23:02:04
C00004,2833.27,retrait,US,-38.53036,-134.637971,2025-05-19 14:24:04
C00103,2906.12,versement,CN,-3.078027,-104.397589,2025-05-29 13:59:04
C00193,1916.29,achat,ES,0.941272,-155.192159,2025-05-23 10:35:04
C00044,897.46,achat,UK,-20.913265,-18.481324,2025-05-31 20:33:04
C00015,4325.21,achat,UK,38.097613,-67.745795,2025-06-08 19:21:04
C00181,2410.99,virement,US,-83.579238,8.165539,2025-05-23 23:29:04
C00110,355.37,achat,ES,-88.113234,8.663793,2025-06-11 15:24:04
C00067,1270.22,versement,IT,-27.673888,91.355899,2025-05-26 15:37:04
C00149,2755.03,paiement,JP,-50.345524,11.050013,2025-06-05 10:46:04
C00099,4206.81,paiement,DE,8.742479,11.081349,2025-05-27 10:06:04
C00128,1971.5,achat,FR,20.760991,-101.890926,2025-05-19 06:40:04
C00187,4552.47,versement,US,-71.35714,145.372663,2025-06-03 00:33:04
C00001,2455.56,retrait,JP,-72.754176,49.759487,2025-06-04 08:19:04
C00183,719.43,virement,CN,-88.201653,-35.110107,2025-06-14 14:23:04
C00150,2976.76,achat,DE,-33.92574,-94.013064,2025-05-20 02:14:04
C00110,3529.11,retrait,JP,23.01273,-28.837789,2025-05-28 04:17:04
C00009,1592.93,virement,DE,44.471173,-91.378929,2025-06-13 00:20:04
C00058,604.51,versement,JP,-15.175821,162.315503,2025-06-05 07:12:04
C00058,2715.25,achat,UK,8.122456,67.965091,2025-06-07 14:46:04
C00052,3678.46,versement,UK,18.04568,106.486319,2025-05-30 10:03:04
C00186,2243.99,retrait,UK,15.129616,-107.25665,2025-06-16 19:43:04
C00070,3664.53,retrait,ES,-70.743837,-8.673053,2025-05-31 16:33:04
C00111,632.94,retrait,ES,0.174482,154.203209,2025-05-18 23:41:04
C00117,3480.95,achat,DE,-41.873204,74.011554,2025-05-25 20:31:04
C00135,4862.92,virement,JP,-78.931293,-5.7648,2025-05-27 23:31:04
C00127,2117.21,versement,IT,-55.294364,-66.618797,2025-05-29 02:43:04
C00041,2293.45,achat,DE,-82.628818,154.012839,2025-06-07 23:36:04
C00121,3517.76,achat,US,5.970019,-105.225674,2025-05-19 13:59:04
C00043,3580.35,paiement,IT,-33.447101,-70.055635,2025-05-20 12:23:04
C00134,4292.22,virement,FR,86.926308,-95.191664,2025-06-13 08:00:04
C00106,567.38,achat,ES,82.853054,176.826844,2025-05-21 09:52:04
C00044,3810.87,paiement,ES,-65.974271,140.436871,2025-05-23 23:31:04
C00102,2303.98,retrait,CN,8.206426,148.626167,2025-06-03 12:17:04
C00130,4087.16,paiement,ES,47.161518,-128.657059,2025-06-07 11:01:04
C00036,3832.28,versement,ES,-46.457434,74.232597,2025-06-06 13:31:04
C00034,772.04,paiement,UK,77.154379,11.808362,2025-06-15 14:05:04
C00064,729.85,paiement,FR,-76.05471,111.764118,2025-05-28 15:45:04
C00195,2596.42,paiement,UK,41.238459,-16.048923,2025-05-22 13:12:04
C00047,3436.95,retrait,CN,-2.001974,-143.906853,2025-06-14 02:37:04
C00186,4467.08,versement,UK,38.024902,-38.468514,2025-05-28 20:39:04
C00079,3608.43,paiement,US,-85.182072,-59.956948,2025-05-22 20:50:04
C00133,4473.83,virement,DE,-20.369122,-88.781419,2025-06-05 23:05:04
C00030,1833.9,versement,JP,-81.15664,-67.1208,2025-05-28 18:18:04
C00066,4181.94,versement,IT,79.748758,-102.176769,2025-06-11 15:23:04
C00114,4515.33,virement,IT,26.446663,-3.336381,2025-06-09 22:58:04
C00130,1505.42,retrait,UK,-26.113678,178.730128,2025-06-09 06:27:04
C00109,1601.24,achat,CN,40.913248,-143.405721,2025-06-08 09:15:04
C00078,3392.19,retrait,CN,-28.11731,21.927891,2025-06-15 02:08:04
C00003,2394.82,paiement,US,-88.618406,-154.476973,2025-06-04 14:01:04
C00055,4695.95,retrait,UK,58.55621,27.892935,2025-06-09 08:00:04
C00101,957.73,paiement,UK,-11.769408,-118.604277,2025-06-03 10:45:04
C00062,3047.02,retrait,ES,34.859192,-146.900222,2025-05-27 10:37:04
C00113,2121.43,retrait,DE,-45.905389,-48.979061,2025-05-21 15:31:04
C00182,1491.24,achat,CN,-61.421796,58.432487,2025-05-19 01:26:04
C00054,842.7,achat,CN,-69.965164,17.333235,2025-06-13 14:15:04
C00127,1213.1,paiement,ES,49.208897,137.347988,2025-06-07 06:59:04
C00136,4151.25,virement,ES,73.559749,-61.463659,2025-05-27 09:21:04
C00017,2896.34,achat,US,25.240568,45.330607,2025-06-02 19:47:04
C00154,3491.79,virement,FR,-76.659123,-12.237873,2025-06-13 06:32:04
C00037,3006.59,achat,ES,-52.211341,86.907693,2025-06-13 03:33:04
C00059,64.68,retrait,US,81.139622,147.509032,2025-05-26 04:58:04
C00005,2701.47,paiement,FR,-78.830829,81.889325,2025-05-20 22:50:04
C00186,2769.01,versement,JP,19.52784,-116.26866,2025-05-23 13:54:04
C00162,3693.85,versement,FR,2.783539,-25.023774,2025-06-05 10:05:04
C00034,1236.35,virement,IT,-15.768402,-167.113975,2025-05-24 04:57:04
C00102,365.05,achat,ES,43.627702,146.491327,2025-05-20 13:20:04
C00088,3294.57,retrait,CN,3.54478,22.702197,2025-06-13 15:33:04
C00014,809.5,retrait,UK,-30.348312,106.017613,2025-06-06 21:55:04
C00122,4172.59,achat,DE,-23.169907,36.095667,2025-05-26 14:20:04
C00139,3526.91,versement,CN,69.50911,-4.504324,2025-06-15 08:08:04
C00161,4968.58,achat,IT,40.37863,-167.741239,2025-05-30 07:26:04
C00182,157.96,achat,JP,4.464054,85.237966,2025-06-07 04:12:04
C00003,4960.62,virement,IT,-35.085061,61.031938,2025-06-01 22:33:04
C00145,4433.73,retrait,UK,87.989775,-11.185935,2025-06-13 02:07:04
C00103,484.12,virement,DE,-13.264239,29.625147,2025-06-16 18:10:04
C00130,3853.76,paiement,JP,6.591755,-74.053446,2025-06-07 16:41:04
C00176,3682.35,paiement,JP,-76.697407,-91.233996,2025-06-12 04:21:04
C00036,894.03,virement,UK,-57.941013,111.215885,2025-05-29 08:52:04
C00080,1876.7,virement,DE,49.767026,-29.544876,2025-05-19 23:09:04
C00088,1271.08,versement,US,82.100521,-106.945166,2025-06-09 18:42:04
C00086,776.04,retrait,CN,84.734923,131.763398,2025-06-11 05:38:04
C00014,1533.84,virement,CN,-31.704005,42.699826,2025-06-11 04:29:04
C00096,645.15,retrait,US,-54.909991,94.549638,2025-06-13 04:13:04
C00087,1732.54,paiement,UK,-12.608168,-9.015686,2025-05-22 04:01:04
C00028,2773.16,paiement,FR,-40.618302,-136.631407,2025-06-14 20:57:04
C00124,3253.88,versement,ES,78.792972,32.471346,2025-06-13 22:15:04
C00186,4348.91,virement,JP,-41.616978,178.215662,2025-06-07 21:05:04
C00084,994.52,virement,CN,70.592864,121.916386,2025-06-06 03:31:04
C00181,4345.13,retrait,DE,31.918021,-110.508454,2025-06-09 05:34:04
C00178,4721.48,retrait,UK,62.077044,20.032488,2025-05-21 16:29:04
C00140,2647.06,paiement,ES,3.208121,-61.760973,2025-05-19 03:02:04
C00165,2873.8,versement,UK,-63.128874,103.238637,2025-05-25 04:13:04
C00097,2914.95,paiement,JP,-33.787113,30.29589,2025-06-02 05:36:04
C00164,221.95,retrait,CN,-89.231113,-26.5363,2025-06-11 13:01:04
C00040,4700.14,virement,FR,38.742101,-3.39557,2025-06-02 15:03:04
C00075,154.87,virement,JP,36.594757,-68.989909,2025-05-26 09:12:04
C00106,4359.13,retrait,FR,-44.097296,170.358142,2025-06-07 16:25:04
C00074,484.56,virement,UK,-17.562057,162.93825,2025-05-25 19:17:04
C00161,4572.7,paiement,US,-28.870748,72.527029,2025-06-15 09:13:04
C00088,570.04,paiement,US,28.080485,33.65859,2025-05-28 09:50:04
C00044,4027.19,virement,JP,28.786874,47.94885,2025-05-28 12:18:04
C00085,1530.85,virement,JP,-10.736955,118.169108,2025-05-26 09:23:04
C00036,231.73,paiement,JP,23.2888,167.949586,2025-05-26 20:21:04
C00025,2248.61,virement,JP,-38.4549,92.476387,2025-05-28 12:28:04
C00130,802.7,retrait,US,-22.182054,-153.061715,2025-05-26 05:15:04
C00169,2429.2,achat,US,-59.639044,-137.699343,2025-06-12 08:31:04
C00042,4559.17,retrait,FR,-87.841717,172.977059,2025-06-06 03:34:04
C00023,1461.54,achat,IT,-50.809297,136.858421,2025-06-16 18:24:04
C00047,4312.95,retrait,CN,72.930134,-108.059213,2025-05-25 02:17:04
C00051,4787.44,versement,IT,71.17068,167.872969,2025-05-24 09:33:04
C00105,4887.1,versement,JP,-75.611588,-65.449613,2025-06-04 09:31:04
C00050,3135.35,achat,UK,3.275057,-80.198853,2025-05-27 08:40:04
C00179,377.75,paiement,IT,-89.855752,10.928235,2025-06-09 16:07:04
C00166,2938.29,virement,CN,21.934312,-172.792689,2025-05-31 11:17:04
C00085,3164.86,versement,US,-4.277883,14.872055,2025-06-11 02:16:04
C00128,4950.27,paiement,US,-78.252939,-2.768394,2025-05-29 16:43:04
C00133,1154.46,virement,CN,-11.170708,-10.965286,2025-06-04 00:16:04
C00157,2388.65,versement,DE,58.737716,-104.548419,2025-05-25 09:59:04
C00149,623.78,paiement,FR,-46.63633,-67.576601,2025-06-15 14:27:04
C00170,2070.07,paiement,UK,-33.031418,17.645854,2025-05-19 18:43:04
C00143,2439.39,virement,DE,-80.9202,-133.325041,2025-05-25 11:55:04
C00195,1486.2,achat,DE,53.322368,-97.854504,2025-05-24 23:26:04
C00165,4743.08,versement,JP,86.076447,-1.1321,2025-06-05 09:58:04
C00139,2757.03,achat,CN,61.410772,147.203203,2025-05-30 22:06:04
C00087,3511.79,paiement,ES,82.356559,48.613844,2025-05-18 03:10:04
C00196,803.31,paiement,IT,-25.656967,-111.387858,2025-06-13 05:50:04
C00105,2893.79,paiement,IT,-30.443193,124.901158,2025-06-14 22:18:04
C00017,514.58,retrait,CN,79.300307,-5.387643,2025-06-14 17:48:04
C00089,322.89,virement,DE,19.203471,-114.967924,2025-06-02 14:34:04
C00135,2847.43,paiement,CN,-46.20919,-161.341826,2025-05-28 15:06:04
C00162,650.3,retrait,ES,59.122115,-151.57155,2025-05-20 17:55:04
C00159,3338.22,retrait,IT,64.12329,173.77616,2025-05-28 05:34:04
C00186,208.68,achat,FR,49.686561,172.943437,2025-06-15 22:24:04
C00115,3367.06,paiement,ES,-55.588574,71.637741,2025-05-21 06:30:04
C00115,1958.11,paiement,UK,-10.95891,26.889015,2025-06-12 06:51:04
C00063,1858.69,virement,US,-23.864553,161.19671,2025-06-03 02:33:04
C00050,3078.74,retrait,UK,47.503842,-34.153715,2025-05-29 02:51:04
C00050,52.99,achat,CN,36.444072,-167.023694,2025-05-27 18:39:04
C00194,4771.32,virement,ES,41.15353,-92.890598,2025-05-19 19:28:04
C00099,1288.84,achat,JP,56.721693,-142.044142,2025-06-05 13:51:04
C00113,1636.69,paiement,FR,-62.363389,-134.713688,2025-05-18 10:42:04
C00162,3799.19,paiement,US,-33.948071,-62.280861,2025-05-24 10:08:04
C00075,2183.28,retrait,IT,-85.369729,152.774037,2025-05-20 16:10:04
C00155,4060.71,virement,FR,46.402124,137.352356,2025-05-25 21:09:04
C00058,4200.58,achat,UK,67.375602,47.473706,2025-06-09 16:45:04
C00125,3877.56,versement,CN,85.597138,8.52956,2025-06-10 08:37:04
C00096,3335.47,versement,FR,85.124015,52.564493,2025-05-25 10:31:04
C00143,3760.71,achat,JP,4.563031,176.340893,2025-06-15 03:18:04
C00102,3111.83,achat,US,-35.348354,-54.740414,2025-06-06 11:53:04
C00077,1323.37,paiement,CN,35.172706,169.946927,2025-05-27 03:25:04
C00009,4834.67,retrait,JP,0.213452,109.925361,2025-05-26 09:08:04
C00102,1941.06,virement,DE,-10.088345,28.769045,2025-06-04 17:45:04
C00064,2347.66,retrait,US,-40.548285,-160.598818,2025-06-06 21:44:04
C00099,4729.08,retrait,ES,-35.823514,58.112835,2025-05-23 11:14:04
C00051,3783.55,retrait,UK,50.365037,155.052002,2025-06-08 19:00:04
C00024,332.91,versement,UK,14.214165,-19.829363,2025-06-04 06:41:04
C00074,1927.49,versement,CN,20.917924,-85.57711,2025-06-03 13:23:04
C00079,876.11,achat,CN,83.331055,-28.79527,2025-06-11 12:58:04
C00085,169.59,versement,UK,-77.784955,-99.581992,2025-06-07 02:22:04
C00196,3947.45,retrait,UK,-12.395529,74.19047,2025-06-04 03:08:04
C00106,4629.32,versement,IT,76.987262,169.633276,2025-06-09 11:32:04
C00057,2392.96,retrait,ES,17.697364,-153.733737,2025-06-06 09:31:04
C00106,2177.47,versement,US,-13.208485,-51.703846,2025-06-08 07:22:04
C00103,1298.66,retrait,DE,-64.193268,-174.612427,2025-05-26 18:43:04
C00026,974.53,retrait,DE,31.298332,-1.33346,2025-06-01 05:53:04
C00200,2101.15,versement,ES,-11.972186,89.649911,2025-05-26 18:34:04
C00109,4062.74,versement,CN,30.868959,-58.234939,2025-05-21 05:47:04
C00114,4896.94,versement,CN,-37.390472,-127.750195,2025-05-26 06:40:04
C00111,2892.23,virement,JP,11.84771,124.616225,2025-05-24 19:42:04
C00152,2565.16,versement,US,75.738214,39.46743,2025-05-24 09:00:04
C00199,2193.38,versement,US,55.681665,34.108484,2025-05-29 16:40:04
C00006,227.72,achat,ES,-53.072338,49.65832,2025-05-26 10:26:04
C00009,3632.8,versement,UK,-35.573383,95.908525,2025-06-07 15:52:04
C00034,1730.16,paiement,ES,38.546442,-148.305519,2025-06-14 14:38:04
C00037,2847.11,retrait,JP,-16.049219,176.951638,2025-06-08 20:22:04
C00024,4300.84,versement,JP,-16.385955,-13.148076,2025-06-12 21:51:04
C00034,2910.63,achat,DE,85.85148,168.466062,2025-06-10 07:20:04
C00138,4214.6,virement,FR,-66.459238,-120.328192,2025-05-25 22:22:04
C00017,2439.65,paiement,DE,11.591061,92.57145,2025-05-28 08:31:04
C00062,4744.75,retrait,CN,-11.739126,43.651734,2025-05-21 22:50:04
C00112,2374.49,retrait,JP,-33.599071,33.152269,2025-06-04 10:44:04
C00131,2374.93,virement,IT,-22.20789,-90.696169,2025-06-03 23:11:04
C00038,4041.22,achat,CN,-19.658902,-0.524269,2025-05-30 12:20:04
C00178,1680.08,retrait,ES,-23.589979,79.22677,2025-06-09 01:40:04
C00080,1089.94,achat,CN,52.724837,109.379974,2025-06-11 14:14:04
C00077,864.65,virement,CN,-0.46268,60.400722,2025-05-28 22:14:04
C00059,2265.35,paiement,IT,-75.655597,30.8936,2025-05-26 07:14:04
C00182,396.15,achat,CN,-22.799196,-24.224528,2025-05-20 17:02:04
C00069,2579.28,virement,UK,33.282263,110.53502,2025-05-30 09:25:04
C00188,600.09,virement,US,-10.193544,134.705313,2025-05-29 02:49:04
C00186,2274.34,versement,US,-51.257479,117.622311,2025-06-07 05:19:04
C00035,3476.27,virement,CN,-54.512986,-134.828921,2025-05-29 21:02:04
C00071,2861.65,versement,JP,40.816647,-164.202685,2025-05-27 18:32:04
C00129,82.67,versement,US,-3.823119,-21.768904,2025-06-06 14:03:04
C00025,1867.02,versement,DE,-50.487951,-33.715914,2025-06-07 01:35:04
C00131,1847.48,retrait,FR,33.097544,126.919637,2025-06-12 11:37:04
C00103,2517.68,paiement,ES,18.079535,12.137448,2025-05-20 06:07:04
C00129,672.41,retrait,JP,10.314529,100.22074,2025-06-08 22:15:04
C00037,3493.25,retrait,ES,44.177636,-154.953908,2025-06-16 05:44:04
C00033,4427.04,versement,UK,-23.866157,131.31475,2025-05-20 22:05:04
C00140,4225.93,versement,US,-83.730033,133.688155,2025-06-11 05:54:04
C00038,3520.69,virement,FR,-49.477389,125.006485,2025-06-01 08:09:04
C00186,1769.24,paiement,UK,38.074266,-139.908458,2025-06-14 20:23:04
C00013,2182.39,paiement,DE,4.341791,-151.009997,2025-05-23 06:42:04
C00145,1855.67,retrait,US,-70.19227,-81.291471,2025-05-25 17:23:04
C00192,3025.83,retrait,DE,-33.02396,-27.411671,2025-06-01 05:13:04
C00019,169.48,achat,UK,-23.668807,-126.466817,2025-06-13 10:24:04
C00141,3428.02,retrait,FR,-84.252249,-9.073504,2025-06-14 01:46:04
C00188,2886.01,versement,FR,75.946643,176.327406,2025-05-22 21:23:04
C00106,2881.72,achat,DE,-0.96264,-125.831672,2025-06-05 13:48:04
C00038,3035.23,achat,CN,-42.83435,-44.914145,2025-06-05 21:57:04
C00052,4353.34,paiement,IT,-76.079304,-62.118394,2025-06-05 23:51:04
C00056,1620.79,paiement,ES,9.532554,-73.197421,2025-06-07 09:04:04
C00028,2466.42,retrait,FR,-35.894218,28.223467,2025-05-26 18:00:04
C00039,3333.62,versement,ES,-3.953802,139.250652,2025-06-05 04:39:04
C00052,2642.06,virement,UK,-19.034717,-143.662274,2025-06-02 09:21:04
C00190,89.74,retrait,DE,6.718091,-11.425128,2025-06-07 01:06:04
C00186,3089.36,achat,ES,36.861699,39.041873,2025-06-14 01:14:04
C00103,4667.88,retrait,DE,-53.464466,110.273392,2025-05-30 11:58:04
C00132,1803.72,virement,JP,67.357789,151.203534,2025-05-22 10:22:04
C00042,3480.97,versement,UK,87.76895,-116.541893,2025-05-21 17:11:04
C00186,3026.92,paiement,FR,42.770035,-62.172372,2025-06-15 17:23:04
C00022,985.96,retrait,US,64.882894,102.296276,2025-06-01 15:31:04
C00011,167.39,versement,JP,-60.971638,97.473806,2025-06-03 22:12:04
C00042,4893.34,versement,DE,14.739769,138.006586,2025-06-08 15:02:04
C00161,2086.2,paiement,IT,69.835266,17.73033,2025-05-23 01:25:04
C00100,4930.81,paiement,UK,-75.504404,-51.942802,2025-05-20 23:38:04
C00065,2124.7,achat,JP,18.1086,-88.30404,2025-06-04 04:32:04
C00156,1456.13,achat,ES,35.079827,74.396729,2025-06-02 01:32:04
C00094,2736.12,paiement,CN,64.06288,123.829051,2025-06-03 19:58:04
C00030,2744.62,achat,IT,33.031747,54.642095,2025-05-18 10:25:04
C00130,994.66,retrait,CN,-32.451801,116.58263,2025-05-24 10:15:04
C00025,2313.24,retrait,JP,-54.055369,154.068615,2025-05-28 20:53:04
C00014,1009.03,virement,FR,-11.833686,161.112241,2025-05-27 13:44:04
C00034,301.86,virement,FR,16.552052,-67.967833,2025-05-31 09:25:04
C00170,3921.46,achat,IT,-24.717527,-126.442913,2025-05-28 18:04:04
C00072,4794.55,retrait,FR,-1.065047,-68.02274,2025-05-26 01:44:04
C00149,4939.04,retrait,CN,-50.622912,-111.047089,2025-05-31 04:07:04
C00185,2395.3,paiement,CN,-44.851586,-28.589873,2025-05-26 20:48:04
C00006,4040.62,virement,CN,30.748346,-59.996867,2025-06-02 13:07:04
C00163,830.13,achat,JP,-28.042206,-9.610227,2025-06-07 00:01:04
C00110,2964.39,retrait,FR,53.25129,77.451436,2025-05-23 12:32:04
C00018,1050.3,paiement,DE,47.614075,-81.5741,2025-05-31 19:55:04
C00167,2392.77,versement,CN,-53.139591,84.690941,2025-06-09 15:06:04
C00088,1743.79,paiement,FR,65.896339,-112.35486,2025-05-31 00:20:04
C00132,2739.78,retrait,IT,83.125192,-76.505331,2025-05-25 06:35:04
C00173,570.98,versement,DE,10.699625,27.596661,2025-06-07 03:38:04
C00119,4964.52,virement,US,-1.941428,92.787963,2025-05-21 01:21:04
C00062,4508.55,versement,IT,67.424315,84.410533,2025-06-07 00:03:04
C00048,4825.42,achat,DE,72.997268,-102.609138,2025-05-27 01:06:04
C00160,1138.92,versement,IT,30.597976,-39.090659,2025-05-28 13:22:04
C00085,3986.36,versement,JP,-52.149891,128.003603,2025-06-08 09:02:04
C00036,3746.88,paiement,IT,3.091023,35.789135,2025-06-12 05:24:04
C00026,3607.11,paiement,UK,-2.343215,87.704726,2025-05-21 18:27:04
C00139,2644.24,paiement,DE,14.396566,-163.720387,2025-06-08 16:55:04
C00113,644.2,virement,DE,37.25459,24.931519,2025-05-31 02:05:04
C00143,845.09,retrait,IT,-40.335575,25.259854,2025-05-31 00:03:04
C00047,3029.35,versement,UK,-76.268888,-127.619691,2025-05-19 19:34:04
C00115,4259.21,paiement,CN,-12.317705,169.098909,2025-06-03 03:22:04
C00037,1758.93,virement,US,-20.919279,91.099877,2025-06-16 16:53:04
C00097,846.47,retrait,UK,-55.034035,116.992935,2025-06-08 18:34:04
C00160,3504.38,virement,FR,11.89724,-105.136714,2025-06-14 15:42:04
C00103,3160.6,retrait,FR,17.845112,-74.993054,2025-06-05 21:35:04
C00148,3595.7,versement,US,28.906103,79.250728,2025-05-30 17:28:04
C00048,1700.13,virement,US,-2.133813,22.341556,2025-05-20 06:23:04
C00086,3503.6,paiement,JP,-56.214806,-47.40521,2025-06-05 04:46:04
C00186,4494.1,achat,DE,2.644037,-37.624033,2025-05-29 06:22:04
C00192,4800.53,paiement,DE,-81.488229,-9.178358,2025-05-31 05:11:04
C00197,3977.67,achat,JP,-25.174877,-155.427411,2025-06-10 10:46:04
C00183,1783.07,achat,IT,57.972521,-23.678757,2025-06-12 21:11:04
C00195,4088.84,retrait,IT,-11.932844,-54.315116,2025-06-09 07:30:04
C00039,704.75,achat,UK,14.359309,76.197464,2025-06-01 05:45:04
C00145,757.51,paiement,UK,65.459406,-127.247783,2025-05-24 12:48:04
C00134,294.45,achat,IT,63.470303,-76.850995,2025-05-24 10:15:04
