client_id,amount,transaction_type,country,timestamp
C00001,101.85,paiement,ES,2025-06-03 14:05:02
C00001,788.44,retrait,DE,2025-05-20 14:05:02
C00002,1823.23,virement,FR,2025-05-29 14:05:02
C00002,70.88,virement,FR,2025-05-30 14:05:02
C00001,875.29,versement,DE,2025-05-18 14:05:02
C00001,1610.33,retrait,ES,2025-05-20 14:05:02
C00001,1141.36,versement,DE,2025-05-28 14:05:02
C00001,353.42,virement,ES,2025-06-15 14:05:02
C00002,1285.91,paiement,DE,2025-06-06 14:05:02
C00002,103.03,virement,FR,2025-05-30 14:05:02
C00001,159.17,virement,ES,2025-06-05 14:05:02
C00906,1483.46,virement,ES,2025-05-23 14:05:02
C00001,1970.57,versement,IT,2025-05-20 14:05:02
C00002,1160.96,versement,IT,2025-05-27 14:05:02
C00001,180.44,achat,IT,2025-05-22 14:05:02
C00002,1792.54,retrait,IT,2025-05-20 14:05:02
C00002,1869.11,achat,DE,2025-05-28 14:05:02
C00001,915.57,paiement,DE,2025-05-31 14:05:02
C00001,58.34,versement,FR,2025-06-12 14:05:02
C00457,320.36,paiement,IT,2025-05-23 14:05:02
C00002,260.4,virement,FR,2025-05-20 14:05:02
C00002,1179.83,achat,DE,2025-05-27 14:05:02
C00423,750.46,versement,IT,2025-06-02 14:05:02
C00001,881.2,virement,DE,2025-05-31 14:05:02
C00002,1900.33,retrait,IT,2025-06-17 14:05:02
C00002,395.9,virement,FR,2025-06-12 14:05:02
C00001,805.14,versement,IT,2025-06-06 14:05:02
C00189,1911.35,virement,DE,2025-06-01 14:05:02
C00002,159.9,paiement,FR,2025-05-24 14:05:02
C00001,438.05,virement,IT,2025-06-08 14:05:02
C00001,1864.44,paiement,IT,2025-06-10 14:05:02
C00001,758.84,paiement,FR,2025-06-09 14:05:02
C00001,140.67,paiement,IT,2025-06-15 14:05:02
C00001,714.73,retrait,FR,2025-06-16 14:05:02
C00001,1755.78,paiement,ES,2025-06-07 14:05:02
C00572,692.14,retrait,ES,2025-06-08 14:05:02
C00002,556.53,versement,ES,2025-06-15 14:05:02
C00002,1776.33,versement,DE,2025-06-10 14:05:02
C00001,877.01,versement,FR,2025-06-09 14:05:02
C00002,784.15,virement,DE,2025-06-16 14:05:02
C00786,773.79,achat,FR,2025-06-10 14:05:02
C00001,593.63,paiement,DE,2025-05-18 14:05:02
C00621,977.97,versement,ES,2025-06-06 14:05:02
C00001,1022.62,versement,IT,2025-06-10 14:05:02
C00001,475.0,virement,FR,2025-05-20 14:05:02
C00002,1916.99,virement,ES,2025-05-18 14:05:02
C00502,1484.89,achat,ES,2025-05-29 14:05:02
C00001,1573.61,retrait,FR,2025-06-13 14:05:02
C00002,872.85,versement,ES,2025-06-12 14:05:02
C00001,150.86,retrait,ES,2025-05-20 14:05:02
C00001,1177.39,achat,DE,2025-06-05 14:05:02
C00001,1426.82,versement,IT,2025-05-19 14:05:02
C00002,706.14,virement,DE,2025-05-30 14:05:02
C00001,291.46,virement,DE,2025-06-03 14:05:02
C00001,870.97,versement,ES,2025-06-11 14:05:02
C00001,266.28,retrait,DE,2025-06-05 14:05:02
C00001,1313.32,versement,FR,2025-05-30 14:05:02
C00002,984.77,versement,FR,2025-06-03 14:05:02
C00002,837.97,achat,IT,2025-06-09 14:05:02
C00001,598.42,retrait,FR,2025-06-07 14:05:02
C00001,440.2,achat,ES,2025-05-25 14:05:02
C00001,216.24,versement,DE,2025-05-21 14:05:02
C00002,1973.5,achat,IT,2025-06-01 14:05:02
C00289,244.86,paiement,FR,2025-05-30 14:05:02
C00001,1839.97,paiement,FR,2025-06-10 14:05:02
C00254,434.02,retrait,DE,2025-06-11 14:05:02
C00001,388.8,achat,ES,2025-06-17 14:05:02
C00001,1390.29,paiement,IT,2025-06-12 14:05:02
C00002,906.5,paiement,FR,2025-05-22 14:05:02
C00001,1867.9,achat,DE,2025-06-11 14:05:02
C00001,1931.18,retrait,FR,2025-05-30 14:05:02
C00001,875.74,versement,IT,2025-05-25 14:05:02
C00001,914.51,retrait,ES,2025-06-17 14:05:02
C00002,1211.83,achat,ES,2025-06-11 14:05:02
C00002,243.21,virement,ES,2025-05-28 14:05:02
C00001,1044.76,virement,FR,2025-06-17 14:05:02
C00002,1389.87,virement,DE,2025-06-02 14:05:02
C00001,1352.18,paiement,FR,2025-05-31 14:05:02
C00001,1343.97,paiement,IT,2025-06-13 14:05:02
C00001,223.59,achat,ES,2025-05-26 14:05:02
C00752,230.78,achat,ES,2025-06-12 14:05:02
C00002,637.38,paiement,ES,2025-05-24 14:05:02
C00001,79.36,versement,ES,2025-05-26 14:05:02
C00002,430.84,retrait,DE,2025-06-14 14:05:02
C00002,156.41,versement,IT,2025-06-07 14:05:02
C00001,632.51,virement,DE,2025-05-26 14:05:02
C00001,454.29,versement,ES,2025-05-26 14:05:02
C00002,966.62,retrait,ES,2025-05-25 14:05:02
C00002,1937.45,virement,ES,2025-05-29 14:05:02
C00002,1373.24,achat,FR,2025-06-14 14:05:02
C00002,113.94,paiement,IT,2025-05-31 14:05:02
C00001,1345.91,retrait,FR,2025-05-30 14:05:02
C00001,1514.73,versement,IT,2025-06-17 14:05:02
C00002,1077.12,versement,ES,2025-05-31 14:05:02
C00001,903.06,achat,FR,2025-05-31 14:05:02
C00002,232.22,paiement,DE,2025-05-28 14:05:02
C00002,1929.36,virement,FR,2025-05-26 14:05:02
C00048,800.64,paiement,ES,2025-06-08 14:05:02
C00001,359.92,retrait,DE,2025-06-14 14:05:02
C00363,755.45,paiement,IT,2025-05-25 14:05:02
C00001,404.23,virement,FR,2025-06-09 14:05:02
C00001,176.49,retrait,IT,2025-06-03 14:05:02
C00892,275.45,retrait,DE,2025-06-13 14:05:02
C00002,758.68,virement,ES,2025-06-09 14:05:02
C00001,1191.78,virement,FR,2025-06-15 14:05:02
C00002,1442.24,virement,ES,2025-06-05 14:05:02
C00001,871.8,achat,IT,2025-06-08 14:05:02
C00002,1414.23,paiement,ES,2025-06-03 14:05:02
C00002,1674.04,versement,FR,2025-05-26 14:05:02
C00495,422.81,virement,FR,2025-05-29 14:05:02
C00002,768.47,achat,FR,2025-06-13 14:05:02
C00001,1317.29,retrait,IT,2025-05-20 14:05:02
C00002,465.27,retrait,IT,2025-05-26 14:05:02
C00002,1490.26,virement,IT,2025-06-04 14:05:02
C00001,787.82,virement,IT,2025-05-31 14:05:02
C00815,794.41,retrait,ES,2025-06-01 14:05:02
C00627,854.04,paiement,DE,2025-06-10 14:05:02
C00001,1733.33,versement,DE,2025-06-08 14:05:02
C00001,644.51,virement,ES,2025-06-07 14:05:02
C00001,235.9,versement,ES,2025-06-09 14:05:02
C00197,985.63,versement,ES,2025-05-21 14:05:02
C00002,52.16,versement,IT,2025-06-17 14:05:02
C00157,1094.51,versement,FR,2025-06-02 14:05:02
C00522,1122.93,versement,ES,2025-06-04 14:05:02
C00227,42.44,virement,DE,2025-06-13 14:05:02
C00001,1209.55,versement,ES,2025-05-23 14:05:02
C00001,1156.62,paiement,ES,2025-05-19 14:05:02
C00002,395.13,versement,DE,2025-05-18 14:05:02
C00001,678.82,retrait,ES,2025-06-03 14:05:02
C00001,1443.45,versement,ES,2025-06-05 14:05:02
C00020,526.83,paiement,IT,2025-06-16 14:05:02
C00984,1145.13,virement,ES,2025-05-26 14:05:02
C00001,1925.86,versement,DE,2025-05-24 14:05:02
C00001,35.95,virement,IT,2025-06-02 14:05:02
C00001,765.72,achat,ES,2025-05-18 14:05:02
C00002,252.57,retrait,DE,2025-06-09 14:05:02
C00268,1145.32,versement,ES,2025-05-18 14:05:02
C00001,1243.57,paiement,DE,2025-06-07 14:05:02
C00002,190.5,achat,FR,2025-06-13 14:05:02
C00001,1728.14,virement,FR,2025-06-17 14:05:02
C00001,1513.81,retrait,ES,2025-05-30 14:05:02
C00001,1473.2,paiement,ES,2025-05-26 14:05:02
C00001,905.09,virement,IT,2025-06-11 14:05:02
C00002,849.15,virement,IT,2025-05-27 14:05:02
C00001,775.29,versement,IT,2025-05-27 14:05:02
C00002,590.93,achat,FR,2025-05-26 14:05:02
C00001,672.53,retrait,ES,2025-06-14 14:05:02
C00001,1994.51,retrait,ES,2025-06-03 14:05:02
C00396,300.65,paiement,IT,2025-05-20 14:05:02
C00002,1387.41,retrait,ES,2025-05-28 14:05:02
C00002,1840.67,achat,IT,2025-06-03 14:05:02
C00001,573.97,virement,DE,2025-05-27 14:05:02
C00001,566.05,versement,DE,2025-06-11 14:05:02
C00002,1128.03,achat,ES,2025-06-12 14:05:02
C00001,1380.07,achat,IT,2025-05-29 14:05:02
C00002,1001.07,retrait,ES,2025-06-08 14:05:02
C00001,1556.75,versement,DE,2025-05-24 14:05:02
C00002,1534.25,achat,FR,2025-05-28 14:05:02
C00002,350.87,virement,ES,2025-05-31 14:05:02
C00001,1117.6,paiement,IT,2025-05-19 14:05:02
C00001,112.55,achat,FR,2025-06-14 14:05:02
C00001,1667.33,paiement,FR,2025-06-05 14:05:02
C00002,291.48,virement,IT,2025-05-28 14:05:02
C00002,166.61,versement,ES,2025-05-24 14:05:02
C00002,955.97,paiement,FR,2025-05-18 14:05:02
C00001,1589.88,achat,ES,2025-05-20 14:05:02
C00143,1050.94,versement,FR,2025-05-30 14:05:02
C00001,401.73,achat,FR,2025-05-19 14:05:02
C00002,1561.24,virement,DE,2025-05-18 14:05:02
C00002,685.3,achat,ES,2025-06-14 14:05:02
C00001,433.77,versement,ES,2025-06-07 14:05:02
C00818,1000.16,achat,FR,2025-05-18 14:05:02
C00002,457.68,paiement,ES,2025-05-26 14:05:02
C00001,1294.75,achat,FR,2025-05-25 14:05:02
C00001,1716.93,versement,IT,2025-05-26 14:05:02
C00001,1048.64,virement,IT,2025-05-25 14:05:02
C00002,975.86,versement,ES,2025-05-23 14:05:02
C00002,1070.92,versement,IT,2025-05-27 14:05:02
C00001,705.03,retrait,ES,2025-06-08 14:05:02
C00613,1337.92,retrait,IT,2025-06-03 14:05:02
C00001,760.97,virement,FR,2025-05-25 14:05:02
C00002,1751.59,virement,DE,2025-05-24 14:05:02
C00002,167.15,achat,ES,2025-06-12 14:05:02
C00237,1940.67,retrait,ES,2025-06-15 14:05:02
C00001,73.42,versement,DE,2025-05-18 14:05:02
C00001,80.15,versement,DE,2025-05-21 14:05:02
C00409,1155.56,versement,IT,2025-05-19 14:05:02
C00001,1088.07,achat,IT,2025-06-17 14:05:02
C00001,122.35,versement,FR,2025-05-21 14:05:02
C00002,1398.11,virement,ES,2025-06-16 14:05:02
C00001,1368.82,virement,FR,2025-06-03 14:05:02
C00001,1428.65,versement,FR,2025-06-15 14:05:02
C00001,1493.14,virement,ES,2025-05-20 14:05:02
C00001,612.53,versement,IT,2025-05-28 14:05:02
C00002,1478.18,versement,IT,2025-06-02 14:05:02
C00001,10.68,versement,FR,2025-06-14 14:05:02
C00001,1521.69,versement,DE,2025-06-09 14:05:02
C00123,122.78,paiement,ES,2025-05-20 14:05:02
C00001,1842.1,achat,DE,2025-06-13 14:05:02
C00002,325.37,retrait,DE,2025-06-14 14:05:02
C00001,836.65,paiement,FR,2025-05-28 14:05:02
C00001,1668.79,achat,IT,2025-05-21 14:05:02
C00002,1942.23,achat,IT,2025-05-18 14:05:02
C00002,1160.26,virement,FR,2025-05-22 14:05:02
C00001,1571.03,virement,ES,2025-06-10 14:05:02
C00001,1947.93,versement,ES,2025-05-19 14:05:02
C00001,1306.08,virement,IT,2025-06-17 14:05:02
C00340,1767.34,virement,DE,2025-05-27 14:05:02
C00001,395.31,achat,ES,2025-06-14 14:05:02
C00002,1255.34,paiement,DE,2025-05-27 14:05:02
C00001,1230.33,achat,ES,2025-05-22 14:05:02
C00001,458.14,retrait,ES,2025-05-27 14:05:02
C00001,564.49,virement,DE,2025-06-07 14:05:02
C00001,1190.25,virement,FR,2025-05-20 14:05:02
C00002,568.78,versement,ES,2025-05-29 14:05:02
C00002,1979.15,versement,FR,2025-05-23 14:05:02
C00001,1250.25,versement,FR,2025-06-07 14:05:02
C00001,1504.06,paiement,FR,2025-06-06 14:05:02
C00199,1726.29,achat,DE,2025-06-04 14:05:02
C00002,1188.84,virement,ES,2025-05-25 14:05:02
C00621,1029.36,retrait,ES,2025-05-21 14:05:02
C00001,203.72,paiement,ES,2025-05-24 14:05:02
C00001,1191.78,retrait,IT,2025-06-02 14:05:02
C00002,1585.92,paiement,DE,2025-06-17 14:05:02
C00001,1780.9,versement,DE,2025-05-29 14:05:02
C00002,444.88,achat,FR,2025-05-18 14:05:02
C00002,379.27,retrait,IT,2025-06-15 14:05:02
C00002,1904.92,paiement,ES,2025-06-16 14:05:02
C00002,1492.11,versement,FR,2025-05-29 14:05:02
C00001,31.63,virement,ES,2025-06-01 14:05:02
C00002,1179.7,virement,DE,2025-06-09 14:05:02
C00002,448.9,virement,DE,2025-06-08 14:05:02
C00001,1993.93,versement,ES,2025-05-23 14:05:02
C00001,609.02,retrait,DE,2025-05-25 14:05:02
C00110,1992.72,paiement,ES,2025-06-13 14:05:02
C00001,1300.03,paiement,ES,2025-05-19 14:05:02
C00001,567.84,retrait,IT,2025-06-01 14:05:02
C00001,1692.57,versement,ES,2025-06-15 14:05:02
C00002,1656.96,versement,DE,2025-06-07 14:05:02
C00001,712.31,achat,FR,2025-05-25 14:05:02
C00002,129.0,achat,ES,2025-06-11 14:05:02
C00002,1605.69,virement,FR,2025-06-12 14:05:02
C00002,106.22,retrait,ES,2025-06-06 14:05:02
C00935,1742.88,paiement,IT,2025-06-05 14:05:02
C00001,585.08,retrait,FR,2025-06-08 14:05:02
C00001,704.7,paiement,ES,2025-05-27 14:05:02
C00001,128.66,retrait,IT,2025-06-12 14:05:02
C00001,1059.74,paiement,IT,2025-05-20 14:05:02
C00001,1909.17,virement,FR,2025-06-13 14:05:02
C00002,900.61,versement,IT,2025-05-25 14:05:02
C00002,175.29,achat,DE,2025-05-19 14:05:02
C00001,1214.37,paiement,FR,2025-06-06 14:05:02
C00002,1294.24,paiement,ES,2025-06-08 14:05:02
C00395,1314.54,versement,ES,2025-05-27 14:05:02
C00001,252.43,virement,FR,2025-06-05 14:05:02
C00002,666.62,paiement,DE,2025-06-13 14:05:02
C00001,848.63,virement,ES,2025-05-20 14:05:02
C00001,189.43,paiement,DE,2025-06-17 14:05:02
C00002,557.93,virement,DE,2025-05-31 14:05:02
C00990,787.35,retrait,IT,2025-06-06 14:05:02
C00002,676.76,virement,ES,2025-05-25 14:05:02
C00820,234.22,virement,DE,2025-05-29 14:05:02
C00001,783.49,retrait,FR,2025-06-10 14:05:02
C00472,140.34,paiement,IT,2025-06-13 14:05:02
C00001,49.77,achat,ES,2025-06-08 14:05:02
C00001,1733.89,paiement,FR,2025-06-10 14:05:02
C00001,839.42,achat,FR,2025-06-11 14:05:02
C00001,1030.66,virement,IT,2025-06-15 14:05:02
C00001,719.74,paiement,FR,2025-05-24 14:05:02
C00002,467.47,virement,FR,2025-06-09 14:05:02
C00001,957.09,versement,IT,2025-06-10 14:05:02
C00001,195.81,retrait,DE,2025-05-29 14:05:02
C00001,1103.52,retrait,FR,2025-06-01 14:05:02
C00002,400.34,versement,IT,2025-05-27 14:05:02
C00002,1337.96,virement,FR,2025-05-18 14:05:02
C00001,1498.85,virement,DE,2025-06-10 14:05:02
C00002,911.34,retrait,ES,2025-05-25 14:05:02
C00002,1698.24,versement,IT,2025-06-13 14:05:02
C00002,888.49,retrait,ES,2025-06-17 14:05:02
C00001,547.44,achat,FR,2025-06-13 14:05:02
C00505,1116.0,paiement,ES,2025-05-24 14:05:02
C00002,772.64,versement,IT,2025-05-29 14:05:02
C00002,1705.69,virement,ES,2025-06-09 14:05:02
C00001,1438.68,retrait,IT,2025-05-21 14:05:02
C00002,1459.05,retrait,DE,2025-05-30 14:05:02
C00001,335.28,versement,FR,2025-05-25 14:05:02
C00120,323.31,achat,FR,2025-06-11 14:05:02
C00765,906.16,retrait,FR,2025-06-16 14:05:02
C00001,513.56,achat,DE,2025-05-18 14:05:02
C00002,1866.55,virement,IT,2025-06-15 14:05:02
C00002,1664.47,achat,FR,2025-06-16 14:05:02
C00002,1875.72,versement,ES,2025-05-24 14:05:02
C00001,799.52,virement,FR,2025-05-22 14:05:02
C00001,1689.11,achat,ES,2025-05-22 14:05:02
C00001,1645.11,retrait,DE,2025-05-19 14:05:02
C00001,1549.41,retrait,FR,2025-05-28 14:05:02
C00001,1346.0,retrait,IT,2025-05-21 14:05:02
C00001,1460.68,achat,FR,2025-05-31 14:05:02
C00729,1368.48,achat,DE,2025-06-01 14:05:02
C00002,1038.3,versement,FR,2025-06-09 14:05:02
C00002,1114.84,versement,FR,2025-06-08 14:05:02
C00001,648.44,retrait,IT,2025-06-08 14:05:02
C00002,101.35,versement,FR,2025-06-16 14:05:02
C00002,1786.89,versement,IT,2025-05-28 14:05:02
C00002,444.43,virement,FR,2025-06-16 14:05:02
C00002,795.38,virement,FR,2025-06-07 14:05:02
C00001,547.72,paiement,FR,2025-05-23 14:05:02
C00001,1426.03,versement,FR,2025-05-24 14:05:02
C00001,641.91,virement,ES,2025-06-12 14:05:02
C00001,1339.29,achat,IT,2025-06-13 14:05:02
C00001,515.46,retrait,ES,2025-05-27 14:05:02
C00001,1780.63,achat,ES,2025-05-26 14:05:02
C00424,486.34,achat,ES,2025-05-31 14:05:02
C00001,1542.81,versement,ES,2025-06-01 14:05:02
C00002,667.13,paiement,ES,2025-05-20 14:05:02
C00317,1008.44,paiement,FR,2025-06-13 14:05:02
C00694,1778.34,retrait,IT,2025-06-06 14:05:02
C00001,1582.11,virement,IT,2025-05-27 14:05:02
C00167,568.2,achat,IT,2025-06-05 14:05:02
C00001,47.92,achat,DE,2025-05-28 14:05:02
C00002,856.68,achat,IT,2025-06-02 14:05:02
C00001,1941.27,virement,FR,2025-05-29 14:05:02
C00001,1543.73,retrait,DE,2025-06-11 14:05:02
C00002,185.07,retrait,IT,2025-06-03 14:05:02
C00002,1671.69,versement,ES,2025-06-10 14:05:02
C00001,1826.5,achat,IT,2025-05-23 14:05:02
C00001,423.94,paiement,IT,2025-06-07 14:05:02
C00001,1095.45,paiement,DE,2025-05-21 14:05:02
C00001,1445.78,achat,IT,2025-06-13 14:05:02
C00002,1150.48,paiement,FR,2025-06-04 14:05:02
C00001,1676.42,versement,ES,2025-05-29 14:05:02
C00001,822.41,retrait,FR,2025-05-18 14:05:02
C00537,17.15,virement,IT,2025-06-06 14:05:02
C00001,1220.85,paiement,FR,2025-05-26 14:05:02
C00001,1035.68,retrait,FR,2025-06-03 14:05:02
C00001,936.33,achat,IT,2025-05-19 14:05:02
C00002,1499.93,versement,FR,2025-06-05 14:05:02
C00001,1531.71,virement,DE,2025-06-05 14:05:02
C00001,889.26,virement,IT,2025-05-21 14:05:02
C00002,1719.09,virement,ES,2025-06-04 14:05:02
C00415,1467.05,versement,DE,2025-06-02 14:05:02
C00959,747.24,achat,ES,2025-06-04 14:05:02
C00002,1315.58,paiement,FR,2025-05-28 14:05:02
C00001,779.27,achat,DE,2025-06-11 14:05:02
C00001,401.85,retrait,FR,2025-06-14 14:05:02
C00001,715.13,achat,FR,2025-05-29 14:05:02
C00002,702.97,virement,ES,2025-05-18 14:05:02
C00001,1253.03,virement,DE,2025-06-15 14:05:02
C00001,234.06,retrait,ES,2025-06-09 14:05:02
C00001,109.46,versement,FR,2025-05-23 14:05:02
C00002,1364.99,versement,FR,2025-06-10 14:05:02
C00001,592.0,paiement,FR,2025-06-07 14:05:02
C00002,1422.65,paiement,ES,2025-05-23 14:05:02
C00001,1770.14,virement,FR,2025-05-25 14:05:02
C00001,1877.09,paiement,IT,2025-05-27 14:05:02
C00402,1705.76,versement,DE,2025-06-11 14:05:02
C00853,1015.48,versement,IT,2025-06-14 14:05:02
C00002,1609.68,paiement,ES,2025-06-05 14:05:02
C00002,1186.86,virement,ES,2025-06-05 14:05:02
C00001,718.24,paiement,ES,2025-06-03 14:05:02
C00001,215.83,achat,ES,2025-06-06 14:05:02
C00001,188.67,retrait,ES,2025-06-15 14:05:02
C00002,1842.91,versement,DE,2025-05-24 14:05:02
C00456,1596.85,versement,FR,2025-06-12 14:05:02
C00001,1653.3,achat,FR,2025-05-26 14:05:02
C00001,1379.91,retrait,ES,2025-05-19 14:05:02
C00002,1056.27,retrait,ES,2025-06-05 14:05:02
C00001,615.4,virement,FR,2025-06-09 14:05:02
C00001,1453.7,achat,ES,2025-06-10 14:05:02
C00001,304.57,virement,DE,2025-06-02 14:05:02
C00001,1564.18,paiement,DE,2025-06-09 14:05:02
C00001,1876.53,virement,IT,2025-06-10 14:05:02
C00385,1339.2,paiement,IT,2025-05-21 14:05:02
C00001,1123.47,versement,FR,2025-06-15 14:05:02
C00001,864.11,paiement,ES,2025-06-07 14:05:02
C00893,1306.79,paiement,DE,2025-06-08 14:05:02
C00001,301.68,versement,ES,2025-05-24 14:05:02
C00001,1741.72,virement,FR,2025-05-29 14:05:02
C00369,1161.8,achat,FR,2025-05-29 14:05:02
C00001,1736.49,versement,IT,2025-05-22 14:05:02
C00405,813.33,achat,IT,2025-05-20 14:05:02
C00001,574.74,paiement,ES,2025-05-20 14:05:02
C00900,496.71,versement,IT,2025-06-08 14:05:02
C00002,672.38,paiement,ES,2025-06-11 14:05:02
C00001,981.79,versement,IT,2025-06-13 14:05:02
C00001,1615.35,virement,IT,2025-05-28 14:05:02
C00781,1497.1,versement,IT,2025-06-08 14:05:02
C00002,1168.65,achat,DE,2025-05-26 14:05:02
C00001,1027.82,retrait,FR,2025-06-12 14:05:02
C00001,1308.71,paiement,FR,2025-05-19 14:05:02
C00001,197.75,achat,ES,2025-06-10 14:05:02
C00002,1032.91,paiement,DE,2025-06-17 14:05:02
C00378,796.04,virement,FR,2025-06-15 14:05:02
C00284,974.5,versement,ES,2025-06-03 14:05:02
C00511,822.31,achat,IT,2025-06-02 14:05:02
C00002,374.45,versement,ES,2025-06-06 14:05:02
C00001,1088.78,paiement,ES,2025-06-06 14:05:02
C00001,1336.93,versement,FR,2025-06-17 14:05:02
C00001,240.27,virement,DE,2025-05-20 14:05:02
C00001,356.02,versement,DE,2025-06-02 14:05:02
C00001,205.38,virement,FR,2025-05-24 14:05:02
C00001,1069.97,versement,DE,2025-05-24 14:05:02
C00002,677.63,virement,IT,2025-06-07 14:05:02
C00200,1636.88,retrait,FR,2025-06-10 14:05:02
C00002,1698.99,versement,ES,2025-06-01 14:05:02
C00001,1353.54,virement,ES,2025-05-18 14:05:02
C00978,793.76,versement,DE,2025-05-22 14:05:02
C00001,395.5,paiement,FR,2025-06-02 14:05:02
C00001,813.61,versement,FR,2025-06-01 14:05:02
C00001,100.34,retrait,DE,2025-05-30 14:05:02
C00001,1735.94,achat,DE,2025-06-14 14:05:02
C00001,1610.6,paiement,ES,2025-06-08 14:05:02
C00001,528.02,versement,ES,2025-05-28 14:05:02
C00001,839.69,paiement,FR,2025-06-05 14:05:02
C00002,1487.52,versement,FR,2025-06-17 14:05:02
C00001,485.48,versement,FR,2025-05-30 14:05:02
C00002,118.6,virement,FR,2025-06-02 14:05:02
C00001,1918.19,versement,IT,2025-06-05 14:05:02
C00001,856.2,achat,IT,2025-06-09 14:05:02
C00681,1629.46,achat,DE,2025-05-29 14:05:02
C00002,94.74,achat,FR,2025-05-20 14:05:02
C00001,13.68,achat,DE,2025-05-24 14:05:02
C00002,692.26,achat,DE,2025-05-19 14:05:02
C00002,757.35,virement,IT,2025-05-19 14:05:02
C00002,36.12,retrait,FR,2025-06-17 14:05:02
C00002,1318.11,retrait,DE,2025-05-31 14:05:02
C00001,569.74,virement,FR,2025-05-22 14:05:02
C00001,1102.45,achat,ES,2025-06-12 14:05:02
C00001,771.37,retrait,FR,2025-06-02 14:05:02
C00001,1167.89,retrait,DE,2025-05-25 14:05:02
C00991,710.7,retrait,IT,2025-06-14 14:05:02
C00001,1230.25,paiement,ES,2025-05-27 14:05:02
C00106,1343.78,virement,ES,2025-05-29 14:05:02
C00001,1096.31,paiement,ES,2025-06-17 14:05:02
C00353,110.85,retrait,ES,2025-05-25 14:05:02
C00001,1617.88,paiement,DE,2025-06-07 14:05:02
C00001,568.49,versement,DE,2025-06-02 14:05:02
C00001,208.0,versement,FR,2025-05-29 14:05:02
C00001,1667.21,retrait,FR,2025-06-02 14:05:02
C00001,251.4,achat,DE,2025-05-29 14:05:02
C00949,38.88,paiement,FR,2025-06-01 14:05:02
C00547,451.27,versement,DE,2025-06-15 14:05:02
C00001,1612.62,retrait,FR,2025-06-03 14:05:02
C00037,362.23,paiement,DE,2025-06-16 14:05:02
C00002,390.52,paiement,DE,2025-06-13 14:05:02
C00001,196.56,virement,FR,2025-06-15 14:05:02
C00001,1097.37,paiement,ES,2025-05-19 14:05:02
C00001,274.71,achat,DE,2025-06-06 14:05:02
C00001,259.9,paiement,FR,2025-06-16 14:05:02
C00261,1778.74,retrait,ES,2025-05-31 14:05:02
C00002,22.88,virement,DE,2025-05-29 14:05:02
C00001,1363.19,achat,DE,2025-06-14 14:05:02
C00002,965.75,retrait,DE,2025-06-10 14:05:02
C00002,1548.07,retrait,IT,2025-05-30 14:05:02
C00001,1810.13,paiement,IT,2025-05-25 14:05:02
C00001,1324.26,paiement,ES,2025-05-20 14:05:02
C00001,898.46,paiement,DE,2025-06-04 14:05:02
C00001,408.55,versement,IT,2025-06-04 14:05:02
C00001,1133.59,achat,FR,2025-05-22 14:05:02
C00001,1626.9,virement,FR,2025-06-09 14:05:02
C00001,1579.39,retrait,IT,2025-05-29 14:05:02
C00001,1963.43,achat,DE,2025-06-05 14:05:02
C00001,885.59,achat,DE,2025-05-23 14:05:02
C00001,1246.64,versement,ES,2025-05-30 14:05:02
C00002,279.14,paiement,DE,2025-06-15 14:05:02
C00002,473.94,achat,DE,2025-06-16 14:05:02
C00002,680.68,retrait,DE,2025-05-29 14:05:02
C00001,879.77,achat,ES,2025-05-23 14:05:02
C00001,1186.02,virement,ES,2025-06-02 14:05:02
C00001,69.18,achat,IT,2025-06-04 14:05:02
C00426,945.79,achat,ES,2025-06-02 14:05:02
C00001,346.14,paiement,DE,2025-06-05 14:05:02
C00001,1614.93,paiement,IT,2025-06-12 14:05:02
C00502,129.84,paiement,ES,2025-05-22 14:05:02
C00293,762.26,achat,DE,2025-06-15 14:05:02
C00001,263.02,versement,IT,2025-06-10 14:05:02
C00001,1198.31,paiement,IT,2025-05-31 14:05:02
C00001,350.25,paiement,FR,2025-06-05 14:05:02
C00957,944.7,virement,FR,2025-05-28 14:05:02
C00002,1333.01,versement,FR,2025-05-30 14:05:02
C00002,991.23,versement,FR,2025-06-02 14:05:02
C00001,664.86,virement,FR,2025-05-26 14:05:02
C00001,731.73,versement,ES,2025-05-20 14:05:02
C00002,1963.16,virement,IT,2025-05-29 14:05:02
C00001,846.79,paiement,IT,2025-05-24 14:05:02
C00001,18.15,virement,ES,2025-05-21 14:05:02
C00001,1885.69,retrait,FR,2025-06-13 14:05:02
C00001,1705.24,versement,DE,2025-06-16 14:05:02
C00002,153.57,retrait,DE,2025-06-03 14:05:02
C00001,1391.77,virement,FR,2025-06-11 14:05:02
C00002,1478.36,versement,DE,2025-05-21 14:05:02
C00116,103.41,achat,IT,2025-05-18 14:05:02
C00002,1979.13,achat,DE,2025-06-03 14:05:02
C00001,1798.06,virement,IT,2025-06-08 14:05:02
C00002,372.64,retrait,ES,2025-06-10 14:05:02
C00002,1708.02,retrait,FR,2025-06-11 14:05:02
C00002,1656.84,paiement,FR,2025-05-20 14:05:02
C00002,1258.19,retrait,IT,2025-05-19 14:05:02
C00061,1764.04,retrait,ES,2025-06-03 14:05:02
C00001,219.64,achat,IT,2025-06-13 14:05:02
C00001,1460.5,paiement,DE,2025-06-05 14:05:02
C00152,1713.53,retrait,FR,2025-06-15 14:05:02
C00001,196.25,virement,DE,2025-05-28 14:05:02
C00002,1351.81,versement,DE,2025-05-27 14:05:02
C00001,156.53,versement,ES,2025-05-29 14:05:02
C00001,663.06,versement,FR,2025-06-05 14:05:02
C00001,578.4,versement,DE,2025-06-06 14:05:02
C00001,949.96,achat,DE,2025-05-24 14:05:02
C00029,811.0,versement,IT,2025-06-05 14:05:02
C00001,1136.17,paiement,FR,2025-05-28 14:05:02
C00001,481.01,paiement,ES,2025-05-21 14:05:02
C00001,731.19,paiement,FR,2025-05-21 14:05:02
C00001,1214.13,retrait,IT,2025-06-11 14:05:02
C00002,169.86,virement,IT,2025-05-29 14:05:02
C00002,167.92,versement,FR,2025-05-21 14:05:02
C00676,1770.87,achat,FR,2025-06-09 14:05:02
C00001,911.62,versement,DE,2025-05-27 14:05:02
C00002,1760.75,paiement,ES,2025-05-24 14:05:02
C00749,402.58,retrait,IT,2025-06-12 14:05:02
C00002,986.96,achat,IT,2025-06-11 14:05:02
C00001,1136.69,paiement,IT,2025-06-13 14:05:02
C00001,68.17,virement,IT,2025-06-07 14:05:02
C00001,205.14,achat,ES,2025-06-13 14:05:02
C00001,1915.77,versement,IT,2025-05-23 14:05:02
C00001,1830.12,versement,IT,2025-05-30 14:05:02
C00001,1803.97,retrait,IT,2025-05-27 14:05:02
C00002,526.85,versement,DE,2025-06-03 14:05:02
C00002,1605.55,virement,ES,2025-05-19 14:05:02
C00002,1263.95,virement,DE,2025-06-16 14:05:02
C00002,158.24,virement,IT,2025-05-22 14:05:02
C00002,867.06,virement,DE,2025-06-17 14:05:02
C00001,1168.07,retrait,ES,2025-06-02 14:05:02
C00555,425.09,paiement,FR,2025-06-17 14:05:02
C00074,182.03,achat,FR,2025-06-12 14:05:02
C00001,1539.53,paiement,IT,2025-06-05 14:05:02
C00001,181.79,achat,DE,2025-05-23 14:05:02
C00001,1680.74,retrait,ES,2025-06-06 14:05:02
C00002,1774.6,achat,DE,2025-06-01 14:05:02
C00002,600.4,retrait,FR,2025-05-20 14:05:02
C00002,659.23,retrait,ES,2025-06-06 14:05:02
C00641,426.38,achat,ES,2025-05-30 14:05:02
C00001,1733.13,virement,IT,2025-06-14 14:05:02
C00001,888.15,virement,DE,2025-05-30 14:05:02
C00987,1020.57,versement,DE,2025-05-31 14:05:02
C00001,339.83,achat,IT,2025-06-12 14:05:02
C00621,969.53,paiement,FR,2025-06-16 14:05:02
C00002,1742.38,paiement,ES,2025-06-11 14:05:02
C00001,1611.5,versement,FR,2025-05-29 14:05:02
C00001,1802.58,versement,ES,2025-06-11 14:05:02
C00001,1728.01,versement,IT,2025-05-28 14:05:02
C00001,1667.5,virement,IT,2025-05-23 14:05:02
C00002,1738.82,retrait,IT,2025-06-17 14:05:02
C00001,1813.59,paiement,IT,2025-06-06 14:05:02
C00001,1563.59,virement,FR,2025-05-24 14:05:02
C00002,202.62,achat,ES,2025-05-22 14:05:02
C00002,667.88,virement,FR,2025-06-11 14:05:02
C00002,1786.23,paiement,ES,2025-05-19 14:05:02
C00001,1589.6,versement,DE,2025-05-23 14:05:02
C00001,1870.95,retrait,DE,2025-06-09 14:05:02
C00002,940.2,virement,FR,2025-06-05 14:05:02
C00128,1883.03,versement,DE,2025-05-21 14:05:02
C00001,1979.46,achat,ES,2025-06-03 14:05:02
C00001,362.56,paiement,IT,2025-06-08 14:05:02
C00001,10.06,virement,FR,2025-06-01 14:05:02
C00002,798.42,versement,DE,2025-05-20 14:05:02
C00001,1923.71,paiement,IT,2025-05-20 14:05:02
C00002,481.88,paiement,FR,2025-06-08 14:05:02
C00001,1667.48,retrait,DE,2025-06-01 14:05:02
C00344,355.04,paiement,IT,2025-05-29 14:05:02
C00002,721.1,achat,FR,2025-06-13 14:05:02
C00002,1883.53,achat,DE,2025-06-09 14:05:02
C00001,1213.3,retrait,FR,2025-06-01 14:05:02
C00885,1467.73,retrait,DE,2025-05-30 14:05:02
C00002,1675.1,retrait,ES,2025-05-24 14:05:02
C00002,1579.17,achat,ES,2025-06-02 14:05:02
C00133,692.97,paiement,IT,2025-06-08 14:05:02
C00001,1466.86,achat,IT,2025-06-01 14:05:02
C00241,1087.84,achat,ES,2025-05-20 14:05:02
C00001,1810.56,paiement,FR,2025-05-23 14:05:02
C00002,227.23,achat,DE,2025-05-24 14:05:02
C00001,957.45,virement,DE,2025-06-07 14:05:02
C00002,1671.14,retrait,FR,2025-05-19 14:05:02
C00002,746.75,versement,FR,2025-05-21 14:05:02
C00002,233.18,retrait,ES,2025-05-22 14:05:02
C00001,709.19,versement,IT,2025-06-16 14:05:02
C00996,139.91,versement,DE,2025-05-21 14:05:02
C00001,1326.73,achat,IT,2025-06-06 14:05:02
C00001,377.64,paiement,IT,2025-06-07 14:05:02
C00714,655.78,versement,DE,2025-05-22 14:05:02
C00001,1021.12,paiement,ES,2025-06-06 14:05:02
C00002,1655.37,retrait,FR,2025-06-13 14:05:02
C00002,1616.97,paiement,DE,2025-06-09 14:05:02
C00463,1108.48,paiement,IT,2025-05-21 14:05:02
C00002,1122.99,retrait,DE,2025-06-04 14:05:02
C00001,1085.14,paiement,FR,2025-05-31 14:05:02
C00009,1445.97,versement,FR,2025-06-17 14:05:02
C00001,1158.12,virement,ES,2025-05-19 14:05:02
C00002,1607.25,paiement,IT,2025-06-09 14:05:02
C00002,269.27,achat,FR,2025-06-13 14:05:02
C00001,1291.67,retrait,FR,2025-06-11 14:05:02
C00001,154.19,virement,DE,2025-05-30 14:05:02
C00001,1812.47,paiement,FR,2025-06-16 14:05:02
C00002,269.18,paiement,IT,2025-06-10 14:05:02
C00002,1976.16,virement,DE,2025-06-08 14:05:02
C00002,81.63,paiement,ES,2025-05-27 14:05:02
C00001,1540.39,achat,ES,2025-05-24 14:05:02
C00001,1943.35,retrait,IT,2025-05-31 14:05:02
C00002,402.91,achat,IT,2025-06-11 14:05:02
C00001,1107.68,virement,IT,2025-06-09 14:05:02
C00002,1614.63,achat,IT,2025-05-29 14:05:02
C00001,777.14,retrait,IT,2025-06-07 14:05:02
C00001,47.59,versement,ES,2025-06-08 14:05:02
C00002,1772.03,virement,ES,2025-06-10 14:05:02
C00001,612.95,paiement,IT,2025-06-01 14:05:02
C00002,1310.99,paiement,FR,2025-06-15 14:05:02
C00001,87.9,versement,DE,2025-06-03 14:05:02
C00002,576.48,versement,ES,2025-06-15 14:05:02
C00002,1594.01,achat,ES,2025-05-31 14:05:02
C00002,1404.41,versement,IT,2025-05-23 14:05:02
C00001,209.19,paiement,ES,2025-06-05 14:05:02
C00676,709.06,versement,IT,2025-06-01 14:05:02
C00001,484.31,retrait,DE,2025-06-14 14:05:02
C00002,354.51,retrait,IT,2025-06-01 14:05:02
C00772,387.8,virement,FR,2025-05-29 14:05:02
C00001,536.35,achat,ES,2025-05-23 14:05:02
C00001,162.27,achat,DE,2025-05-21 14:05:02
C00001,870.05,virement,FR,2025-06-15 14:05:02
C00001,547.36,versement,ES,2025-06-07 14:05:02
C00001,901.37,versement,IT,2025-06-16 14:05:02
C00001,903.2,achat,FR,2025-06-14 14:05:02
C00001,733.04,achat,FR,2025-06-02 14:05:02
C00002,1595.5,retrait,IT,2025-05-20 14:05:02
C00246,1920.62,achat,IT,2025-06-11 14:05:02
C00002,973.17,achat,FR,2025-06-09 14:05:02
C00001,1970.67,achat,FR,2025-06-16 14:05:02
C00001,1159.23,versement,DE,2025-06-03 14:05:02
C00001,536.06,paiement,ES,2025-06-02 14:05:02
C00857,89.14,achat,DE,2025-05-26 14:05:02
C00998,362.59,retrait,DE,2025-06-08 14:05:02
C00700,530.44,virement,IT,2025-05-31 14:05:02
C00002,257.11,paiement,DE,2025-06-11 14:05:02
C00311,1838.62,achat,FR,2025-06-02 14:05:02
C00001,1575.16,paiement,FR,2025-05-30 14:05:02
C00536,345.49,retrait,ES,2025-05-30 14:05:02
C00001,957.85,virement,DE,2025-05-22 14:05:02
C00002,1428.84,achat,ES,2025-05-28 14:05:02
C00001,889.59,retrait,FR,2025-05-20 14:05:02
C00002,863.86,virement,FR,2025-06-13 14:05:02
C00002,1829.67,retrait,IT,2025-06-06 14:05:02
C00002,1972.94,paiement,DE,2025-05-25 14:05:02
C00001,1602.8,achat,IT,2025-06-17 14:05:02
C00001,663.93,achat,ES,2025-05-19 14:05:02
C00001,341.04,versement,IT,2025-06-16 14:05:02
C00308,1189.69,retrait,DE,2025-05-29 14:05:02
C00920,798.22,paiement,DE,2025-06-10 14:05:02
C00002,1497.76,achat,DE,2025-06-05 14:05:02
C00001,423.77,virement,IT,2025-06-04 14:05:02
C00002,618.13,achat,ES,2025-05-18 14:05:02
C00001,1081.35,paiement,ES,2025-06-05 14:05:02
C00002,853.97,paiement,DE,2025-05-18 14:05:02
C00002,515.79,versement,FR,2025-06-12 14:05:02
C00002,1437.23,versement,ES,2025-05-20 14:05:02
C00002,921.12,versement,DE,2025-05-24 14:05:02
C00001,1127.35,versement,DE,2025-05-21 14:05:02
C00002,10.47,virement,ES,2025-06-12 14:05:02
C00001,479.2,paiement,ES,2025-06-06 14:05:02
C00863,199.77,retrait,FR,2025-06-15 14:05:02
C00001,554.19,achat,IT,2025-06-17 14:05:02
C00001,1550.39,virement,FR,2025-06-12 14:05:02
C00002,934.19,virement,DE,2025-06-05 14:05:02
C00001,91.19,paiement,DE,2025-05-21 14:05:02
C00002,1474.88,paiement,FR,2025-05-31 14:05:02
C00621,1045.4,retrait,IT,2025-06-13 14:05:02
C00878,108.49,retrait,FR,2025-06-15 14:05:02
C00001,1302.97,retrait,FR,2025-06-07 14:05:02
C00001,668.87,achat,ES,2025-06-02 14:05:02
C00989,1545.04,achat,FR,2025-05-25 14:05:02
C00650,1970.95,versement,IT,2025-05-22 14:05:02
C00001,218.19,achat,IT,2025-05-22 14:05:02
C00958,1186.7,versement,ES,2025-06-04 14:05:02
C00024,1296.51,retrait,IT,2025-05-18 14:05:02
C00001,1807.01,retrait,IT,2025-05-23 14:05:02
C00001,1263.86,virement,FR,2025-06-04 14:05:02
C00001,1294.29,retrait,FR,2025-06-04 14:05:02
C00001,1247.5,retrait,IT,2025-06-15 14:05:02
C00001,1946.58,versement,FR,2025-06-03 14:05:02
C00001,1499.53,versement,FR,2025-05-20 14:05:02
C00002,178.42,virement,ES,2025-06-17 14:05:02
C00001,562.07,virement,ES,2025-05-21 14:05:02
C00001,1860.44,retrait,IT,2025-06-01 14:05:02
C00001,821.74,virement,DE,2025-06-05 14:05:02
C00001,1238.05,versement,IT,2025-05-19 14:05:02
C00001,1041.08,versement,ES,2025-05-28 14:05:02
C00002,728.35,retrait,DE,2025-05-30 14:05:02
C00682,866.77,achat,DE,2025-06-12 14:05:02
C00001,803.44,versement,ES,2025-06-05 14:05:02
C00326,486.58,virement,IT,2025-06-08 14:05:02
C00001,1837.19,paiement,DE,2025-05-20 14:05:02
C00001,1949.03,virement,FR,2025-05-30 14:05:02
C00001,1991.65,achat,DE,2025-06-02 14:05:02
C00002,1018.07,retrait,DE,2025-06-15 14:05:02
C00002,1498.7,retrait,DE,2025-06-15 14:05:02
C00001,579.11,versement,IT,2025-06-15 14:05:02
C00001,542.73,retrait,DE,2025-05-20 14:05:02
C00910,397.52,paiement,DE,2025-05-29 14:05:02
C00001,1480.85,retrait,DE,2025-06-02 14:05:02
C00001,1853.69,versement,FR,2025-06-17 14:05:02
C00002,28.63,versement,IT,2025-05-30 14:05:02
C00001,619.3,retrait,FR,2025-06-01 14:05:02
C00001,613.87,retrait,IT,2025-06-05 14:05:02
C00001,1936.95,versement,IT,2025-06-01 14:05:02
C00704,1249.84,paiement,IT,2025-05-21 14:05:02
C00001,355.96,achat,IT,2025-06-04 14:05:02
C00001,1062.54,achat,DE,2025-05-28 14:05:02
C00001,1761.79,virement,DE,2025-06-14 14:05:02
C00002,1649.9,virement,IT,2025-06-04 14:05:02
C00001,1959.82,paiement,FR,2025-05-21 14:05:02
C00002,855.91,paiement,IT,2025-05-21 14:05:02
C00536,757.17,versement,ES,2025-06-01 14:05:02
C00265,542.44,retrait,ES,2025-05-24 14:05:02
C00002,1055.43,achat,FR,2025-05-31 14:05:02
C00001,447.91,versement,IT,2025-06-13 14:05:02
C00001,416.52,retrait,IT,2025-05-29 14:05:02
C00714,161.92,versement,DE,2025-06-09 14:05:02
C00001,95.95,virement,DE,2025-06-15 14:05:02
C00001,596.39,virement,DE,2025-06-08 14:05:02
C00001,318.91,versement,DE,2025-06-14 14:05:02
C00433,1077.61,retrait,IT,2025-06-08 14:05:02
C00002,1454.6,achat,IT,2025-05-28 14:05:02
C00002,1587.81,paiement,ES,2025-05-27 14:05:02
C00001,1104.6,paiement,DE,2025-06-17 14:05:02
C00002,1488.23,paiement,DE,2025-05-28 14:05:02
C00253,1511.86,versement,DE,2025-06-14 14:05:02
C00572,379.5,virement,FR,2025-05-20 14:05:02
C00002,487.67,retrait,IT,2025-05-30 14:05:02
C00001,564.5,paiement,ES,2025-06-15 14:05:02
C00002,638.74,versement,FR,2025-06-02 14:05:02
C00002,209.4,versement,ES,2025-06-09 14:05:02
C00001,1911.58,virement,ES,2025-06-08 14:05:02
C00002,1544.4,versement,DE,2025-06-11 14:05:02
C00002,1268.25,retrait,FR,2025-05-24 14:05:02
C00002,1148.74,retrait,FR,2025-05-23 14:05:02
C00002,905.04,retrait,DE,2025-05-29 14:05:02
C00002,153.07,versement,DE,2025-05-22 14:05:02
C00001,1544.97,paiement,IT,2025-06-11 14:05:02
C00001,123.23,achat,FR,2025-06-03 14:05:02
C00002,1000.19,paiement,ES,2025-05-21 14:05:02
C00103,1464.02,achat,DE,2025-05-31 14:05:02
C00001,18.62,retrait,ES,2025-06-04 14:05:02
C00002,41.32,paiement,ES,2025-05-28 14:05:02
C00001,568.25,versement,ES,2025-05-30 14:05:02
C00002,788.28,achat,IT,2025-06-17 14:05:02
C00002,1532.58,virement,IT,2025-05-23 14:05:02
C00001,1685.69,retrait,IT,2025-06-09 14:05:02
C00788,1764.68,versement,IT,2025-06-01 14:05:02
C00001,61.39,paiement,ES,2025-06-01 14:05:02
C00002,664.45,virement,ES,2025-06-02 14:05:02
C00001,756.68,retrait,DE,2025-05-18 14:05:02
C00935,71.83,virement,DE,2025-05-30 14:05:02
C00001,489.82,versement,IT,2025-06-08 14:05:02
C00001,277.43,paiement,ES,2025-05-31 14:05:02
C00976,978.41,retrait,IT,2025-05-26 14:05:02
C00002,1912.54,virement,FR,2025-06-17 14:05:02
C00002,379.84,paiement,IT,2025-05-29 14:05:02
C00001,1861.41,retrait,DE,2025-05-20 14:05:02
C00001,490.14,virement,DE,2025-06-15 14:05:02
C00001,811.19,achat,FR,2025-06-04 14:05:02
C00001,356.6,versement,FR,2025-05-22 14:05:02
C00002,1032.1,versement,DE,2025-06-05 14:05:02
C00002,68.15,retrait,FR,2025-06-13 14:05:02
C00001,860.58,paiement,ES,2025-06-01 14:05:02
C00001,756.28,paiement,FR,2025-05-26 14:05:02
C00001,788.33,versement,IT,2025-06-03 14:05:02
C00001,646.0,virement,DE,2025-06-17 14:05:02
C00002,692.81,retrait,DE,2025-06-07 14:05:02
C00001,915.22,versement,IT,2025-05-27 14:05:02
C00002,293.55,achat,FR,2025-06-15 14:05:02
C00002,1662.28,retrait,ES,2025-06-12 14:05:02
C00001,1369.17,paiement,IT,2025-06-06 14:05:02
C00002,807.59,achat,DE,2025-05-18 14:05:02
C00001,102.59,paiement,IT,2025-06-13 14:05:02
C00001,1345.8,retrait,DE,2025-06-15 14:05:02
C00002,1650.21,retrait,ES,2025-06-07 14:05:02
C00001,1495.92,retrait,ES,2025-05-31 14:05:02
C00001,948.18,paiement,ES,2025-06-04 14:05:02
C00001,1817.98,virement,DE,2025-06-05 14:05:02
C00945,1203.92,achat,IT,2025-06-16 14:05:02
C00001,397.07,retrait,FR,2025-05-31 14:05:02
C00001,1123.2,achat,IT,2025-05-20 14:05:02
C00001,591.94,achat,IT,2025-05-26 14:05:02
C00001,838.12,paiement,ES,2025-06-03 14:05:02
C00001,1015.02,paiement,FR,2025-06-15 14:05:02
C00001,929.53,versement,DE,2025-05-26 14:05:02
C00001,451.5,retrait,IT,2025-06-02 14:05:02
C00001,56.85,paiement,ES,2025-06-14 14:05:02
C00001,1326.4,versement,DE,2025-05-19 14:05:02
C00002,1937.91,paiement,FR,2025-06-08 14:05:02
C00002,1065.41,achat,DE,2025-06-06 14:05:02
C00001,1334.82,virement,ES,2025-06-16 14:05:02
C00001,1842.24,paiement,ES,2025-06-03 14:05:02
C00001,54.63,paiement,ES,2025-05-30 14:05:02
C00002,1025.88,paiement,IT,2025-06-11 14:05:02
C00002,534.01,paiement,IT,2025-05-31 14:05:02
C00002,676.79,versement,DE,2025-05-28 14:05:02
C00001,1599.34,achat,FR,2025-05-26 14:05:02
C00647,1256.02,versement,FR,2025-06-02 14:05:02
C00001,972.33,virement,DE,2025-06-12 14:05:02
C00002,524.72,versement,FR,2025-06-15 14:05:02
C00001,820.81,retrait,ES,2025-05-20 14:05:02
C00001,995.32,retrait,IT,2025-05-23 14:05:02
C00001,883.71,virement,ES,2025-06-12 14:05:02
C00001,1931.27,virement,IT,2025-06-09 14:05:02
C00001,1894.14,achat,DE,2025-06-05 14:05:02
C00001,1471.96,versement,FR,2025-06-01 14:05:02
C00001,1648.44,paiement,ES,2025-05-28 14:05:02
C00532,1422.1,paiement,IT,2025-06-06 14:05:02
C00002,1880.13,versement,ES,2025-05-22 14:05:02
C00002,1945.02,paiement,IT,2025-06-17 14:05:02
C00001,1884.73,virement,ES,2025-05-30 14:05:02
C00002,1743.55,achat,ES,2025-05-25 14:05:02
C00002,1018.39,achat,FR,2025-06-05 14:05:02
C00677,682.58,virement,DE,2025-05-29 14:05:02
C00001,357.13,versement,DE,2025-06-13 14:05:02
C00002,432.11,achat,IT,2025-05-22 14:05:02
C00001,894.69,versement,DE,2025-06-06 14:05:02
C00534,1774.64,retrait,DE,2025-05-20 14:05:02
C00001,540.72,paiement,ES,2025-06-15 14:05:02
C00511,1632.02,versement,IT,2025-05-29 14:05:02
C00002,1699.19,retrait,ES,2025-05-25 14:05:02
C00002,671.93,versement,ES,2025-06-13 14:05:02
C00024,1737.38,retrait,DE,2025-06-02 14:05:02
C00002,1364.02,paiement,ES,2025-05-26 14:05:02
C00001,1467.46,retrait,FR,2025-06-13 14:05:02
C00846,81.52,retrait,DE,2025-05-20 14:05:02
C00002,731.27,versement,FR,2025-06-10 14:05:02
C00002,731.64,retrait,FR,2025-06-09 14:05:02
C00002,409.96,achat,FR,2025-06-02 14:05:02
C00001,549.72,virement,IT,2025-06-04 14:05:02
C00668,1174.35,versement,DE,2025-06-09 14:05:02
C00002,1642.82,paiement,IT,2025-05-27 14:05:02
C00452,829.87,achat,ES,2025-05-31 14:05:02
C00001,1877.54,virement,IT,2025-06-14 14:05:02
C00001,325.07,achat,DE,2025-05-18 14:05:02
C00001,1457.51,achat,ES,2025-05-21 14:05:02
C00001,601.94,paiement,FR,2025-06-09 14:05:02
C00001,405.79,versement,DE,2025-06-16 14:05:02
C00002,1596.74,retrait,DE,2025-06-01 14:05:02
C00125,973.6,retrait,FR,2025-05-23 14:05:02
C00973,122.6,paiement,FR,2025-06-17 14:05:02
C00001,966.38,retrait,IT,2025-05-24 14:05:02
C00001,565.85,achat,FR,2025-05-30 14:05:02
C00002,448.16,achat,FR,2025-06-13 14:05:02
C00001,1360.03,retrait,ES,2025-05-28 14:05:02
C00001,89.83,achat,ES,2025-06-11 14:05:02
C00001,1712.45,paiement,DE,2025-06-06 14:05:02
C00001,949.0,virement,IT,2025-06-14 14:05:02
C00002,610.16,achat,DE,2025-06-02 14:05:02
C00002,851.33,retrait,IT,2025-06-03 14:05:02
C00001,1267.01,versement,IT,2025-06-01 14:05:02
C00001,1722.65,achat,DE,2025-05-19 14:05:02
C00001,1074.98,paiement,ES,2025-06-16 14:05:02
C00001,1750.21,retrait,DE,2025-06-07 14:05:02
C00591,1254.43,paiement,IT,2025-05-27 14:05:02
C00539,216.66,versement,FR,2025-06-10 14:05:02
C00718,16.62,virement,ES,2025-06-17 14:05:02
C00534,1680.7,versement,DE,2025-05-30 14:05:02
C00001,1993.54,versement,DE,2025-05-25 14:05:02
C00275,357.26,retrait,IT,2025-05-26 14:05:02
C00002,1366.11,paiement,IT,2025-06-13 14:05:02
C00002,1226.26,paiement,ES,2025-06-02 14:05:02
C00001,229.79,achat,DE,2025-05-29 14:05:02
C00001,51.26,versement,FR,2025-06-02 14:05:02
C00753,728.24,paiement,FR,2025-06-04 14:05:02
C00001,1012.09,achat,ES,2025-05-21 14:05:02
C00001,972.93,virement,ES,2025-05-23 14:05:02
C00002,456.06,achat,ES,2025-05-26 14:05:02
C00394,1968.59,versement,FR,2025-05-26 14:05:02
C00380,171.14,virement,DE,2025-05-21 14:05:02
C00800,876.94,versement,FR,2025-06-12 14:05:02
C00164,191.22,virement,DE,2025-06-11 14:05:02
C00001,1194.36,virement,FR,2025-05-24 14:05:02
C00001,174.34,achat,FR,2025-05-21 14:05:02
C00001,50.08,achat,IT,2025-05-26 14:05:02
C00442,74.45,paiement,FR,2025-05-26 14:05:02
C00002,920.55,virement,IT,2025-06-08 14:05:02
C00002,240.37,retrait,FR,2025-05-26 14:05:02
C00002,638.94,virement,FR,2025-06-05 14:05:02
C00001,1791.82,virement,DE,2025-06-14 14:05:02
C00001,1291.63,versement,FR,2025-06-01 14:05:02
C00680,1826.06,achat,FR,2025-05-29 14:05:02
C00001,1986.33,versement,DE,2025-06-03 14:05:02
C00001,572.4,paiement,FR,2025-05-26 14:05:02
C00001,1147.58,retrait,FR,2025-06-11 14:05:02
C00002,894.69,paiement,FR,2025-05-23 14:05:02
C00001,1698.65,versement,ES,2025-06-05 14:05:02
C00002,1349.58,versement,IT,2025-06-14 14:05:02
C00717,1350.11,achat,IT,2025-06-01 14:05:02
C00554,1997.16,versement,IT,2025-06-01 14:05:02
C00381,1132.91,paiement,IT,2025-05-28 14:05:02
C00001,1991.75,versement,DE,2025-06-04 14:05:02
C00001,581.61,paiement,IT,2025-06-17 14:05:02
C00001,551.4,paiement,FR,2025-05-31 14:05:02
C00002,215.7,retrait,IT,2025-06-07 14:05:02
C00001,1984.56,retrait,FR,2025-06-12 14:05:02
C00001,1618.81,retrait,IT,2025-05-30 14:05:02
C00552,1466.05,retrait,ES,2025-05-31 14:05:02
C00001,1824.82,virement,DE,2025-05-20 14:05:02
C00001,558.61,retrait,ES,2025-05-29 14:05:02
C00546,1594.15,retrait,DE,2025-06-17 14:05:02
C00002,1697.85,paiement,IT,2025-06-10 14:05:02
C00002,598.79,achat,ES,2025-06-11 14:05:02
C00667,228.49,versement,IT,2025-06-01 14:05:02
C00193,318.09,virement,IT,2025-06-10 14:05:02
C00002,1820.23,achat,DE,2025-05-23 14:05:02
C00001,1240.48,retrait,IT,2025-06-11 14:05:02
C00001,1595.29,virement,DE,2025-05-21 14:05:02
C00002,860.31,paiement,IT,2025-05-30 14:05:02
C00480,925.82,versement,ES,2025-06-10 14:05:02
C00001,1232.07,versement,ES,2025-06-17 14:05:02
C00001,1372.62,achat,ES,2025-05-19 14:05:02
C00002,737.32,versement,ES,2025-05-23 14:05:02
C00002,1072.47,achat,DE,2025-05-25 14:05:02
C00351,1155.24,versement,DE,2025-05-30 14:05:02
C00002,355.24,achat,ES,2025-06-02 14:05:02
C00001,640.55,retrait,DE,2025-06-13 14:05:02
C00001,1642.56,versement,DE,2025-05-22 14:05:02
C00001,908.12,retrait,IT,2025-06-05 14:05:02
C00002,326.77,achat,IT,2025-06-16 14:05:02
C00001,251.9,virement,IT,2025-05-27 14:05:02
C00001,1020.74,paiement,FR,2025-05-31 14:05:02
C00002,727.49,paiement,DE,2025-06-01 14:05:02
C00001,558.84,versement,IT,2025-06-10 14:05:02
C00001,130.86,virement,FR,2025-06-09 14:05:02
C00545,1900.79,retrait,DE,2025-06-16 14:05:02
C00001,723.22,paiement,ES,2025-06-08 14:05:02
C00002,537.67,achat,DE,2025-06-10 14:05:02
C00664,1555.9,paiement,FR,2025-06-08 14:05:02
C00896,933.33,paiement,FR,2025-06-03 14:05:02
C00002,1315.44,versement,IT,2025-06-02 14:05:02
C00001,723.05,retrait,IT,2025-06-04 14:05:02
C00002,523.39,achat,FR,2025-05-20 14:05:02
C00001,1784.92,virement,ES,2025-06-17 14:05:02
C00001,489.08,versement,ES,2025-06-16 14:05:02
C00002,1873.09,paiement,FR,2025-05-18 14:05:02
C00001,1794.49,versement,ES,2025-06-16 14:05:02
C00002,982.77,achat,IT,2025-06-07 14:05:02
C00001,1113.94,retrait,DE,2025-06-14 14:05:02
C00001,1949.85,versement,DE,2025-06-01 14:05:02
C00001,1164.97,achat,FR,2025-05-31 14:05:02
C00001,151.51,achat,IT,2025-06-09 14:05:02
C00065,1930.52,versement,ES,2025-06-10 14:05:02
C00001,215.96,virement,ES,2025-06-11 14:05:02
C00001,1271.75,versement,FR,2025-05-19 14:05:02
C00001,1556.53,retrait,IT,2025-05-25 14:05:02
C00001,1678.98,paiement,IT,2025-06-05 14:05:02
C00595,1355.42,achat,IT,2025-05-18 14:05:02
C00002,530.23,versement,FR,2025-05-21 14:05:02
C00713,1224.03,retrait,IT,2025-05-27 14:05:02
C00001,1952.9,versement,IT,2025-06-13 14:05:02
C00960,852.01,paiement,FR,2025-06-15 14:05:02
C00001,1796.74,virement,FR,2025-05-19 14:05:02
C00370,165.33,paiement,ES,2025-05-27 14:05:02
C00001,1733.23,retrait,ES,2025-06-04 14:05:02
C00002,40.62,paiement,ES,2025-05-29 14:05:02
C00002,514.79,virement,DE,2025-06-17 14:05:02
C00001,1121.87,retrait,FR,2025-06-11 14:05:02
C00002,982.03,versement,FR,2025-05-20 14:05:02
C00001,1613.76,paiement,IT,2025-05-27 14:05:02
C00001,89.88,achat,FR,2025-06-10 14:05:02
C00002,1378.57,versement,ES,2025-05-18 14:05:02
C00001,1525.09,retrait,DE,2025-05-18 14:05:02
C00001,812.36,retrait,IT,2025-05-31 14:05:02
C00001,913.73,virement,DE,2025-06-07 14:05:02
C00001,758.43,achat,IT,2025-06-07 14:05:02
C00001,1617.54,paiement,IT,2025-05-28 14:05:02
C00001,1951.35,achat,IT,2025-06-05 14:05:02
C00002,1609.66,paiement,IT,2025-06-14 14:05:02
C00002,1853.77,retrait,DE,2025-06-02 14:05:02
C00002,1991.57,retrait,DE,2025-05-20 14:05:02
C00001,1527.38,versement,FR,2025-05-20 14:05:02
C00988,903.9,versement,ES,2025-06-17 14:05:02
C00001,1720.51,retrait,FR,2025-05-19 14:05:02
C00001,1752.89,paiement,DE,2025-06-01 14:05:02
C00001,491.32,achat,IT,2025-06-03 14:05:02
C00001,793.31,retrait,ES,2025-05-29 14:05:02
C00002,290.06,achat,FR,2025-06-01 14:05:02
C00002,587.79,paiement,IT,2025-05-19 14:05:02
C00699,1745.04,retrait,FR,2025-06-07 14:05:02
C00002,1615.65,paiement,FR,2025-06-07 14:05:02
C00002,255.98,versement,IT,2025-06-13 14:05:02
C00001,1795.22,versement,FR,2025-06-17 14:05:02
C00672,221.44,paiement,IT,2025-05-19 14:05:02
C00001,1127.16,paiement,FR,2025-06-09 14:05:02
C00002,455.36,virement,ES,2025-05-19 14:05:02
C00001,1055.33,versement,DE,2025-06-02 14:05:02
C00147,1985.99,versement,DE,2025-06-05 14:05:02
C00001,1043.6,achat,FR,2025-06-02 14:05:02
C00002,768.21,versement,IT,2025-06-03 14:05:02
C00001,83.2,achat,ES,2025-05-31 14:05:02
C00001,1287.68,versement,ES,2025-06-03 14:05:02
C00395,172.9,achat,IT,2025-06-10 14:05:02
C00002,92.97,achat,IT,2025-05-19 14:05:02
C00002,339.51,versement,ES,2025-06-04 14:05:02
C00001,1867.77,paiement,ES,2025-05-27 14:05:02
C00001,708.34,retrait,FR,2025-06-08 14:05:02
C00001,1759.57,virement,ES,2025-05-19 14:05:02
C00001,1174.83,achat,DE,2025-06-14 14:05:02
C00002,345.77,versement,IT,2025-05-24 14:05:02
C00001,1927.46,achat,DE,2025-06-15 14:05:02
C00002,1361.07,paiement,FR,2025-06-12 14:05:02
C00001,388.51,achat,IT,2025-06-11 14:05:02
C00001,1618.91,retrait,IT,2025-05-29 14:05:02
C00002,1106.33,achat,FR,2025-05-25 14:05:02
C00001,436.74,achat,IT,2025-06-11 14:05:02
C00001,133.0,achat,IT,2025-05-21 14:05:02
C00514,204.74,paiement,ES,2025-06-05 14:05:02
C00001,1385.78,virement,DE,2025-06-02 14:05:02
C00001,204.1,versement,IT,2025-06-07 14:05:02
C00001,1190.29,versement,DE,2025-05-22 14:05:02
C00002,1675.56,retrait,IT,2025-05-22 14:05:02
C00002,1664.28,virement,FR,2025-06-14 14:05:02
C00002,1770.69,retrait,IT,2025-06-14 14:05:02
C00798,692.01,achat,IT,2025-06-08 14:05:02
C00001,243.59,paiement,ES,2025-05-20 14:05:02
C00002,1787.5,achat,DE,2025-05-26 14:05:02
C00002,1658.65,paiement,DE,2025-05-22 14:05:02
C00001,509.72,retrait,ES,2025-05-26 14:05:02
C00001,1464.68,achat,DE,2025-05-23 14:05:02
C00002,1282.77,versement,DE,2025-06-04 14:05:02
C00001,1829.44,virement,FR,2025-05-24 14:05:02
C00001,758.87,virement,IT,2025-05-26 14:05:02
C00002,1088.05,virement,DE,2025-06-01 14:05:02
C00719,639.88,virement,DE,2025-06-15 14:05:02
C00596,132.78,virement,IT,2025-06-02 14:05:02
C00002,1886.16,versement,DE,2025-06-06 14:05:02
C00002,434.43,paiement,FR,2025-06-04 14:05:02
C00001,1796.97,virement,IT,2025-05-26 14:05:02
C00001,1136.13,versement,FR,2025-05-20 14:05:02
C00001,1336.8,virement,DE,2025-06-16 14:05:02
C00001,1234.01,versement,FR,2025-06-12 14:05:02
C00002,1459.24,paiement,ES,2025-05-25 14:05:02
C00988,570.7,retrait,IT,2025-05-18 14:05:02
C00001,17.21,virement,FR,2025-05-30 14:05:02
C00001,297.17,virement,FR,2025-05-18 14:05:02
C00001,1296.11,versement,FR,2025-05-25 14:05:02
C00002,753.27,paiement,FR,2025-05-29 14:05:02
C00432,1408.72,virement,DE,2025-06-16 14:05:02
C00001,995.45,achat,FR,2025-05-19 14:05:02
C00002,1783.89,achat,FR,2025-06-14 14:05:02
C00002,1216.2,retrait,FR,2025-06-09 14:05:02
C00002,1681.5,virement,FR,2025-05-20 14:05:02
C00002,1030.83,achat,DE,2025-05-29 14:05:02
C00002,545.5,retrait,ES,2025-05-23 14:05:02
C00802,1898.3,virement,ES,2025-06-08 14:05:02
C00001,573.48,retrait,FR,2025-05-31 14:05:02
C00001,1376.72,retrait,ES,2025-05-21 14:05:02
C00001,727.99,paiement,FR,2025-06-14 14:05:02
C00002,1668.15,achat,ES,2025-06-02 14:05:02
C00840,1351.1,achat,IT,2025-06-05 14:05:02
C00001,1369.28,retrait,ES,2025-06-07 14:05:02
C00002,256.67,versement,DE,2025-05-28 14:05:02
C00001,953.57,virement,FR,2025-05-21 14:05:02
C00002,1038.4,achat,ES,2025-05-24 14:05:02
C00001,1389.45,paiement,ES,2025-05-28 14:05:02
C00001,1771.37,virement,FR,2025-06-08 14:05:02
C00001,487.84,virement,FR,2025-05-24 14:05:02
C00001,445.05,versement,ES,2025-05-20 14:05:02
C00001,274.97,versement,ES,2025-05-20 14:05:02
C00002,871.09,paiement,DE,2025-05-27 14:05:02
C00063,1565.07,retrait,DE,2025-06-10 14:05:02
C00001,1336.47,virement,IT,2025-05-29 14:05:02
C00002,98.1,paiement,IT,2025-06-05 14:05:02
C00286,722.42,retrait,ES,2025-05-25 14:05:02
C00002,138.49,paiement,DE,2025-06-07 14:05:02
C00002,323.88,paiement,FR,2025-05-29 14:05:02
C00002,617.53,versement,DE,2025-05-30 14:05:02
C00001,996.31,retrait,ES,2025-06-01 14:05:02
C00001,1221.87,retrait,DE,2025-06-07 14:05:02
C00002,1007.66,achat,ES,2025-06-01 14:05:02
C00537,318.11,retrait,DE,2025-06-08 14:05:02
C00125,1128.23,paiement,ES,2025-05-24 14:05:02
C00001,1172.69,virement,FR,2025-06-11 14:05:02
C00001,269.06,versement,FR,2025-06-14 14:05:02
C00441,224.53,paiement,DE,2025-06-10 14:05:02
C00639,393.62,retrait,IT,2025-06-17 14:05:02
C00001,291.17,achat,FR,2025-06-17 14:05:02
C00002,1338.27,retrait,DE,2025-06-14 14:05:02
C00013,450.94,paiement,IT,2025-05-23 14:05:02
C00001,1931.78,virement,FR,2025-05-19 14:05:02
C00001,1532.51,achat,ES,2025-06-12 14:05:02
C00001,1982.62,virement,IT,2025-06-17 14:05:02
C00002,1816.64,retrait,IT,2025-06-17 14:05:02
C00187,1608.4,achat,DE,2025-06-12 14:05:02
C00002,1354.56,versement,DE,2025-05-22 14:05:02
C00002,119.36,paiement,IT,2025-06-10 14:05:02
C00369,1117.47,paiement,ES,2025-05-26 14:05:02
C00001,534.8,versement,DE,2025-05-24 14:05:02
C00001,230.21,paiement,DE,2025-06-16 14:05:02
C00001,1627.61,retrait,IT,2025-06-03 14:05:02
C00001,287.81,versement,FR,2025-06-04 14:05:02
C00002,11.65,virement,ES,2025-05-22 14:05:02
C00001,1540.25,retrait,ES,2025-06-17 14:05:02
C00001,604.35,retrait,IT,2025-06-07 14:05:02
C00001,45.49,achat,DE,2025-06-15 14:05:02
C00002,1031.05,retrait,DE,2025-06-10 14:05:02
C00002,846.81,versement,DE,2025-05-20 14:05:02
C00223,584.92,virement,FR,2025-06-06 14:05:02
C00002,1424.3,virement,IT,2025-05-30 14:05:02
C00001,270.71,achat,FR,2025-05-29 14:05:02
C00002,176.76,achat,DE,2025-05-18 14:05:02
C00001,1512.19,achat,ES,2025-06-04 14:05:02
C00521,365.52,retrait,DE,2025-06-16 14:05:02
C00001,1570.13,virement,FR,2025-06-01 14:05:02
C00002,1602.92,virement,ES,2025-06-15 14:05:02
C00497,1114.28,retrait,IT,2025-06-03 14:05:02
C00002,116.75,virement,IT,2025-05-20 14:05:02
C00236,334.79,paiement,DE,2025-06-02 14:05:02
C00001,634.77,retrait,DE,2025-05-29 14:05:02
C00002,181.29,versement,ES,2025-05-29 14:05:02
C00002,1017.33,paiement,IT,2025-05-18 14:05:02
C00978,319.55,achat,ES,2025-06-08 14:05:02
C00002,1933.87,versement,ES,2025-06-09 14:05:02
C00824,1023.52,virement,FR,2025-06-03 14:05:02
C00002,1791.23,paiement,FR,2025-05-21 14:05:02
C00001,705.22,versement,IT,2025-05-27 14:05:02
C00002,845.07,achat,IT,2025-06-17 14:05:02
C00002,752.84,virement,IT,2025-05-31 14:05:02
C00002,1190.51,versement,ES,2025-05-23 14:05:02
C00002,1572.97,versement,ES,2025-06-01 14:05:02
C00001,1821.07,virement,IT,2025-06-07 14:05:02
C00002,189.08,virement,ES,2025-05-26 14:05:02
C00265,790.81,retrait,FR,2025-06-16 14:05:02
C00001,781.17,versement,DE,2025-06-01 14:05:02
C00002,612.73,achat,DE,2025-05-24 14:05:02
C00001,1683.05,virement,DE,2025-05-23 14:05:02
C00002,911.55,paiement,FR,2025-06-13 14:05:02
C00002,1591.22,achat,DE,2025-06-17 14:05:02
C00002,1544.36,versement,DE,2025-05-25 14:05:02
C00001,1894.78,achat,ES,2025-05-31 14:05:02
C00002,924.35,versement,FR,2025-05-28 14:05:02
C00002,754.77,virement,DE,2025-06-13 14:05:02
C00001,1705.38,achat,IT,2025-06-01 14:05:02
C00001,964.89,versement,DE,2025-06-12 14:05:02
C00001,186.81,achat,IT,2025-06-16 14:05:02
C00823,506.86,versement,IT,2025-06-04 14:05:02
C00002,798.43,versement,IT,2025-06-02 14:05:02
C00002,1832.42,virement,ES,2025-06-01 14:05:02
C00002,46.84,versement,DE,2025-06-06 14:05:02
C00001,1877.95,versement,IT,2025-06-13 14:05:02
C00422,822.72,achat,IT,2025-05-23 14:05:02
C00002,1596.02,paiement,FR,2025-06-11 14:05:02
C00001,87.42,paiement,ES,2025-06-09 14:05:02
C00001,789.44,versement,FR,2025-06-01 14:05:02
C00002,745.8,paiement,DE,2025-06-02 14:05:02
C00002,1336.58,retrait,ES,2025-06-14 14:05:02
C00002,1214.1,retrait,FR,2025-05-21 14:05:02
C00001,630.87,paiement,IT,2025-05-23 14:05:02
C00001,492.04,paiement,DE,2025-05-30 14:05:02
C00001,195.28,paiement,FR,2025-05-19 14:05:02
C00001,1869.85,retrait,ES,2025-06-05 14:05:02
C00692,1487.84,virement,ES,2025-05-30 14:05:02
C00601,1722.44,paiement,IT,2025-06-06 14:05:02
C00001,556.49,virement,FR,2025-06-13 14:05:02
C00002,1465.46,retrait,FR,2025-06-17 14:05:02
C00001,1771.75,versement,ES,2025-06-03 14:05:02
C00043,1890.09,versement,ES,2025-06-16 14:05:02
C00001,1995.75,versement,ES,2025-05-26 14:05:02
C00002,210.4,virement,ES,2025-06-06 14:05:02
C00001,29.58,virement,DE,2025-06-06 14:05:02
C00002,305.36,retrait,IT,2025-06-10 14:05:02
C00001,1146.72,paiement,IT,2025-06-08 14:05:02
C00002,809.05,achat,ES,2025-06-04 14:05:02
C00002,592.13,paiement,IT,2025-06-17 14:05:02
C00001,566.36,retrait,IT,2025-05-25 14:05:02
C00001,1891.67,achat,IT,2025-06-16 14:05:02
C00001,1468.17,achat,FR,2025-05-23 14:05:02
C00045,1653.74,virement,FR,2025-06-15 14:05:02
C00001,334.1,versement,ES,2025-06-16 14:05:02
C00001,1453.64,virement,IT,2025-06-03 14:05:02
C00001,1305.69,versement,FR,2025-06-16 14:05:02
C00001,1559.45,paiement,IT,2025-06-03 14:05:02
C00002,1669.64,versement,DE,2025-06-10 14:05:02
C00652,1017.2,retrait,DE,2025-05-27 14:05:02
C00002,845.66,achat,ES,2025-05-28 14:05:02
C00001,1036.12,retrait,IT,2025-06-15 14:05:02
C00001,800.68,versement,DE,2025-05-26 14:05:02
C00002,1130.41,versement,DE,2025-06-07 14:05:02
C00001,1450.0,virement,FR,2025-06-03 14:05:02
C00002,104.87,paiement,ES,2025-06-15 14:05:02
C00002,622.01,achat,FR,2025-06-09 14:05:02
C00001,1678.34,achat,FR,2025-05-30 14:05:02
C00002,1122.42,versement,ES,2025-06-07 14:05:02
C00001,122.97,virement,FR,2025-05-30 14:05:02
C00002,815.79,achat,FR,2025-06-12 14:05:02
C00002,498.3,paiement,IT,2025-06-06 14:05:02
C00001,484.84,versement,FR,2025-06-10 14:05:02
C00001,782.55,retrait,DE,2025-05-23 14:05:02
C00862,145.44,achat,ES,2025-05-23 14:05:02
C00002,1927.84,versement,IT,2025-05-22 14:05:02
C00134,1708.9,versement,IT,2025-06-06 14:05:02
C00845,911.01,virement,FR,2025-05-27 14:05:02
C00002,1166.56,paiement,DE,2025-06-09 14:05:02
C00001,755.23,paiement,ES,2025-05-26 14:05:02
C00002,346.84,paiement,DE,2025-05-21 14:05:02
C00001,536.91,retrait,FR,2025-05-28 14:05:02
C00002,971.24,virement,ES,2025-06-12 14:05:02
C00002,410.18,versement,IT,2025-06-16 14:05:02
C00468,890.85,versement,IT,2025-05-18 14:05:02
C00001,1799.5,achat,IT,2025-06-01 14:05:02
C00001,1208.92,versement,DE,2025-06-05 14:05:02
C00882,671.98,retrait,ES,2025-05-19 14:05:02
C00001,813.06,retrait,IT,2025-06-06 14:05:02
C00002,1068.95,versement,IT,2025-05-22 14:05:02
C00001,287.12,achat,FR,2025-06-17 14:05:02
C00001,786.43,paiement,DE,2025-06-16 14:05:02
C00002,504.69,versement,DE,2025-06-16 14:05:02
C00002,1213.01,retrait,ES,2025-06-04 14:05:02
C00096,22.92,achat,ES,2025-06-03 14:05:02
C00001,230.03,retrait,FR,2025-06-04 14:05:02
C00247,1227.21,retrait,DE,2025-05-26 14:05:02
C00001,1798.53,achat,DE,2025-06-10 14:05:02
C00001,1022.84,paiement,DE,2025-05-20 14:05:02
C00001,418.97,virement,DE,2025-06-07 14:05:02
C00002,1334.85,versement,DE,2025-06-02 14:05:02
C00002,919.2,versement,ES,2025-06-17 14:05:02
C00002,706.45,retrait,IT,2025-06-01 14:05:02
C00091,516.5,paiement,FR,2025-06-14 14:05:02
C00002,108.46,retrait,ES,2025-05-31 14:05:02
C00001,1455.88,achat,IT,2025-05-24 14:05:02
C00002,1633.02,versement,IT,2025-06-07 14:05:02
C00002,78.37,virement,FR,2025-06-10 14:05:02
C00002,1829.49,versement,ES,2025-06-14 14:05:02
C00001,1507.04,versement,IT,2025-05-21 14:05:02
C00001,50.13,virement,IT,2025-05-31 14:05:02
C00172,1216.65,virement,DE,2025-05-23 14:05:02
C00002,227.83,paiement,ES,2025-06-08 14:05:02
C00001,1617.26,virement,IT,2025-06-10 14:05:02
C00491,1074.9,achat,IT,2025-06-16 14:05:02
C00001,1861.83,achat,FR,2025-06-08 14:05:02
C00001,1215.04,paiement,FR,2025-05-22 14:05:02
C00405,1896.18,virement,IT,2025-05-20 14:05:02
C00001,1980.82,versement,DE,2025-05-29 14:05:02
C00002,1978.78,paiement,DE,2025-06-12 14:05:02
C00279,1196.81,achat,ES,2025-06-10 14:05:02
C00001,993.56,retrait,DE,2025-06-05 14:05:02
C00984,1526.85,retrait,FR,2025-06-03 14:05:02
C00001,1569.93,achat,ES,2025-06-15 14:05:02
C00002,1106.7,versement,DE,2025-05-31 14:05:02
C00001,839.36,virement,DE,2025-05-24 14:05:02
C00002,1442.92,versement,IT,2025-05-19 14:05:02
C00001,1528.52,virement,DE,2025-06-06 14:05:02
C00630,1093.72,achat,ES,2025-06-12 14:05:02
C00002,616.01,versement,FR,2025-06-15 14:05:02
C00001,330.53,virement,ES,2025-05-21 14:05:02
C00001,64.18,retrait,FR,2025-05-24 14:05:02
C00001,1422.15,retrait,DE,2025-05-23 14:05:02
C00001,1984.95,retrait,FR,2025-05-27 14:05:02
C00001,427.21,paiement,DE,2025-06-14 14:05:02
C00001,682.31,versement,DE,2025-05-29 14:05:02
C00001,210.7,versement,ES,2025-06-15 14:05:02
C00002,1918.34,versement,FR,2025-06-05 14:05:02
C00001,420.33,retrait,IT,2025-06-15 14:05:02
C00001,1641.05,retrait,FR,2025-06-10 14:05:02
C00002,1783.6,virement,DE,2025-05-19 14:05:02
C00001,745.14,achat,IT,2025-06-14 14:05:02
C00002,304.08,versement,FR,2025-05-20 14:05:02
C00277,1058.05,versement,IT,2025-05-19 14:05:02
C00002,1186.83,virement,ES,2025-05-21 14:05:02
C00001,1951.15,retrait,DE,2025-05-27 14:05:02
C00002,1275.8,virement,IT,2025-05-18 14:05:02
C00002,1464.45,retrait,ES,2025-06-07 14:05:02
C00001,427.17,achat,DE,2025-05-26 14:05:02
C00002,738.23,achat,FR,2025-05-18 14:05:02
C00001,673.07,retrait,FR,2025-05-21 14:05:02
C00001,1085.66,achat,FR,2025-05-20 14:05:02
C00001,1998.57,paiement,ES,2025-06-04 14:05:02
C00001,1596.91,virement,ES,2025-05-23 14:05:02
C00946,999.49,paiement,IT,2025-05-25 14:05:02
C00873,971.91,versement,IT,2025-06-17 14:05:02
C00001,489.38,retrait,ES,2025-05-30 14:05:02
C00001,316.4,achat,DE,2025-06-09 14:05:02
C00001,1810.65,retrait,FR,2025-06-05 14:05:02
C00001,188.36,versement,IT,2025-06-12 14:05:02
C00001,1140.29,retrait,IT,2025-05-29 14:05:02
C00001,1069.25,versement,ES,2025-05-22 14:05:02
C00001,58.95,retrait,FR,2025-05-24 14:05:02
C00164,559.48,retrait,DE,2025-05-31 14:05:02
C00001,1717.94,achat,IT,2025-06-14 14:05:02
C00636,1958.83,retrait,FR,2025-05-24 14:05:02
C00001,1302.42,virement,FR,2025-06-11 14:05:02
C00002,1257.31,achat,ES,2025-06-06 14:05:02
C00001,1620.46,virement,FR,2025-05-28 14:05:02
C00001,1713.65,retrait,FR,2025-05-19 14:05:02
C00951,1873.78,achat,ES,2025-06-10 14:05:02
C00913,146.21,paiement,DE,2025-06-07 14:05:02
C00001,1088.04,achat,FR,2025-05-23 14:05:02
C00001,835.18,versement,DE,2025-05-25 14:05:02
C00001,944.55,virement,ES,2025-06-01 14:05:02
C00001,445.92,retrait,DE,2025-06-01 14:05:02
C00001,713.96,achat,FR,2025-05-21 14:05:02
C00109,203.53,virement,DE,2025-06-16 14:05:02
C00001,1566.7,paiement,ES,2025-06-04 14:05:02
C00002,779.52,versement,DE,2025-06-03 14:05:02
C00001,573.26,retrait,FR,2025-06-01 14:05:02
C00001,1288.16,virement,ES,2025-06-12 14:05:02
C00001,1323.67,retrait,ES,2025-06-01 14:05:02
C00677,630.24,virement,DE,2025-05-31 14:05:02
C00001,1246.52,retrait,DE,2025-06-05 14:05:02
C00002,153.88,versement,ES,2025-05-24 14:05:02
C00002,1364.29,versement,IT,2025-06-11 14:05:02
C00001,1262.69,retrait,IT,2025-06-14 14:05:02
C00311,112.41,virement,FR,2025-06-03 14:05:02
C00002,106.68,versement,DE,2025-06-14 14:05:02
C00002,1969.02,versement,IT,2025-05-23 14:05:02
C00002,80.75,virement,FR,2025-05-26 14:05:02
C00002,50.53,virement,DE,2025-06-15 14:05:02
C00002,1268.22,retrait,ES,2025-05-26 14:05:02
C00002,545.84,versement,DE,2025-06-14 14:05:02
C00862,296.9,paiement,FR,2025-05-31 14:05:02
C00001,1033.06,retrait,IT,2025-06-04 14:05:02
C00001,723.28,achat,FR,2025-05-21 14:05:02
C00001,968.27,achat,DE,2025-06-15 14:05:02
C00002,1864.25,achat,ES,2025-06-16 14:05:02
C00172,917.71,versement,IT,2025-06-07 14:05:02
C00001,1080.14,achat,ES,2025-05-19 14:05:02
C00688,1847.52,virement,FR,2025-05-25 14:05:02
C00002,1354.91,versement,IT,2025-05-24 14:05:02
C00002,1513.2,achat,FR,2025-05-22 14:05:02
C00208,846.58,versement,ES,2025-06-05 14:05:02
C00001,1190.38,versement,ES,2025-05-26 14:05:02
C00002,1935.69,paiement,IT,2025-06-03 14:05:02
C00625,1985.8,versement,IT,2025-06-15 14:05:02
C00002,772.73,virement,ES,2025-06-03 14:05:02
C00002,1226.78,virement,ES,2025-06-12 14:05:02
C00862,340.44,virement,FR,2025-06-06 14:05:02
C00001,951.93,paiement,IT,2025-05-18 14:05:02
C00002,1730.24,achat,FR,2025-06-09 14:05:02
C00001,334.18,virement,ES,2025-05-20 14:05:02
C00002,1238.89,virement,ES,2025-06-09 14:05:02
C00001,1963.08,virement,DE,2025-05-25 14:05:02
C00001,882.99,retrait,IT,2025-06-09 14:05:02
C00002,154.03,retrait,DE,2025-06-02 14:05:02
C00002,1830.9,retrait,ES,2025-06-16 14:05:02
C00553,225.04,paiement,FR,2025-06-04 14:05:02
C00001,37.4,versement,FR,2025-05-18 14:05:02
C00001,1511.09,paiement,IT,2025-06-01 14:05:02
C00002,780.33,achat,ES,2025-06-17 14:05:02
C00001,1058.96,retrait,DE,2025-06-04 14:05:02
C00873,1316.32,versement,FR,2025-05-20 14:05:02
C00001,1529.32,achat,FR,2025-05-20 14:05:02
C00001,319.97,virement,IT,2025-05-20 14:05:02
C00001,706.65,virement,IT,2025-05-26 14:05:02
C00001,1265.11,achat,ES,2025-05-23 14:05:02
C00001,1659.87,paiement,DE,2025-06-06 14:05:02
C00001,1151.11,versement,FR,2025-05-20 14:05:02
C00001,1778.49,paiement,ES,2025-05-20 14:05:02
C00195,872.0,versement,ES,2025-05-24 14:05:02
C00120,1659.91,versement,FR,2025-06-04 14:05:02
C00002,1260.32,virement,FR,2025-06-16 14:05:02
C00002,355.0,virement,IT,2025-06-08 14:05:02
C00001,1416.53,versement,ES,2025-06-15 14:05:02
C00001,1063.63,achat,IT,2025-05-24 14:05:02
C00001,1275.8,versement,FR,2025-05-27 14:05:02
C00001,850.47,virement,IT,2025-06-12 14:05:02
C00001,1483.63,versement,FR,2025-05-28 14:05:02
C00002,480.01,paiement,ES,2025-05-21 14:05:02
C00239,815.44,retrait,ES,2025-06-01 14:05:02
C00001,1343.2,retrait,IT,2025-06-01 14:05:02
C00835,1601.36,achat,FR,2025-06-16 14:05:02
C00002,747.86,paiement,DE,2025-05-27 14:05:02
C00002,151.34,paiement,FR,2025-05-21 14:05:02
C00001,406.29,retrait,IT,2025-06-15 14:05:02
C00002,1459.52,achat,ES,2025-06-11 14:05:02
C00002,471.3,paiement,DE,2025-05-25 14:05:02
C00002,197.29,virement,IT,2025-05-23 14:05:02
C00001,1958.16,versement,IT,2025-05-19 14:05:02
C00002,344.61,retrait,IT,2025-05-18 14:05:02
C00002,60.58,retrait,ES,2025-05-22 14:05:02
C00002,605.44,retrait,IT,2025-06-14 14:05:02
C00760,1750.27,versement,IT,2025-06-06 14:05:02
C00001,1584.01,achat,FR,2025-06-14 14:05:02
C00001,493.34,achat,FR,2025-06-16 14:05:02
C00001,1168.39,achat,DE,2025-05-25 14:05:02
C00724,870.34,paiement,IT,2025-06-12 14:05:02
C00002,730.54,achat,ES,2025-05-20 14:05:02
C00001,1774.62,retrait,ES,2025-06-16 14:05:02
C00811,1214.58,achat,IT,2025-05-29 14:05:02
C00002,1434.45,retrait,FR,2025-06-15 14:05:02
C00002,1906.95,versement,FR,2025-06-03 14:05:02
C00001,1246.37,paiement,FR,2025-05-27 14:05:02
C00001,367.89,virement,IT,2025-06-16 14:05:02
C00002,651.65,virement,IT,2025-06-04 14:05:02
C00002,1628.73,paiement,ES,2025-05-18 14:05:02
C00122,1657.76,versement,FR,2025-05-22 14:05:02
C00001,321.74,retrait,FR,2025-06-02 14:05:02
C00002,969.45,retrait,IT,2025-05-28 14:05:02
C00002,248.32,versement,FR,2025-05-26 14:05:02
C00001,212.54,retrait,IT,2025-05-28 14:05:02
C00001,1564.61,virement,FR,2025-05-29 14:05:02
C00001,722.24,paiement,IT,2025-06-05 14:05:02
C00001,529.7,versement,DE,2025-06-03 14:05:02
C00002,204.1,paiement,ES,2025-06-07 14:05:02
C00001,902.89,versement,ES,2025-05-22 14:05:02
C00002,758.19,retrait,ES,2025-05-19 14:05:02
C00002,371.61,retrait,ES,2025-06-09 14:05:02
C00001,1255.09,achat,IT,2025-06-12 14:05:02
C00002,919.28,achat,FR,2025-05-30 14:05:02
C00002,1304.75,paiement,FR,2025-05-19 14:05:02
C00904,978.87,virement,DE,2025-05-28 14:05:02
C00001,1442.46,versement,ES,2025-06-05 14:05:02
C00002,1463.54,retrait,IT,2025-05-25 14:05:02
C00001,780.75,paiement,IT,2025-06-11 14:05:02
C00002,119.97,retrait,IT,2025-06-10 14:05:02
C00001,1080.3,paiement,FR,2025-06-15 14:05:02
C00002,429.26,achat,FR,2025-06-02 14:05:02
C00471,1498.94,paiement,DE,2025-05-28 14:05:02
C00001,357.1,paiement,DE,2025-06-15 14:05:02
C00002,1217.29,paiement,ES,2025-06-15 14:05:02
C00002,508.01,retrait,IT,2025-05-26 14:05:02
C00251,1146.01,achat,IT,2025-06-14 14:05:02
C00296,1620.56,retrait,FR,2025-06-06 14:05:02
C00001,257.93,paiement,FR,2025-06-01 14:05:02
C00001,1840.04,paiement,DE,2025-05-31 14:05:02
C00912,535.7,retrait,ES,2025-06-05 14:05:02
C00002,1995.76,virement,IT,2025-06-12 14:05:02
C00002,147.58,retrait,DE,2025-05-19 14:05:02
C00001,336.82,achat,IT,2025-06-02 14:05:02
C00001,878.5,retrait,FR,2025-06-03 14:05:02
C00001,895.84,virement,DE,2025-06-09 14:05:02
C00001,1090.92,paiement,FR,2025-06-01 14:05:02
C00001,1324.39,achat,IT,2025-05-24 14:05:02
C00001,662.51,paiement,DE,2025-06-14 14:05:02
C00001,520.56,retrait,FR,2025-06-08 14:05:02
C00002,142.38,virement,ES,2025-06-11 14:05:02
C00002,167.81,paiement,IT,2025-05-30 14:05:02
C00002,1204.96,achat,DE,2025-05-24 14:05:02
C00816,788.18,achat,FR,2025-06-14 14:05:02
C00002,1112.62,achat,IT,2025-05-24 14:05:02
C00002,1677.94,paiement,IT,2025-05-21 14:05:02
C00002,232.68,retrait,ES,2025-06-05 14:05:02
C00001,689.69,retrait,FR,2025-05-29 14:05:02
C00111,1620.46,paiement,ES,2025-06-07 14:05:02
C00002,617.64,virement,FR,2025-06-06 14:05:02
C00001,343.63,versement,DE,2025-06-02 14:05:02
C00002,828.95,versement,FR,2025-05-22 14:05:02
C00002,208.71,retrait,FR,2025-06-05 14:05:02
C00002,1995.39,virement,IT,2025-05-26 14:05:02
C00001,1707.26,achat,ES,2025-06-10 14:05:02
C00495,1374.51,versement,DE,2025-05-24 14:05:02
C00001,1872.12,paiement,DE,2025-05-28 14:05:02
C00002,155.57,retrait,IT,2025-05-24 14:05:02
C00415,912.48,retrait,DE,2025-06-16 14:05:02
C00001,438.83,paiement,DE,2025-05-31 14:05:02
C00505,1222.65,retrait,ES,2025-06-03 14:05:02
C00001,1614.8,virement,DE,2025-06-14 14:05:02
C00001,602.39,versement,ES,2025-06-17 14:05:02
C00001,861.9,achat,ES,2025-06-05 14:05:02
C00001,1249.97,virement,FR,2025-06-10 14:05:02
C00002,914.87,virement,IT,2025-05-24 14:05:02
C00001,1802.97,paiement,ES,2025-05-27 14:05:02
C00001,845.33,retrait,DE,2025-06-08 14:05:02
C00002,758.48,versement,ES,2025-05-25 14:05:02
C00354,854.86,virement,IT,2025-05-24 14:05:02
C01000,1612.21,achat,DE,2025-05-24 14:05:02
C00002,225.83,versement,IT,2025-06-06 14:05:02
C00308,412.91,virement,FR,2025-06-14 14:05:02
C00002,716.25,paiement,FR,2025-05-24 14:05:02
C00300,1700.47,paiement,IT,2025-05-22 14:05:02
C00626,340.31,achat,IT,2025-06-12 14:05:02
C00994,147.73,virement,FR,2025-06-09 14:05:02
C00001,341.01,retrait,FR,2025-05-30 14:05:02
C00541,354.07,paiement,IT,2025-06-13 14:05:02
C00002,1815.41,versement,DE,2025-05-20 14:05:02
C00001,1212.02,achat,FR,2025-05-29 14:05:02
C00705,642.22,retrait,IT,2025-05-18 14:05:02
C00001,635.52,paiement,FR,2025-06-10 14:05:02
C00001,1133.28,virement,IT,2025-05-27 14:05:02
C00001,1611.52,achat,ES,2025-06-16 14:05:02
C00001,866.77,virement,IT,2025-06-05 14:05:02
C00002,730.89,paiement,ES,2025-06-02 14:05:02
C00001,381.18,versement,DE,2025-06-06 14:05:02
C00002,1802.02,virement,ES,2025-06-17 14:05:02
C00001,273.52,retrait,IT,2025-05-30 14:05:02
C00002,1502.76,virement,FR,2025-06-08 14:05:02
C00001,1648.54,virement,IT,2025-05-18 14:05:02
C00002,652.74,versement,ES,2025-05-30 14:05:02
C00357,401.93,versement,IT,2025-06-02 14:05:02
C00001,208.28,virement,FR,2025-05-28 14:05:02
C00001,57.75,virement,IT,2025-06-05 14:05:02
C00001,1027.69,paiement,FR,2025-05-18 14:05:02
C00002,676.53,virement,FR,2025-05-23 14:05:02
C00593,1116.24,retrait,FR,2025-05-26 14:05:02
C00770,692.98,paiement,DE,2025-06-08 14:05:02
C00002,1855.47,paiement,FR,2025-06-04 14:05:02
C00001,635.85,achat,DE,2025-06-05 14:05:02
C00002,1577.04,paiement,IT,2025-06-04 14:05:02
C00001,463.27,retrait,ES,2025-06-02 14:05:02
C00002,281.01,achat,ES,2025-05-22 14:05:02
C00002,398.58,versement,ES,2025-05-18 14:05:02
C00001,292.14,versement,ES,2025-05-21 14:05:02
C00823,1355.71,virement,IT,2025-05-21 14:05:02
C00002,1610.04,achat,ES,2025-06-05 14:05:02
C00002,1711.98,achat,IT,2025-06-15 14:05:02
C00002,266.22,achat,IT,2025-06-11 14:05:02
C00002,1570.53,virement,FR,2025-05-29 14:05:02
C00136,791.26,retrait,DE,2025-06-14 14:05:02
C00001,565.61,retrait,DE,2025-05-31 14:05:02
C00002,653.93,retrait,DE,2025-06-04 14:05:02
C00001,880.86,virement,FR,2025-06-03 14:05:02
C00001,1746.63,retrait,DE,2025-06-06 14:05:02
C00415,1407.26,achat,FR,2025-06-12 14:05:02
C00001,1891.26,virement,ES,2025-05-28 14:05:02
C00002,62.38,paiement,ES,2025-05-21 14:05:02
C00002,669.3,paiement,IT,2025-06-06 14:05:02
C00001,994.02,versement,IT,2025-06-15 14:05:02
C00002,985.41,paiement,DE,2025-06-08 14:05:02
C00866,1910.47,virement,IT,2025-06-06 14:05:02
C00001,1304.79,versement,IT,2025-05-21 14:05:02
C00001,1300.51,versement,FR,2025-05-30 14:05:02
C00002,280.58,retrait,ES,2025-05-24 14:05:02
C00001,1724.96,achat,IT,2025-05-25 14:05:02
C00001,1309.62,achat,ES,2025-05-20 14:05:02
C00001,1325.6,versement,DE,2025-06-02 14:05:02
C00876,1320.88,versement,DE,2025-06-11 14:05:02
C00308,838.57,versement,ES,2025-05-19 14:05:02
C00001,1755.18,versement,ES,2025-05-26 14:05:02
C00002,1575.13,virement,FR,2025-05-26 14:05:02
C00001,1973.23,retrait,ES,2025-05-18 14:05:02
C00001,141.47,retrait,ES,2025-05-27 14:05:02
C00035,1408.39,virement,ES,2025-05-19 14:05:02
C00001,1169.6,paiement,ES,2025-06-04 14:05:02
C00001,776.87,achat,FR,2025-05-23 14:05:02
C00002,950.43,achat,FR,2025-05-20 14:05:02
C00002,905.56,retrait,IT,2025-06-10 14:05:02
C00002,1124.39,virement,DE,2025-05-29 14:05:02
C00002,110.19,paiement,DE,2025-06-05 14:05:02
C00002,334.89,achat,IT,2025-05-25 14:05:02
C00001,323.47,achat,FR,2025-06-02 14:05:02
C00939,877.81,virement,ES,2025-06-06 14:05:02
C00001,1548.52,versement,DE,2025-06-13 14:05:02
C00001,207.9,virement,DE,2025-05-31 14:05:02
C00001,536.87,virement,DE,2025-06-13 14:05:02
C00001,1071.04,paiement,DE,2025-05-23 14:05:02
C00001,257.06,achat,DE,2025-06-15 14:05:02
C00002,1222.55,virement,IT,2025-06-07 14:05:02
C00002,1327.54,achat,ES,2025-06-05 14:05:02
C00379,576.03,paiement,DE,2025-05-30 14:05:02
C00229,1077.04,versement,IT,2025-06-10 14:05:02
C00001,1288.27,paiement,DE,2025-06-08 14:05:02
C00001,1042.22,achat,DE,2025-06-11 14:05:02
C00001,1392.42,paiement,DE,2025-06-12 14:05:02
C00002,1140.94,paiement,DE,2025-05-23 14:05:02
C00001,353.06,retrait,IT,2025-06-13 14:05:02
C00002,99.52,virement,ES,2025-06-11 14:05:02
C00002,880.75,versement,ES,2025-05-26 14:05:02
C00002,1736.67,retrait,IT,2025-05-22 14:05:02
C00002,51.11,virement,ES,2025-06-12 14:05:02
C00001,369.81,achat,FR,2025-05-20 14:05:02
C00001,1477.44,virement,FR,2025-05-31 14:05:02
C00001,742.95,achat,FR,2025-05-27 14:05:02
C00001,579.92,versement,IT,2025-06-12 14:05:02
C00001,185.01,achat,DE,2025-05-19 14:05:02
C00002,1171.92,versement,IT,2025-05-21 14:05:02
C00946,1923.21,paiement,FR,2025-05-30 14:05:02
C00001,624.48,achat,FR,2025-05-23 14:05:02
C00397,186.76,retrait,DE,2025-06-12 14:05:02
C00001,75.03,virement,FR,2025-06-15 14:05:02
C00001,500.73,achat,ES,2025-05-30 14:05:02
C00001,1939.83,versement,IT,2025-05-19 14:05:02
C00001,90.29,achat,IT,2025-05-21 14:05:02
C00002,293.86,achat,ES,2025-06-06 14:05:02
C00002,225.7,versement,ES,2025-05-18 14:05:02
C00002,1829.16,achat,FR,2025-05-19 14:05:02
C00002,1671.68,achat,ES,2025-05-26 14:05:02
C00001,308.22,achat,ES,2025-05-22 14:05:02
C00002,749.15,paiement,IT,2025-06-08 14:05:02
C00252,181.69,retrait,ES,2025-05-29 14:05:02
C00001,1034.36,achat,IT,2025-06-17 14:05:02
C00001,1444.49,paiement,DE,2025-05-29 14:05:02
C00001,844.15,achat,IT,2025-06-16 14:05:02
C00002,908.4,achat,FR,2025-06-14 14:05:02
C00001,55.21,achat,IT,2025-06-12 14:05:02
C00001,1616.28,virement,DE,2025-05-29 14:05:02
C00970,470.22,achat,DE,2025-06-11 14:05:02
C00001,1626.08,versement,IT,2025-05-22 14:05:02
C00001,1645.02,versement,ES,2025-06-01 14:05:02
C00001,1566.74,achat,DE,2025-05-23 14:05:02
C00002,1017.42,retrait,ES,2025-06-03 14:05:02
C00002,1846.23,versement,DE,2025-06-02 14:05:02
C00002,119.7,versement,DE,2025-06-10 14:05:02
C00001,1935.06,virement,FR,2025-06-14 14:05:02
C00002,900.42,achat,FR,2025-06-13 14:05:02
C00375,309.91,paiement,ES,2025-05-24 14:05:02
C00178,285.7,retrait,FR,2025-05-31 14:05:02
C00002,1795.23,retrait,FR,2025-05-24 14:05:02
C00002,48.42,retrait,DE,2025-05-23 14:05:02
C00002,52.81,versement,DE,2025-06-14 14:05:02
C00002,691.52,achat,IT,2025-06-06 14:05:02
C00889,352.88,versement,IT,2025-05-31 14:05:02
C00001,1298.57,retrait,IT,2025-06-06 14:05:02
C00002,749.82,paiement,ES,2025-06-05 14:05:02
C00001,1188.61,achat,IT,2025-05-29 14:05:02
C00430,920.79,versement,ES,2025-06-17 14:05:02
C00002,612.05,achat,ES,2025-05-24 14:05:02
C00002,1028.69,retrait,DE,2025-05-23 14:05:02
C00002,1926.1,retrait,FR,2025-05-24 14:05:02
C00002,1112.08,paiement,FR,2025-06-06 14:05:02
C00001,1801.73,versement,ES,2025-05-27 14:05:02
C00884,1141.13,retrait,IT,2025-06-04 14:05:02
C00001,721.86,virement,FR,2025-06-02 14:05:02
C00001,170.21,retrait,DE,2025-06-11 14:05:02
C00001,956.23,retrait,FR,2025-06-17 14:05:02
C00002,267.96,versement,FR,2025-05-21 14:05:02
C00002,117.29,paiement,IT,2025-05-23 14:05:02
C00002,1883.11,virement,IT,2025-06-15 14:05:02
C00002,464.7,virement,ES,2025-05-26 14:05:02
C00001,697.61,virement,FR,2025-05-22 14:05:02
C00767,42.55,paiement,FR,2025-06-15 14:05:02
C00002,442.35,versement,ES,2025-06-01 14:05:02
C00001,719.68,retrait,ES,2025-05-24 14:05:02
C00001,468.44,retrait,DE,2025-05-25 14:05:02
C00001,1143.3,virement,DE,2025-06-10 14:05:02
C00001,1049.08,paiement,ES,2025-06-06 14:05:02
C00940,1913.08,retrait,FR,2025-05-29 14:05:02
C00002,923.06,achat,IT,2025-05-27 14:05:02
C00001,11.12,retrait,DE,2025-06-16 14:05:02
C00002,793.89,virement,ES,2025-06-06 14:05:02
C00002,912.22,versement,ES,2025-06-10 14:05:02
C00001,1723.17,retrait,ES,2025-05-23 14:05:02
C00002,1782.29,retrait,IT,2025-06-02 14:05:02
C00001,977.49,versement,FR,2025-05-29 14:05:02
C00499,1809.67,versement,ES,2025-05-29 14:05:02
C00001,21.35,virement,IT,2025-06-08 14:05:02
C00002,349.82,virement,DE,2025-05-26 14:05:02
C00001,1745.33,achat,IT,2025-05-28 14:05:02
C00001,923.15,virement,IT,2025-05-29 14:05:02
C00001,1640.59,achat,ES,2025-06-10 14:05:02
C00002,992.31,achat,FR,2025-06-17 14:05:02
C00001,930.47,virement,IT,2025-06-05 14:05:02
C00258,521.42,paiement,IT,2025-06-03 14:05:02
C00128,1323.88,versement,ES,2025-06-10 14:05:02
C00711,434.02,versement,FR,2025-06-15 14:05:02
C00002,1125.78,achat,IT,2025-06-11 14:05:02
C00574,763.72,paiement,DE,2025-06-14 14:05:02
C00002,461.4,versement,ES,2025-06-09 14:05:02
C00001,1435.11,versement,ES,2025-05-29 14:05:02
C00001,1875.98,paiement,DE,2025-06-05 14:05:02
C00002,643.33,paiement,IT,2025-06-08 14:05:02
C00001,132.73,achat,FR,2025-05-26 14:05:02
C00001,1327.11,achat,FR,2025-05-29 14:05:02
C00002,69.81,achat,ES,2025-05-29 14:05:02
C00001,1281.77,retrait,ES,2025-06-04 14:05:02
C00001,476.39,retrait,DE,2025-06-07 14:05:02
C00001,1568.55,achat,FR,2025-05-22 14:05:02
C00001,1257.95,versement,ES,2025-05-19 14:05:02
C00002,745.03,paiement,DE,2025-05-22 14:05:02
C00001,350.25,versement,DE,2025-06-16 14:05:02
C00002,273.12,retrait,IT,2025-06-02 14:05:02
C00001,1637.67,paiement,ES,2025-05-23 14:05:02
C00001,1761.52,virement,ES,2025-06-01 14:05:02
C00001,425.12,paiement,DE,2025-06-13 14:05:02
C00523,1697.15,versement,DE,2025-06-01 14:05:02
C00001,128.19,retrait,ES,2025-06-06 14:05:02
C00002,1510.57,paiement,DE,2025-06-12 14:05:02
C00002,1214.61,virement,FR,2025-06-12 14:05:02
C00001,937.47,achat,ES,2025-05-18 14:05:02
C00057,245.74,virement,ES,2025-06-12 14:05:02
C00002,1025.67,paiement,ES,2025-06-10 14:05:02
C00002,1854.35,virement,IT,2025-05-21 14:05:02
C00001,1976.61,retrait,IT,2025-06-06 14:05:02
C00001,1447.86,paiement,DE,2025-05-22 14:05:02
C00002,1436.31,achat,DE,2025-06-06 14:05:02
C00001,1222.57,virement,DE,2025-06-05 14:05:02
C00002,752.62,versement,DE,2025-05-21 14:05:02
C00002,389.96,paiement,DE,2025-06-02 14:05:02
C00002,1155.58,achat,DE,2025-06-14 14:05:02
C00002,743.38,versement,FR,2025-05-21 14:05:02
C00002,1780.94,versement,ES,2025-06-14 14:05:02
C00001,1714.25,retrait,DE,2025-06-15 14:05:02
C00002,734.86,virement,DE,2025-05-29 14:05:02
C00002,461.7,achat,FR,2025-06-04 14:05:02
C00002,551.07,retrait,IT,2025-06-09 14:05:02
C00001,306.94,paiement,FR,2025-05-19 14:05:02
C00001,1456.36,retrait,IT,2025-06-11 14:05:02
C00001,1211.82,retrait,ES,2025-05-18 14:05:02
C00002,790.46,retrait,DE,2025-05-31 14:05:02
C00001,1559.55,retrait,ES,2025-06-15 14:05:02
C00002,1529.48,retrait,DE,2025-06-05 14:05:02
C00002,1777.11,virement,ES,2025-06-07 14:05:02
C00001,1977.26,retrait,IT,2025-06-14 14:05:02
C00002,490.34,retrait,FR,2025-05-28 14:05:02
C00002,1589.89,versement,IT,2025-05-18 14:05:02
C00002,701.88,virement,ES,2025-06-04 14:05:02
C00001,537.6,retrait,ES,2025-05-27 14:05:02
C00001,1399.91,retrait,FR,2025-05-19 14:05:02
C00001,959.87,paiement,IT,2025-06-05 14:05:02
C00001,1225.06,retrait,ES,2025-06-13 14:05:02
C00002,746.02,virement,FR,2025-05-18 14:05:02
C00840,249.41,retrait,IT,2025-06-17 14:05:02
C00001,501.62,virement,ES,2025-05-23 14:05:02
C00001,1155.22,versement,ES,2025-06-01 14:05:02
C00002,1068.58,paiement,FR,2025-05-25 14:05:02
C00002,583.03,virement,IT,2025-06-09 14:05:02
C00001,1998.05,paiement,IT,2025-05-28 14:05:02
C00002,1825.46,retrait,IT,2025-05-20 14:05:02
C00001,1327.76,retrait,FR,2025-05-19 14:05:02
C00001,320.31,versement,IT,2025-05-23 14:05:02
C00001,985.19,virement,ES,2025-05-21 14:05:02
C00001,458.2,versement,DE,2025-06-07 14:05:02
C00001,569.26,virement,IT,2025-06-03 14:05:02
C00002,1727.38,versement,ES,2025-05-30 14:05:02
C00001,321.28,virement,FR,2025-06-14 14:05:02
C00230,1798.15,retrait,IT,2025-06-16 14:05:02
C00060,951.59,virement,FR,2025-05-18 14:05:02
C00002,604.42,versement,DE,2025-06-04 14:05:02
C00532,1719.1,virement,FR,2025-06-12 14:05:02
C00001,299.08,versement,FR,2025-06-01 14:05:02
C00001,1904.32,versement,DE,2025-06-05 14:05:02
C00002,112.12,virement,DE,2025-06-05 14:05:02
C00001,305.94,paiement,FR,2025-06-17 14:05:02
C00002,1249.19,virement,ES,2025-06-12 14:05:02
C00679,681.8,virement,ES,2025-05-24 14:05:02
C00002,655.78,virement,FR,2025-06-02 14:05:02
C00001,802.81,versement,ES,2025-06-04 14:05:02
C00989,1528.53,versement,DE,2025-05-21 14:05:02
C00357,475.8,virement,FR,2025-05-28 14:05:02
C00848,672.99,paiement,ES,2025-06-13 14:05:02
C00938,441.5,achat,ES,2025-05-26 14:05:02
C00001,392.81,versement,DE,2025-05-21 14:05:02
C00001,1202.86,versement,IT,2025-06-13 14:05:02
C00002,1182.92,achat,FR,2025-05-22 14:05:02
C00001,947.28,versement,IT,2025-06-02 14:05:02
C00002,396.99,versement,IT,2025-06-05 14:05:02
C00033,108.46,paiement,ES,2025-06-07 14:05:02
C00002,1852.19,paiement,IT,2025-06-10 14:05:02
C00640,605.54,virement,DE,2025-06-06 14:05:02
C00002,1570.84,achat,DE,2025-06-07 14:05:02
C00002,785.99,paiement,IT,2025-06-02 14:05:02
C00843,967.69,versement,ES,2025-06-16 14:05:02
C00001,1333.29,achat,ES,2025-06-17 14:05:02
C00002,702.86,achat,FR,2025-05-27 14:05:02
C00002,1996.76,paiement,DE,2025-05-29 14:05:02
C00001,804.31,versement,IT,2025-05-26 14:05:02
C00002,1883.44,paiement,ES,2025-06-11 14:05:02
C00001,351.74,achat,ES,2025-05-20 14:05:02
C00002,62.61,retrait,FR,2025-06-11 14:05:02
C00001,1785.25,achat,DE,2025-06-04 14:05:02
C00415,825.03,achat,DE,2025-06-12 14:05:02
C00002,942.45,achat,FR,2025-06-15 14:05:02
C00763,1286.16,virement,DE,2025-06-10 14:05:02
C00001,784.16,versement,ES,2025-06-13 14:05:02
C00001,343.11,versement,DE,2025-06-05 14:05:02
C00001,831.47,retrait,DE,2025-05-20 14:05:02
C00002,642.05,virement,IT,2025-05-22 14:05:02
C00002,810.69,virement,IT,2025-05-21 14:05:02
C00002,158.31,retrait,IT,2025-05-19 14:05:02
C00001,306.61,versement,DE,2025-06-02 14:05:02
C00001,1921.49,retrait,ES,2025-06-03 14:05:02
C00001,1217.22,virement,IT,2025-05-22 14:05:02
C00001,1581.84,paiement,FR,2025-06-07 14:05:02
C00001,659.01,versement,DE,2025-06-16 14:05:02
C00002,1764.52,paiement,FR,2025-05-30 14:05:02
C00001,1666.72,virement,FR,2025-06-17 14:05:02
C00001,1271.0,paiement,ES,2025-06-09 14:05:02
C00002,944.32,virement,FR,2025-06-12 14:05:02
C00001,1869.38,virement,ES,2025-06-04 14:05:02
C00001,1132.42,paiement,DE,2025-06-14 14:05:02
C00001,552.75,virement,IT,2025-06-17 14:05:02
C00001,1390.54,paiement,FR,2025-05-20 14:05:02
C00002,684.32,retrait,ES,2025-05-21 14:05:02
C00001,199.54,achat,DE,2025-06-02 14:05:02
C00001,1416.61,versement,IT,2025-06-03 14:05:02
C00001,1692.36,achat,ES,2025-05-23 14:05:02
C00301,1100.22,retrait,ES,2025-05-25 14:05:02
C00002,1094.5,retrait,IT,2025-06-13 14:05:02
C00103,394.02,virement,FR,2025-06-14 14:05:02
C00001,834.48,virement,ES,2025-05-27 14:05:02
C00002,581.91,virement,DE,2025-05-25 14:05:02
C00002,859.38,versement,ES,2025-05-23 14:05:02
C00001,597.37,retrait,IT,2025-05-30 14:05:02
C00555,1032.53,versement,IT,2025-05-31 14:05:02
C00001,1016.92,achat,DE,2025-06-14 14:05:02
C00314,678.39,retrait,DE,2025-05-19 14:05:02
C00001,505.71,retrait,ES,2025-06-05 14:05:02
C00002,1181.68,virement,IT,2025-06-17 14:05:02
C00002,144.01,versement,ES,2025-05-26 14:05:02
C00320,1799.09,achat,DE,2025-06-08 14:05:02
C00001,1911.27,versement,DE,2025-06-12 14:05:02
C00001,583.77,virement,ES,2025-06-09 14:05:02
C00002,1541.73,retrait,FR,2025-05-27 14:05:02
C00002,1918.35,virement,IT,2025-05-18 14:05:02
C00001,226.2,retrait,IT,2025-06-06 14:05:02
C00895,170.78,retrait,DE,2025-06-17 14:05:02
C00295,925.36,paiement,ES,2025-06-13 14:05:02
C00001,1673.83,retrait,IT,2025-05-30 14:05:02
C00793,1957.36,virement,FR,2025-06-07 14:05:02
C00001,1406.67,virement,FR,2025-05-31 14:05:02
C00002,849.65,retrait,FR,2025-05-28 14:05:02
C00002,1781.89,versement,DE,2025-05-21 14:05:02
C00001,1605.97,virement,FR,2025-06-06 14:05:02
C00001,1907.51,versement,FR,2025-05-31 14:05:02
C00001,1432.02,virement,DE,2025-05-24 14:05:02
C00040,701.85,virement,DE,2025-05-25 14:05:02
C00002,1925.81,achat,FR,2025-06-01 14:05:02
C00001,500.45,achat,FR,2025-05-21 14:05:02
C00001,1382.85,achat,DE,2025-05-19 14:05:02
C00001,335.37,retrait,IT,2025-05-20 14:05:02
C00001,206.76,retrait,FR,2025-06-04 14:05:02
C00002,1785.46,achat,ES,2025-05-31 14:05:02
C00001,698.03,virement,DE,2025-05-20 14:05:02
C00002,269.13,virement,FR,2025-06-05 14:05:02
C00002,1257.55,virement,IT,2025-06-05 14:05:02
C00002,1784.9,paiement,ES,2025-06-04 14:05:02
C00001,396.72,paiement,ES,2025-06-16 14:05:02
C00002,802.55,versement,FR,2025-06-14 14:05:02
C00002,356.79,achat,ES,2025-06-11 14:05:02
C00001,362.19,versement,IT,2025-06-15 14:05:02
C00001,1790.94,achat,ES,2025-06-11 14:05:02
C00830,369.73,virement,IT,2025-05-19 14:05:02
C00002,283.24,paiement,IT,2025-05-24 14:05:02
C00001,590.11,virement,ES,2025-06-08 14:05:02
C00002,1685.8,versement,ES,2025-05-18 14:05:02
C00001,52.71,achat,IT,2025-06-03 14:05:02
C00002,512.27,versement,ES,2025-06-09 14:05:02
C00495,1179.95,versement,IT,2025-05-27 14:05:02
C00001,1932.43,retrait,FR,2025-05-30 14:05:02
C00002,785.05,versement,FR,2025-05-31 14:05:02
C00001,1489.97,virement,FR,2025-05-23 14:05:02
C00001,789.65,retrait,IT,2025-06-06 14:05:02
C00002,1628.44,versement,FR,2025-06-05 14:05:02
C00791,1751.99,versement,ES,2025-06-12 14:05:02
C00001,292.69,virement,ES,2025-06-17 14:05:02
C00001,1621.11,retrait,FR,2025-05-21 14:05:02
C00211,1805.37,versement,DE,2025-05-23 14:05:02
C00002,456.52,retrait,FR,2025-06-17 14:05:02
C00001,1637.95,versement,DE,2025-06-02 14:05:02
C00002,884.17,versement,FR,2025-06-08 14:05:02
C00002,1382.43,paiement,IT,2025-06-12 14:05:02
C00001,722.58,versement,IT,2025-06-06 14:05:02
C00001,1143.41,achat,DE,2025-06-16 14:05:02
C00404,1413.73,versement,FR,2025-06-02 14:05:02
C00001,742.09,achat,IT,2025-05-22 14:05:02
C00001,728.07,virement,DE,2025-06-06 14:05:02
C00841,1154.19,virement,ES,2025-05-29 14:05:02
C00001,1867.28,paiement,FR,2025-05-19 14:05:02
C00002,225.47,retrait,ES,2025-06-13 14:05:02
C00002,1948.04,virement,ES,2025-05-25 14:05:02
C00263,634.6,virement,ES,2025-06-09 14:05:02
C00001,53.02,versement,DE,2025-06-05 14:05:02
C00001,1594.49,versement,FR,2025-05-26 14:05:02
C00228,106.64,paiement,DE,2025-06-10 14:05:02
C00001,307.75,achat,DE,2025-06-04 14:05:02
C00002,1535.05,virement,IT,2025-05-24 14:05:02
C00001,889.88,paiement,ES,2025-06-16 14:05:02
C00001,1616.07,paiement,IT,2025-05-26 14:05:02
C00001,1932.69,versement,ES,2025-05-18 14:05:02
C00858,1542.31,versement,ES,2025-05-24 14:05:02
C00001,1035.21,retrait,ES,2025-05-30 14:05:02
C00001,348.02,paiement,DE,2025-06-14 14:05:02
C00002,617.46,retrait,FR,2025-05-18 14:05:02
C00272,1621.83,retrait,IT,2025-05-19 14:05:02
C00002,1003.38,retrait,ES,2025-05-26 14:05:02
C00001,354.96,retrait,DE,2025-06-02 14:05:02
C00002,495.18,versement,ES,2025-06-07 14:05:02
C00002,397.69,paiement,IT,2025-06-12 14:05:02
C00290,1104.55,virement,IT,2025-05-24 14:05:02
C00001,1857.68,achat,FR,2025-06-08 14:05:02
C00001,486.62,paiement,ES,2025-06-10 14:05:02
C00002,277.25,retrait,IT,2025-05-23 14:05:02
C00002,615.51,virement,DE,2025-05-31 14:05:02
C00001,1519.75,virement,DE,2025-06-14 14:05:02
C00814,576.72,virement,FR,2025-06-03 14:05:02
C00359,335.43,achat,FR,2025-06-07 14:05:02
C00002,372.33,retrait,IT,2025-05-22 14:05:02
C00001,546.04,retrait,ES,2025-06-06 14:05:02
C00001,266.25,virement,ES,2025-06-05 14:05:02
C00001,969.79,paiement,IT,2025-06-08 14:05:02
C00001,85.27,versement,FR,2025-06-03 14:05:02
C00002,534.71,retrait,ES,2025-06-14 14:05:02
C00002,1740.98,achat,FR,2025-06-08 14:05:02
C00002,1333.81,paiement,DE,2025-05-18 14:05:02
C00002,853.21,retrait,ES,2025-06-10 14:05:02
C00002,435.57,achat,ES,2025-05-21 14:05:02
C00294,1385.04,retrait,IT,2025-05-26 14:05:02
C00002,613.19,versement,DE,2025-05-29 14:05:02
C00002,1751.01,paiement,DE,2025-05-20 14:05:02
C00002,666.22,virement,ES,2025-05-20 14:05:02
C00333,1985.39,virement,IT,2025-05-23 14:05:02
C00001,358.73,achat,IT,2025-06-13 14:05:02
C00002,1535.74,retrait,DE,2025-06-05 14:05:02
C00001,1308.64,achat,FR,2025-06-05 14:05:02
C00001,143.76,virement,ES,2025-05-19 14:05:02
C00001,1844.37,versement,IT,2025-05-21 14:05:02
C00002,73.59,virement,IT,2025-06-10 14:05:02
C00001,1978.81,achat,DE,2025-05-25 14:05:02
C00001,1640.01,retrait,DE,2025-05-21 14:05:02
C00002,911.14,versement,IT,2025-05-18 14:05:02
C00001,453.08,versement,ES,2025-05-21 14:05:02
C00002,1132.75,virement,DE,2025-06-14 14:05:02
C00002,1474.06,achat,DE,2025-06-13 14:05:02
C00001,783.74,virement,FR,2025-06-09 14:05:02
C00637,1130.16,achat,ES,2025-06-01 14:05:02
C00001,1931.03,paiement,FR,2025-06-07 14:05:02
C00002,1465.03,versement,DE,2025-05-18 14:05:02
C00001,1201.07,versement,DE,2025-05-28 14:05:02
C00001,470.19,virement,IT,2025-06-13 14:05:02
C00002,571.48,achat,FR,2025-06-03 14:05:02
C00002,189.88,versement,FR,2025-06-05 14:05:02
C00002,795.89,achat,IT,2025-05-18 14:05:02
C00002,1072.19,achat,FR,2025-06-05 14:05:02
C00293,54.1,versement,ES,2025-05-19 14:05:02
C00002,1154.37,virement,FR,2025-06-13 14:05:02
C00002,1641.16,paiement,FR,2025-05-18 14:05:02
C00002,177.54,virement,ES,2025-05-21 14:05:02
C00002,631.09,versement,IT,2025-06-01 14:05:02
C00002,1435.05,virement,FR,2025-06-07 14:05:02
C00001,1865.21,virement,DE,2025-06-08 14:05:02
C00001,612.59,achat,IT,2025-06-16 14:05:02
C00055,1987.88,retrait,IT,2025-06-05 14:05:02
C00001,224.33,paiement,IT,2025-05-21 14:05:02
C00001,1417.24,virement,ES,2025-05-26 14:05:02
C00001,1596.86,virement,FR,2025-06-10 14:05:02
C00002,793.61,paiement,FR,2025-05-18 14:05:02
C00001,23.27,achat,FR,2025-05-24 14:05:02
C00001,730.33,achat,ES,2025-06-06 14:05:02
C00002,881.8,virement,IT,2025-06-06 14:05:02
C00002,531.19,achat,DE,2025-05-26 14:05:02
C00528,1129.63,achat,ES,2025-06-04 14:05:02
C00001,565.98,versement,FR,2025-05-24 14:05:02
C00002,1024.61,virement,ES,2025-06-09 14:05:02
C00001,233.08,achat,FR,2025-06-12 14:05:02
C00279,1720.55,paiement,IT,2025-05-26 14:05:02
C00002,1697.33,paiement,ES,2025-06-01 14:05:02
C00001,249.49,virement,FR,2025-06-09 14:05:02
C00001,1205.86,versement,ES,2025-05-21 14:05:02
C00001,401.55,paiement,ES,2025-05-21 14:05:02
C00001,688.63,paiement,IT,2025-06-02 14:05:02
C00002,1791.07,retrait,ES,2025-06-04 14:05:02
C00002,342.5,versement,IT,2025-06-17 14:05:02
C00543,541.3,paiement,IT,2025-05-28 14:05:02
C00001,1893.88,paiement,IT,2025-05-31 14:05:02
C00002,197.84,virement,IT,2025-05-19 14:05:02
C00002,324.66,paiement,DE,2025-06-16 14:05:02
C00001,1220.82,retrait,ES,2025-06-09 14:05:02
C00002,1246.86,versement,ES,2025-06-13 14:05:02
C00002,1852.8,achat,ES,2025-06-02 14:05:02
C00141,626.73,retrait,DE,2025-06-02 14:05:02
C00001,1594.1,versement,ES,2025-06-02 14:05:02
C00455,388.56,paiement,IT,2025-05-21 14:05:02
C00951,1751.02,paiement,ES,2025-06-06 14:05:02
C00001,1252.18,versement,ES,2025-05-24 14:05:02
C00002,136.53,virement,FR,2025-06-11 14:05:02
C00001,1645.04,paiement,IT,2025-05-24 14:05:02
C00001,1746.72,paiement,FR,2025-05-22 14:05:02
C00694,304.13,paiement,ES,2025-06-01 14:05:02
C00002,1725.94,versement,IT,2025-06-01 14:05:02
C00001,1030.44,retrait,ES,2025-05-26 14:05:02
C00002,1986.45,versement,FR,2025-05-19 14:05:02
C00002,1722.22,virement,DE,2025-06-05 14:05:02
C00001,977.36,paiement,ES,2025-06-05 14:05:02
C00001,1081.46,virement,DE,2025-06-01 14:05:02
C00001,1782.54,virement,DE,2025-06-04 14:05:02
C00001,1376.26,virement,FR,2025-06-06 14:05:02
C00798,1312.23,paiement,DE,2025-06-17 14:05:02
C00001,1139.6,achat,IT,2025-05-30 14:05:02
C00002,368.56,versement,DE,2025-06-04 14:05:02
C00001,1921.67,versement,FR,2025-06-16 14:05:02
C00921,884.14,paiement,IT,2025-06-14 14:05:02
C00001,76.05,versement,ES,2025-06-04 14:05:02
C00001,974.07,retrait,FR,2025-06-09 14:05:02
C00001,1601.29,versement,FR,2025-06-05 14:05:02
C00002,1430.21,paiement,DE,2025-05-31 14:05:02
C00731,1041.95,paiement,DE,2025-05-22 14:05:02
C00001,1891.61,paiement,FR,2025-06-14 14:05:02
C00002,1764.24,virement,DE,2025-05-30 14:05:02
C00001,1258.8,achat,FR,2025-06-08 14:05:02
C00001,1686.43,retrait,IT,2025-05-24 14:05:02
C00002,803.54,retrait,DE,2025-06-12 14:05:02
C00002,784.13,versement,DE,2025-06-05 14:05:02
C00002,1269.54,versement,IT,2025-05-22 14:05:02
C00002,1171.33,versement,IT,2025-05-29 14:05:02
C00001,263.55,achat,FR,2025-05-21 14:05:02
C00089,109.66,achat,DE,2025-06-10 14:05:02
C00002,978.23,virement,IT,2025-06-17 14:05:02
C00001,725.86,retrait,ES,2025-06-02 14:05:02
C00586,828.85,paiement,DE,2025-05-18 14:05:02
C00993,1017.28,paiement,ES,2025-06-01 14:05:02
C00001,1870.52,virement,IT,2025-06-16 14:05:02
C00002,1354.61,virement,ES,2025-05-20 14:05:02
C00002,821.68,virement,FR,2025-06-13 14:05:02
C00001,1892.3,versement,ES,2025-05-23 14:05:02
C00001,1957.77,retrait,ES,2025-06-10 14:05:02
C00001,1069.97,virement,ES,2025-06-11 14:05:02
C00002,1369.89,virement,FR,2025-05-25 14:05:02
C00001,656.26,virement,DE,2025-05-18 14:05:02
C00001,1831.83,versement,ES,2025-06-06 14:05:02
C00002,1394.9,virement,ES,2025-05-21 14:05:02
C00002,595.98,paiement,ES,2025-06-17 14:05:02
C00001,729.58,achat,FR,2025-06-13 14:05:02
C00997,1101.73,achat,IT,2025-06-04 14:05:02
C00001,1591.58,retrait,IT,2025-06-16 14:05:02
C00813,920.12,achat,DE,2025-06-03 14:05:02
C00002,1007.28,retrait,ES,2025-06-10 14:05:02
C00001,386.22,paiement,IT,2025-06-11 14:05:02
C00354,1022.05,virement,FR,2025-06-03 14:05:02
C00001,1312.56,versement,DE,2025-06-16 14:05:02
C00001,299.68,virement,ES,2025-06-14 14:05:02
C00001,1129.2,retrait,DE,2025-06-04 14:05:02
C00001,1733.98,versement,IT,2025-05-31 14:05:02
C00002,1333.64,versement,FR,2025-05-30 14:05:02
C00002,542.71,retrait,DE,2025-05-19 14:05:02
C00002,990.93,paiement,IT,2025-05-19 14:05:02
C00001,1186.54,retrait,DE,2025-06-07 14:05:02
C00002,127.8,versement,ES,2025-05-26 14:05:02
C00001,156.57,retrait,FR,2025-05-19 14:05:02
C00001,1365.84,versement,IT,2025-06-16 14:05:02
C00002,676.87,versement,IT,2025-06-14 14:05:02
C00001,218.9,paiement,FR,2025-06-11 14:05:02
C00002,1510.71,achat,IT,2025-05-30 14:05:02
C00001,1855.97,paiement,FR,2025-06-10 14:05:02
C00590,829.02,paiement,FR,2025-05-30 14:05:02
C00001,1729.8,paiement,IT,2025-06-07 14:05:02
C00001,386.68,virement,FR,2025-06-10 14:05:02
C00001,1192.31,achat,IT,2025-06-17 14:05:02
C00002,1268.21,retrait,ES,2025-06-10 14:05:02
C00001,882.68,paiement,IT,2025-06-04 14:05:02
C00001,1879.75,retrait,IT,2025-06-04 14:05:02
C00001,246.9,achat,ES,2025-06-10 14:05:02
C00001,1183.45,virement,IT,2025-06-15 14:05:02
C00001,1971.78,achat,FR,2025-06-11 14:05:02
C00001,1665.18,paiement,FR,2025-06-07 14:05:02
C00002,999.22,versement,IT,2025-05-31 14:05:02
C00001,1857.92,versement,FR,2025-06-13 14:05:02
C00286,1603.64,virement,IT,2025-05-22 14:05:02
C00001,677.67,achat,DE,2025-06-06 14:05:02
C00351,763.21,achat,FR,2025-06-16 14:05:02
C00002,15.46,paiement,ES,2025-05-18 14:05:02
C00001,800.12,versement,FR,2025-05-27 14:05:02
C00001,1212.85,versement,DE,2025-05-29 14:05:02
C00477,1950.32,achat,FR,2025-06-04 14:05:02
C00002,1997.33,paiement,IT,2025-05-21 14:05:02
C00518,1513.16,paiement,ES,2025-06-03 14:05:02
C00001,1185.23,versement,ES,2025-06-02 14:05:02
C00001,1006.5,versement,DE,2025-06-02 14:05:02
C00002,1332.49,virement,IT,2025-06-07 14:05:02
C00002,1708.12,achat,ES,2025-06-14 14:05:02
C00001,198.27,paiement,ES,2025-06-07 14:05:02
C00001,716.31,virement,ES,2025-05-24 14:05:02
C00002,1813.16,achat,DE,2025-06-02 14:05:02
C00001,475.4,retrait,IT,2025-05-28 14:05:02
C00001,1761.12,paiement,FR,2025-06-13 14:05:02
C00002,1183.48,virement,DE,2025-05-25 14:05:02
C00002,282.51,versement,DE,2025-06-13 14:05:02
C00001,823.01,versement,IT,2025-06-05 14:05:02
C00001,1222.91,achat,IT,2025-05-20 14:05:02
C00002,661.1,virement,FR,2025-06-15 14:05:02
C00648,1763.76,paiement,DE,2025-05-31 14:05:02
C00001,1940.94,paiement,DE,2025-06-02 14:05:02
C00001,1655.7,virement,DE,2025-06-11 14:05:02
C00002,1464.4,paiement,ES,2025-05-28 14:05:02
C00001,146.01,virement,DE,2025-05-27 14:05:02
C00002,751.25,achat,IT,2025-05-24 14:05:02
C00783,299.04,achat,ES,2025-05-19 14:05:02
C00306,1032.84,versement,DE,2025-06-05 14:05:02
C00002,1549.36,versement,IT,2025-05-20 14:05:02
C00001,318.74,retrait,IT,2025-05-25 14:05:02
C00002,658.98,achat,IT,2025-06-15 14:05:02
C00002,441.61,virement,ES,2025-06-07 14:05:02
C00002,586.24,versement,FR,2025-05-23 14:05:02
C00951,1061.97,achat,IT,2025-05-20 14:05:02
C00001,732.21,achat,ES,2025-06-12 14:05:02
C00505,1725.97,versement,FR,2025-06-14 14:05:02
C00002,224.79,achat,FR,2025-06-02 14:05:02
C00672,1463.24,versement,FR,2025-05-22 14:05:02
C00001,1649.49,retrait,FR,2025-05-24 14:05:02
C00368,467.16,retrait,DE,2025-06-17 14:05:02
C00671,1486.54,versement,ES,2025-06-03 14:05:02
C00930,604.86,achat,ES,2025-06-02 14:05:02
C00001,226.31,paiement,IT,2025-06-14 14:05:02
C00001,895.07,achat,FR,2025-05-19 14:05:02
C00002,636.39,versement,DE,2025-06-11 14:05:02
C00002,724.5,paiement,FR,2025-05-28 14:05:02
C00178,1532.06,retrait,ES,2025-06-16 14:05:02
C00001,1219.7,virement,ES,2025-05-18 14:05:02
C00001,1454.33,paiement,DE,2025-06-09 14:05:02
C00001,1346.4,virement,ES,2025-06-12 14:05:02
C00001,1406.28,achat,ES,2025-06-13 14:05:02
C00001,101.22,paiement,FR,2025-06-12 14:05:02
C00002,1532.12,achat,IT,2025-06-02 14:05:02
C00001,100.54,achat,DE,2025-06-14 14:05:02
C00002,999.29,virement,FR,2025-05-18 14:05:02
C00130,1044.33,versement,ES,2025-05-23 14:05:02
C00001,147.95,versement,ES,2025-06-03 14:05:02
C00002,1606.91,achat,DE,2025-06-07 14:05:02
C00001,1319.32,retrait,DE,2025-05-19 14:05:02
C00001,617.76,paiement,DE,2025-05-30 14:05:02
C00001,1433.38,achat,ES,2025-05-20 14:05:02
C00001,56.29,paiement,DE,2025-05-26 14:05:02
C00002,1826.46,achat,ES,2025-05-27 14:05:02
C00002,1396.6,achat,DE,2025-05-23 14:05:02
C00001,197.49,virement,DE,2025-06-06 14:05:02
C00988,1856.86,versement,IT,2025-06-11 14:05:02
C00001,1708.52,virement,DE,2025-05-21 14:05:02
C00002,944.2,paiement,ES,2025-06-10 14:05:02
C00002,873.79,paiement,ES,2025-06-17 14:05:02
C00001,1239.59,virement,DE,2025-05-22 14:05:02
C00252,905.88,paiement,DE,2025-06-13 14:05:02
C00191,287.59,retrait,DE,2025-05-30 14:05:02
C00001,1629.0,retrait,ES,2025-05-25 14:05:02
C00002,1468.14,virement,IT,2025-06-01 14:05:02
C00002,619.8,retrait,ES,2025-06-15 14:05:02
C00002,1614.91,retrait,ES,2025-05-21 14:05:02
C00001,1354.52,achat,DE,2025-05-22 14:05:02
C00991,388.13,versement,DE,2025-06-16 14:05:02
C00001,328.57,virement,ES,2025-06-11 14:05:02
C00945,1131.76,versement,IT,2025-05-20 14:05:02
C00002,1534.08,paiement,ES,2025-05-18 14:05:02
C00001,1026.6,retrait,IT,2025-06-06 14:05:02
C00002,790.06,retrait,DE,2025-06-13 14:05:02
C00001,786.11,paiement,ES,2025-06-10 14:05:02
C00001,1784.51,versement,FR,2025-06-03 14:05:02
C00001,736.61,versement,DE,2025-05-25 14:05:02
C00001,822.3,paiement,FR,2025-06-12 14:05:02
C00001,1272.09,retrait,IT,2025-05-24 14:05:02
C00001,188.89,retrait,DE,2025-06-17 14:05:02
C00002,893.46,versement,FR,2025-06-05 14:05:02
C00001,625.34,achat,ES,2025-06-01 14:05:02
C00001,654.6,paiement,IT,2025-06-15 14:05:02
C00001,998.03,versement,ES,2025-05-19 14:05:02
C00185,160.92,versement,ES,2025-06-02 14:05:02
C00001,877.13,versement,IT,2025-06-03 14:05:02
C00001,481.52,retrait,ES,2025-05-19 14:05:02
C00857,922.59,retrait,FR,2025-06-14 14:05:02
C00001,1672.51,versement,IT,2025-05-26 14:05:02
C00001,1147.71,virement,IT,2025-06-13 14:05:02
C00001,516.22,virement,IT,2025-06-09 14:05:02
C00672,860.51,virement,ES,2025-06-11 14:05:02
C00001,160.5,paiement,DE,2025-06-10 14:05:02
C00001,106.73,retrait,IT,2025-05-18 14:05:02
C00001,915.99,achat,FR,2025-06-04 14:05:02
C00002,271.04,paiement,ES,2025-05-22 14:05:02
C00002,147.44,virement,ES,2025-06-07 14:05:02
C00001,1538.74,paiement,ES,2025-06-05 14:05:02
C00002,791.8,versement,ES,2025-06-08 14:05:02
C00002,1041.24,achat,DE,2025-05-19 14:05:02
C00002,85.13,virement,DE,2025-05-30 14:05:02
C00001,1109.08,retrait,FR,2025-05-19 14:05:02
C00001,428.34,virement,FR,2025-05-19 14:05:02
C00001,1406.34,versement,IT,2025-06-17 14:05:02
C00726,41.19,paiement,IT,2025-05-31 14:05:02
C00153,1864.79,achat,IT,2025-05-24 14:05:02
C00001,15.81,retrait,IT,2025-05-21 14:05:02
C00001,1352.35,virement,ES,2025-05-18 14:05:02
C00001,917.82,virement,IT,2025-05-20 14:05:02
C00002,602.96,versement,FR,2025-06-02 14:05:02
C00002,976.26,versement,DE,2025-05-28 14:05:02
C00002,1168.14,retrait,ES,2025-05-28 14:05:02
C00001,499.68,virement,ES,2025-06-02 14:05:02
C00001,1747.5,paiement,DE,2025-06-14 14:05:02
C00002,906.44,achat,FR,2025-06-10 14:05:02
C00001,59.82,virement,ES,2025-06-06 14:05:02
C00001,663.71,virement,DE,2025-05-21 14:05:02
C00002,736.33,paiement,FR,2025-06-16 14:05:02
C00002,465.54,paiement,FR,2025-05-31 14:05:02
C00545,885.05,achat,ES,2025-06-06 14:05:02
C00001,229.75,virement,ES,2025-05-22 14:05:02
C00001,786.09,retrait,DE,2025-05-30 14:05:02
C00002,676.48,achat,DE,2025-06-11 14:05:02
C00002,1998.6,retrait,IT,2025-06-05 14:05:02
C00259,487.84,virement,DE,2025-05-31 14:05:02
C00002,1143.73,retrait,DE,2025-06-08 14:05:02
C00261,1916.33,versement,DE,2025-06-17 14:05:02
C00002,1487.46,retrait,DE,2025-06-04 14:05:02
C00002,1528.43,virement,IT,2025-06-07 14:05:02
C00002,363.98,versement,DE,2025-05-27 14:05:02
C00002,1222.27,achat,IT,2025-05-27 14:05:02
C00001,1819.82,retrait,IT,2025-05-31 14:05:02
C00001,606.13,achat,ES,2025-06-01 14:05:02
C00001,664.06,achat,ES,2025-06-12 14:05:02
C00001,1313.94,paiement,ES,2025-06-09 14:05:02
C00001,1093.25,achat,IT,2025-05-18 14:05:02
C00029,1133.37,achat,IT,2025-06-16 14:05:02
C00002,621.18,virement,FR,2025-05-26 14:05:02
C00002,454.8,retrait,IT,2025-05-22 14:05:02
C00002,1842.67,paiement,IT,2025-06-02 14:05:02
C00177,395.73,achat,IT,2025-06-15 14:05:02
C00001,1838.84,virement,IT,2025-06-07 14:05:02
C00002,1464.23,paiement,ES,2025-05-30 14:05:02
C00002,655.52,virement,IT,2025-05-21 14:05:02
C00002,1796.65,versement,ES,2025-05-26 14:05:02
C00002,651.94,retrait,ES,2025-05-23 14:05:02
C00002,721.89,virement,IT,2025-05-19 14:05:02
C00001,1670.13,retrait,IT,2025-05-24 14:05:02
C00001,234.52,achat,IT,2025-06-08 14:05:02
C00739,953.54,virement,DE,2025-06-08 14:05:02
C00001,1690.13,retrait,FR,2025-05-30 14:05:02
C00001,1281.84,versement,IT,2025-05-20 14:05:02
C00002,737.25,virement,DE,2025-06-02 14:05:02
C00002,1191.24,achat,IT,2025-06-07 14:05:02
C00001,1605.34,virement,DE,2025-06-14 14:05:02
C00001,1817.01,virement,IT,2025-05-19 14:05:02
C00001,1648.18,achat,DE,2025-06-05 14:05:02
C00001,1436.16,versement,FR,2025-06-04 14:05:02
C00938,989.79,versement,ES,2025-06-14 14:05:02
C00461,1885.24,virement,FR,2025-05-29 14:05:02
C00001,933.86,virement,IT,2025-05-24 14:05:02
C00692,291.43,versement,IT,2025-06-03 14:05:02
C00001,1525.23,versement,FR,2025-05-21 14:05:02
C00001,146.68,versement,DE,2025-05-26 14:05:02
C00001,1744.19,virement,FR,2025-06-15 14:05:02
C00002,276.74,versement,IT,2025-06-12 14:05:02
C00001,702.09,virement,ES,2025-06-09 14:05:02
C00001,1287.11,virement,DE,2025-05-22 14:05:02
C00001,1702.57,versement,ES,2025-06-16 14:05:02
C00001,691.04,paiement,FR,2025-05-19 14:05:02
C00002,674.43,paiement,DE,2025-05-26 14:05:02
C00001,414.37,paiement,FR,2025-06-11 14:05:02
C00001,1592.07,paiement,FR,2025-06-16 14:05:02
C00662,1099.8,retrait,ES,2025-06-09 14:05:02
C00001,1622.62,virement,IT,2025-06-01 14:05:02
C00002,1773.87,achat,IT,2025-05-24 14:05:02
C00002,1602.61,virement,FR,2025-05-28 14:05:02
C00002,1560.35,retrait,IT,2025-06-15 14:05:02
C00002,1215.42,virement,IT,2025-05-28 14:05:02
C00001,1498.02,virement,FR,2025-06-12 14:05:02
C00143,528.72,paiement,FR,2025-05-20 14:05:02
C00001,298.01,virement,FR,2025-06-11 14:05:02
C00001,1712.9,virement,IT,2025-06-14 14:05:02
C00002,1399.84,virement,IT,2025-06-09 14:05:02
C00001,821.85,paiement,IT,2025-06-07 14:05:02
C00002,273.98,versement,ES,2025-05-31 14:05:02
C00002,948.72,achat,DE,2025-06-16 14:05:02
C00001,248.41,achat,FR,2025-06-11 14:05:02
C00001,436.76,virement,IT,2025-05-18 14:05:02
C00002,409.2,virement,FR,2025-06-05 14:05:02
C00309,1327.44,achat,IT,2025-06-05 14:05:02
C00002,82.32,versement,ES,2025-05-31 14:05:02
C00001,1580.6,versement,ES,2025-05-21 14:05:02
C00001,1349.15,achat,DE,2025-05-19 14:05:02
C00002,44.86,achat,DE,2025-06-15 14:05:02
C00556,1804.28,achat,FR,2025-06-17 14:05:02
C00002,803.2,versement,FR,2025-06-08 14:05:02
C00002,477.73,versement,IT,2025-05-23 14:05:02
C00666,291.4,virement,DE,2025-05-25 14:05:02
C00001,1233.19,virement,DE,2025-06-08 14:05:02
C00001,744.47,retrait,DE,2025-06-05 14:05:02
C00002,1467.84,retrait,DE,2025-06-03 14:05:02
C00001,1315.97,retrait,FR,2025-06-06 14:05:02
C00001,1843.31,virement,IT,2025-05-23 14:05:02
C00001,1228.13,achat,ES,2025-06-04 14:05:02
C00001,648.0,retrait,IT,2025-05-30 14:05:02
C00001,1115.78,versement,DE,2025-06-17 14:05:02
C00002,447.3,achat,IT,2025-06-01 14:05:02
C00001,141.97,versement,ES,2025-06-01 14:05:02
C00001,28.08,versement,ES,2025-06-14 14:05:02
C00001,236.66,paiement,ES,2025-05-28 14:05:02
C00002,1297.35,versement,DE,2025-05-19 14:05:02
C00498,348.74,paiement,IT,2025-06-13 14:05:02
C00780,1106.65,paiement,ES,2025-05-25 14:05:02
C00001,1967.66,retrait,IT,2025-05-24 14:05:02
C00002,1489.73,paiement,IT,2025-05-30 14:05:02
C00457,322.97,achat,DE,2025-06-10 14:05:02
C00001,742.46,virement,IT,2025-06-09 14:05:02
C00002,170.52,achat,ES,2025-06-03 14:05:02
C00001,1968.1,versement,ES,2025-06-06 14:05:02
C00002,1538.77,paiement,IT,2025-06-04 14:05:02
C00001,554.78,paiement,DE,2025-06-01 14:05:02
C00001,351.81,retrait,ES,2025-05-27 14:05:02
C00002,567.86,versement,ES,2025-06-06 14:05:02
C00002,72.33,versement,ES,2025-05-28 14:05:02
C00193,1782.89,virement,IT,2025-06-12 14:05:02
C00002,455.22,paiement,DE,2025-05-27 14:05:02
C00002,641.4,achat,DE,2025-05-21 14:05:02
C00002,1157.94,achat,IT,2025-06-07 14:05:02
C00732,1851.46,virement,FR,2025-05-27 14:05:02
C00001,697.79,retrait,ES,2025-06-11 14:05:02
C00001,927.4,achat,FR,2025-06-01 14:05:02
C00001,868.35,achat,DE,2025-06-11 14:05:02
C00959,794.14,virement,FR,2025-05-30 14:05:02
C00001,1823.19,virement,IT,2025-05-21 14:05:02
C00001,676.21,paiement,FR,2025-05-23 14:05:02
C00002,1075.41,retrait,DE,2025-05-18 14:05:02
C00001,998.63,virement,DE,2025-05-30 14:05:02
C00001,806.9,achat,ES,2025-06-07 14:05:02
C00002,911.53,virement,FR,2025-06-05 14:05:02
C00001,1320.95,virement,DE,2025-06-12 14:05:02
C00002,1254.97,versement,IT,2025-06-09 14:05:02
C00002,199.6,virement,ES,2025-06-04 14:05:02
C00002,510.16,retrait,ES,2025-06-13 14:05:02
C00001,1434.78,versement,IT,2025-06-08 14:05:02
C00002,1614.58,retrait,IT,2025-05-20 14:05:02
C00235,801.48,virement,IT,2025-06-02 14:05:02
C00518,166.54,versement,ES,2025-05-31 14:05:02
C00610,948.22,achat,ES,2025-05-24 14:05:02
C00001,1413.67,versement,DE,2025-05-19 14:05:02
C00001,1306.87,virement,ES,2025-05-23 14:05:02
C00001,1936.67,paiement,FR,2025-05-18 14:05:02
C00492,747.35,virement,ES,2025-05-27 14:05:02
C00002,1752.69,achat,DE,2025-05-23 14:05:02
C00002,1564.24,virement,IT,2025-06-02 14:05:02
C00001,485.35,achat,ES,2025-05-31 14:05:02
C00001,1907.12,versement,DE,2025-05-27 14:05:02
C00001,1786.18,virement,DE,2025-06-01 14:05:02
C00001,1430.25,versement,ES,2025-06-17 14:05:02
C00002,226.08,versement,ES,2025-05-27 14:05:02
C00002,451.61,versement,FR,2025-05-26 14:05:02
C00629,1042.1,virement,ES,2025-06-17 14:05:02
C00002,457.37,achat,DE,2025-06-11 14:05:02
C00001,337.1,versement,ES,2025-05-25 14:05:02
C00001,1092.26,achat,DE,2025-05-28 14:05:02
C00002,82.41,achat,FR,2025-06-07 14:05:02
C00206,1663.9,retrait,ES,2025-06-04 14:05:02
C00002,1364.35,retrait,ES,2025-06-06 14:05:02
C00001,1373.84,paiement,FR,2025-05-18 14:05:02
C00002,503.2,paiement,IT,2025-06-13 14:05:02
C00001,1951.29,paiement,IT,2025-06-15 14:05:02
C00002,1700.17,paiement,DE,2025-06-07 14:05:02
C00001,1334.37,paiement,IT,2025-06-10 14:05:02
C00512,106.46,retrait,ES,2025-06-17 14:05:02
C00002,397.67,achat,FR,2025-06-04 14:05:02
C00002,1848.59,virement,FR,2025-06-14 14:05:02
C00001,653.95,retrait,DE,2025-06-14 14:05:02
C00001,822.23,paiement,IT,2025-06-10 14:05:02
C00002,774.69,achat,ES,2025-06-03 14:05:02
C00938,288.86,versement,FR,2025-06-09 14:05:02
C00001,1271.76,paiement,FR,2025-06-07 14:05:02
C00002,292.68,paiement,DE,2025-05-22 14:05:02
C00001,1227.77,achat,ES,2025-06-13 14:05:02
C00345,1415.01,versement,DE,2025-06-17 14:05:02
C00001,1495.53,retrait,FR,2025-05-18 14:05:02
C00668,1150.25,achat,IT,2025-05-27 14:05:02
C00001,1850.53,virement,ES,2025-05-19 14:05:02
C00192,1888.93,achat,DE,2025-05-30 14:05:02
C00002,1632.42,virement,IT,2025-06-06 14:05:02
C00001,1758.22,paiement,FR,2025-06-01 14:05:02
C00001,1739.62,virement,DE,2025-05-31 14:05:02
C00001,1792.73,paiement,ES,2025-06-09 14:05:02
C00002,1379.1,versement,FR,2025-06-13 14:05:02
C00001,527.11,achat,IT,2025-06-01 14:05:02
C00001,41.73,virement,IT,2025-06-05 14:05:02
C00001,74.2,retrait,FR,2025-05-25 14:05:02
C00002,1593.78,retrait,FR,2025-05-24 14:05:02
C00002,1404.2,achat,ES,2025-06-04 14:05:02
C00193,869.17,paiement,DE,2025-06-01 14:05:02
C00001,728.82,paiement,DE,2025-06-13 14:05:02
C00001,1373.6,paiement,ES,2025-05-18 14:05:02
C00002,1308.52,paiement,DE,2025-05-24 14:05:02
C00310,453.03,virement,ES,2025-06-02 14:05:02
C00001,1620.18,virement,FR,2025-05-26 14:05:02
C00835,1873.29,virement,ES,2025-05-25 14:05:02
C00001,1723.71,retrait,FR,2025-05-26 14:05:02
C00002,1385.85,achat,DE,2025-06-17 14:05:02
C00314,823.82,retrait,FR,2025-06-06 14:05:02
C00001,14.53,virement,ES,2025-05-26 14:05:02
C00001,166.97,retrait,IT,2025-06-14 14:05:02
C00002,1876.49,retrait,DE,2025-06-04 14:05:02
C00001,496.36,retrait,DE,2025-06-17 14:05:02
C00002,685.72,paiement,DE,2025-06-07 14:05:02
C00002,148.49,achat,FR,2025-06-11 14:05:02
C00975,1557.3,versement,IT,2025-05-30 14:05:02
C00001,1818.94,achat,ES,2025-06-16 14:05:02
C00001,1149.01,achat,ES,2025-06-07 14:05:02
C00002,1721.77,paiement,IT,2025-05-18 14:05:02
C00001,1702.16,retrait,FR,2025-06-02 14:05:02
C00001,454.78,retrait,FR,2025-06-02 14:05:02
C00001,90.84,paiement,IT,2025-06-13 14:05:02
C00002,1654.93,achat,FR,2025-06-10 14:05:02
C00626,1633.85,paiement,IT,2025-05-26 14:05:02
C00393,1888.27,virement,IT,2025-05-26 14:05:02
C00814,915.41,retrait,ES,2025-06-16 14:05:02
C00001,423.32,achat,IT,2025-05-29 14:05:02
C00001,1191.58,paiement,DE,2025-05-22 14:05:02
C00002,856.87,retrait,ES,2025-05-21 14:05:02
C00002,385.08,paiement,ES,2025-06-16 14:05:02
C00986,1028.46,retrait,IT,2025-06-01 14:05:02
C00274,948.0,retrait,ES,2025-05-29 14:05:02
C00481,1896.5,versement,FR,2025-06-04 14:05:02
C00002,66.91,virement,IT,2025-05-30 14:05:02
C00002,267.26,versement,FR,2025-05-28 14:05:02
C00001,913.68,achat,ES,2025-05-19 14:05:02
C00001,55.34,paiement,IT,2025-06-11 14:05:02
C00884,393.8,achat,DE,2025-05-20 14:05:02
C00001,1497.76,retrait,FR,2025-06-16 14:05:02
C00001,1929.59,virement,DE,2025-06-10 14:05:02
C00767,337.84,achat,IT,2025-06-03 14:05:02
C00002,941.81,versement,IT,2025-05-19 14:05:02
C00001,1554.37,versement,ES,2025-05-30 14:05:02
C00001,686.28,retrait,IT,2025-06-11 14:05:02
C00002,80.59,virement,DE,2025-05-25 14:05:02
C00002,1030.19,virement,ES,2025-06-14 14:05:02
C00001,1937.14,paiement,DE,2025-05-22 14:05:02
C00002,83.43,paiement,ES,2025-05-18 14:05:02
C00002,730.03,paiement,ES,2025-05-19 14:05:02
C00001,1893.83,achat,ES,2025-06-01 14:05:02
C00001,1399.63,versement,DE,2025-06-12 14:05:02
C00002,106.73,paiement,IT,2025-06-07 14:05:02
C00001,879.23,virement,ES,2025-05-22 14:05:02
C00002,511.01,achat,IT,2025-06-03 14:05:02
C00001,243.06,retrait,DE,2025-05-31 14:05:02
C00002,1664.64,versement,ES,2025-06-17 14:05:02
C00001,813.44,achat,DE,2025-06-04 14:05:02
C00002,1480.94,virement,ES,2025-06-03 14:05:02
C00001,1923.38,retrait,ES,2025-06-08 14:05:02
C00653,559.26,paiement,IT,2025-05-29 14:05:02
C00001,211.93,retrait,ES,2025-05-21 14:05:02
C00882,1702.63,virement,DE,2025-05-18 14:05:02
C00002,144.4,versement,DE,2025-05-23 14:05:02
C00001,1175.12,paiement,IT,2025-06-09 14:05:02
C00001,1213.84,retrait,DE,2025-06-07 14:05:02
C00002,1476.33,achat,IT,2025-06-10 14:05:02
C00001,128.03,versement,DE,2025-05-31 14:05:02
C00001,400.17,retrait,ES,2025-06-02 14:05:02
C00002,319.56,virement,DE,2025-05-22 14:05:02
C00001,1507.84,virement,DE,2025-05-30 14:05:02
C00756,943.4,retrait,ES,2025-06-08 14:05:02
C00001,86.54,virement,ES,2025-06-06 14:05:02
C00001,503.38,virement,ES,2025-06-04 14:05:02
C00001,1306.03,virement,IT,2025-06-11 14:05:02
C00001,621.66,retrait,IT,2025-05-21 14:05:02
C00002,1278.13,retrait,FR,2025-05-28 14:05:02
C00002,1250.71,virement,ES,2025-06-12 14:05:02
C00001,1081.31,retrait,DE,2025-06-06 14:05:02
C00457,119.03,achat,DE,2025-06-02 14:05:02
C00002,1707.26,virement,ES,2025-06-03 14:05:02
C00776,134.14,achat,ES,2025-05-24 14:05:02
C00002,300.47,virement,FR,2025-05-20 14:05:02
C00001,523.77,retrait,FR,2025-05-23 14:05:02
C00258,325.25,achat,DE,2025-05-21 14:05:02
C00001,436.74,versement,FR,2025-05-24 14:05:02
C00001,884.59,paiement,ES,2025-05-28 14:05:02
C00002,1000.28,retrait,DE,2025-06-05 14:05:02
C00001,508.56,virement,ES,2025-05-24 14:05:02
C00001,960.48,virement,DE,2025-05-18 14:05:02
C00002,240.93,virement,IT,2025-06-17 14:05:02
C00001,1410.73,versement,DE,2025-06-14 14:05:02
C00001,1259.74,retrait,FR,2025-06-05 14:05:02
C00001,722.68,virement,FR,2025-05-20 14:05:02
C00001,508.67,paiement,ES,2025-06-09 14:05:02
C00001,993.97,retrait,ES,2025-06-15 14:05:02
C00001,1191.75,virement,IT,2025-05-29 14:05:02
C00001,1879.21,versement,ES,2025-06-12 14:05:02
C00001,640.93,virement,ES,2025-05-31 14:05:02
C00765,1833.65,paiement,FR,2025-06-12 14:05:02
C00002,946.22,virement,IT,2025-05-29 14:05:02
C00624,863.34,paiement,FR,2025-06-09 14:05:02
C00002,1277.19,virement,IT,2025-06-09 14:05:02
C00001,1628.27,paiement,DE,2025-05-22 14:05:02
C00002,507.9,versement,IT,2025-05-31 14:05:02
C00002,141.39,virement,IT,2025-06-09 14:05:02
C00001,1129.02,versement,FR,2025-06-05 14:05:02
C00001,298.4,virement,IT,2025-06-01 14:05:02
C00001,641.87,retrait,DE,2025-06-11 14:05:02
C00001,711.79,virement,DE,2025-06-06 14:05:02
C00001,188.3,paiement,IT,2025-06-09 14:05:02
C00001,172.79,retrait,ES,2025-06-03 14:05:02
C00001,1231.17,virement,FR,2025-06-16 14:05:02
C00002,1936.67,retrait,DE,2025-06-02 14:05:02
C00001,1113.41,virement,DE,2025-06-17 14:05:02
C00063,948.04,versement,ES,2025-06-01 14:05:02
C00001,1461.46,paiement,ES,2025-06-01 14:05:02
C00001,1610.43,retrait,IT,2025-05-22 14:05:02
C00001,1299.18,versement,DE,2025-05-22 14:05:02
C00327,906.06,achat,FR,2025-06-09 14:05:02
C00002,11.42,virement,ES,2025-05-22 14:05:02
C00001,1432.45,achat,DE,2025-06-06 14:05:02
C00001,1806.48,paiement,IT,2025-06-16 14:05:02
C00001,346.51,paiement,FR,2025-06-04 14:05:02
C00002,319.42,retrait,DE,2025-05-19 14:05:02
C00001,715.23,achat,ES,2025-05-19 14:05:02
C00002,1548.31,versement,FR,2025-06-17 14:05:02
C00001,347.47,paiement,IT,2025-06-14 14:05:02
C00002,781.59,achat,FR,2025-05-24 14:05:02
C00001,1532.74,paiement,ES,2025-06-14 14:05:02
C00002,929.94,versement,IT,2025-05-18 14:05:02
C00001,471.26,paiement,DE,2025-05-28 14:05:02
C00572,1791.38,virement,DE,2025-06-06 14:05:02
C00002,736.89,versement,FR,2025-06-15 14:05:02
C00001,23.16,virement,ES,2025-05-22 14:05:02
C00002,412.4,achat,IT,2025-06-02 14:05:02
C00222,158.21,retrait,DE,2025-06-14 14:05:02
C00001,925.92,paiement,ES,2025-05-19 14:05:02
C00001,764.32,virement,FR,2025-06-09 14:05:02
C00002,1809.16,retrait,IT,2025-06-08 14:05:02
C00002,1611.45,retrait,DE,2025-06-16 14:05:02
C00002,80.27,versement,DE,2025-06-16 14:05:02
C00306,979.81,versement,DE,2025-06-05 14:05:02
C00002,1818.39,versement,IT,2025-05-31 14:05:02
C00002,561.66,versement,DE,2025-06-08 14:05:02
C00002,811.24,paiement,ES,2025-05-26 14:05:02
C00240,1276.02,versement,DE,2025-06-02 14:05:02
C00564,586.65,paiement,ES,2025-05-29 14:05:02
C00001,1270.7,versement,DE,2025-05-23 14:05:02
C00001,226.47,virement,FR,2025-06-03 14:05:02
C00001,1704.73,virement,IT,2025-05-31 14:05:02
C00002,1702.34,retrait,ES,2025-06-14 14:05:02
C00002,683.12,paiement,FR,2025-06-03 14:05:02
C00002,1610.05,achat,IT,2025-05-20 14:05:02
C00001,814.09,achat,DE,2025-05-29 14:05:02
C00001,1378.05,achat,DE,2025-05-29 14:05:02
C00188,393.2,paiement,FR,2025-05-24 14:05:02
C00001,1303.59,achat,FR,2025-05-19 14:05:02
C00002,1231.83,versement,FR,2025-06-03 14:05:02
C00001,555.55,retrait,DE,2025-06-15 14:05:02
C00615,1838.92,retrait,ES,2025-06-05 14:05:02
C00001,1973.43,retrait,ES,2025-06-07 14:05:02
C00002,747.25,retrait,FR,2025-06-14 14:05:02
C00935,28.79,achat,ES,2025-06-12 14:05:02
C00001,1056.31,retrait,FR,2025-05-20 14:05:02
C00002,804.8,retrait,IT,2025-05-23 14:05:02
C00002,1908.56,virement,DE,2025-05-30 14:05:02
C00001,1163.21,versement,IT,2025-05-26 14:05:02
C00001,101.9,achat,FR,2025-05-19 14:05:02
C00001,639.31,versement,ES,2025-06-12 14:05:02
C00664,862.52,paiement,DE,2025-05-20 14:05:02
C00002,465.99,achat,IT,2025-05-18 14:05:02
C00002,617.89,paiement,IT,2025-06-13 14:05:02
C00002,626.59,paiement,FR,2025-06-17 14:05:02
C00001,781.98,virement,ES,2025-06-04 14:05:02
C00983,146.99,paiement,ES,2025-05-27 14:05:02
C00002,307.13,paiement,FR,2025-06-06 14:05:02
C00001,466.19,paiement,ES,2025-05-28 14:05:02
C00002,202.61,virement,FR,2025-06-11 14:05:02
C00462,1780.8,paiement,FR,2025-05-20 14:05:02
C00760,548.62,retrait,FR,2025-05-26 14:05:02
C00002,401.05,retrait,FR,2025-06-08 14:05:02
C00002,192.31,versement,ES,2025-06-07 14:05:02
C00001,382.64,virement,ES,2025-06-17 14:05:02
C00252,786.32,retrait,ES,2025-05-21 14:05:02
C00001,1450.3,paiement,IT,2025-06-09 14:05:02
C00002,1197.8,virement,IT,2025-06-12 14:05:02
C00002,255.01,virement,FR,2025-05-30 14:05:02
C00001,1820.01,achat,DE,2025-06-02 14:05:02
C00002,1072.06,paiement,ES,2025-06-17 14:05:02
C00001,1134.71,paiement,DE,2025-05-22 14:05:02
C00002,192.43,paiement,DE,2025-05-26 14:05:02
C00002,567.89,virement,FR,2025-06-03 14:05:02
C00001,1655.3,retrait,FR,2025-05-27 14:05:02
C00001,1447.02,retrait,FR,2025-05-22 14:05:02
C00001,1581.43,retrait,IT,2025-06-07 14:05:02
C00001,489.26,virement,FR,2025-06-12 14:05:02
C00001,1839.52,versement,DE,2025-06-10 14:05:02
C00001,1829.4,versement,IT,2025-06-08 14:05:02
C00001,1624.92,versement,ES,2025-06-16 14:05:02
C00001,1432.97,virement,IT,2025-06-15 14:05:02
C00002,1772.84,retrait,ES,2025-05-29 14:05:02
C00002,435.69,achat,DE,2025-05-29 14:05:02
C00002,384.08,versement,FR,2025-05-25 14:05:02
C00002,1226.97,paiement,ES,2025-05-28 14:05:02
C00129,1368.24,achat,FR,2025-05-30 14:05:02
C00002,577.07,retrait,FR,2025-06-02 14:05:02
C00002,894.73,paiement,ES,2025-05-21 14:05:02
C00001,51.76,virement,ES,2025-06-06 14:05:02
C00002,1720.46,virement,DE,2025-06-13 14:05:02
C00001,383.86,versement,ES,2025-06-10 14:05:02
C00002,708.68,virement,DE,2025-06-05 14:05:02
C00214,1306.13,retrait,DE,2025-06-01 14:05:02
C00001,1098.22,achat,IT,2025-06-05 14:05:02
C00002,1521.16,achat,ES,2025-06-06 14:05:02
C00001,258.63,achat,IT,2025-05-29 14:05:02
C00002,1135.94,versement,IT,2025-06-03 14:05:02
C00253,110.7,paiement,DE,2025-05-20 14:05:02
C00001,626.14,achat,ES,2025-06-04 14:05:02
C00001,1494.19,virement,IT,2025-05-28 14:05:02
C00001,1637.92,paiement,ES,2025-06-04 14:05:02
C00002,939.0,versement,DE,2025-05-25 14:05:02
C00002,761.79,paiement,DE,2025-05-26 14:05:02
C00001,219.04,retrait,DE,2025-06-11 14:05:02
C00001,1930.7,achat,FR,2025-06-12 14:05:02
C00001,728.31,virement,IT,2025-06-03 14:05:02
C00001,1362.08,versement,DE,2025-05-25 14:05:02
C00002,1232.86,retrait,DE,2025-06-12 14:05:02
C00001,1437.99,achat,DE,2025-06-15 14:05:02
C00001,1053.32,versement,IT,2025-06-10 14:05:02
C00001,784.58,versement,ES,2025-06-10 14:05:02
C00856,1306.25,virement,FR,2025-06-17 14:05:02
C00002,88.88,virement,FR,2025-05-28 14:05:02
C00002,1579.08,virement,ES,2025-06-04 14:05:02
C00001,85.05,paiement,ES,2025-05-31 14:05:02
C00001,434.17,paiement,FR,2025-06-16 14:05:02
C00931,721.79,paiement,FR,2025-05-27 14:05:02
C00002,1350.47,versement,FR,2025-05-20 14:05:02
C00338,1170.9,virement,IT,2025-05-31 14:05:02
C00002,1221.63,paiement,ES,2025-05-25 14:05:02
C00002,1298.83,versement,DE,2025-05-20 14:05:02
C00001,388.5,virement,IT,2025-05-30 14:05:02
C00002,950.46,versement,FR,2025-05-29 14:05:02
C00175,204.47,paiement,ES,2025-06-11 14:05:02
C00001,882.92,paiement,DE,2025-06-15 14:05:02
C00002,1360.14,retrait,DE,2025-05-18 14:05:02
C00002,1267.31,achat,FR,2025-05-31 14:05:02
C00715,1629.82,achat,DE,2025-05-22 14:05:02
C00001,1512.56,retrait,FR,2025-05-27 14:05:02
C00002,388.42,achat,DE,2025-06-09 14:05:02
C00002,1255.3,retrait,DE,2025-05-21 14:05:02
C00578,1505.97,retrait,ES,2025-06-09 14:05:02
C00002,602.31,retrait,ES,2025-06-12 14:05:02
C00001,199.98,retrait,DE,2025-06-15 14:05:02
C00001,471.8,paiement,DE,2025-05-26 14:05:02
C00001,140.32,versement,FR,2025-05-18 14:05:02
C00001,1099.01,versement,DE,2025-06-11 14:05:02
C00002,1386.62,versement,DE,2025-05-29 14:05:02
C00002,181.74,versement,FR,2025-05-25 14:05:02
C00002,638.69,paiement,FR,2025-05-27 14:05:02
C00001,1856.81,achat,FR,2025-06-06 14:05:02
C00001,1432.67,versement,FR,2025-06-13 14:05:02
C00002,1826.2,retrait,IT,2025-05-22 14:05:02
C00002,1329.73,achat,FR,2025-05-22 14:05:02
C00001,427.79,retrait,FR,2025-06-16 14:05:02
C00001,1411.17,paiement,DE,2025-06-15 14:05:02
C00001,1613.57,paiement,ES,2025-06-17 14:05:02
C00002,1465.49,retrait,IT,2025-05-26 14:05:02
C00913,522.4,achat,IT,2025-05-23 14:05:02
C00002,1908.06,retrait,ES,2025-06-12 14:05:02
C00001,1885.93,virement,DE,2025-05-22 14:05:02
C00001,943.69,achat,IT,2025-05-22 14:05:02
C00002,217.89,retrait,DE,2025-05-27 14:05:02
C00001,1698.3,versement,DE,2025-06-17 14:05:02
C00001,1439.56,retrait,FR,2025-05-24 14:05:02
C00001,1428.43,virement,ES,2025-06-10 14:05:02
C00001,213.91,virement,DE,2025-05-22 14:05:02
C00001,695.47,achat,FR,2025-06-09 14:05:02
C00158,1138.31,achat,DE,2025-05-24 14:05:02
C00002,976.36,retrait,ES,2025-06-04 14:05:02
C00001,1517.51,paiement,ES,2025-05-22 14:05:02
C00020,1543.39,retrait,IT,2025-06-08 14:05:02
C00001,208.12,paiement,DE,2025-06-04 14:05:02
C00816,1961.11,virement,ES,2025-05-25 14:05:02
C00001,1678.99,retrait,ES,2025-06-02 14:05:02
C00001,1046.3,achat,FR,2025-05-21 14:05:02
C00001,822.38,achat,IT,2025-06-11 14:05:02
C00002,150.93,paiement,DE,2025-06-17 14:05:02
C00001,596.74,paiement,FR,2025-06-12 14:05:02
C00001,1218.98,versement,DE,2025-06-01 14:05:02
C00001,1663.31,versement,IT,2025-05-25 14:05:02
C00001,1908.47,virement,ES,2025-05-29 14:05:02
C00170,53.11,achat,FR,2025-06-11 14:05:02
C00038,814.2,retrait,DE,2025-06-10 14:05:02
C00217,357.88,versement,FR,2025-06-10 14:05:02
C00002,1227.47,virement,FR,2025-06-13 14:05:02
C00001,1972.15,paiement,IT,2025-06-05 14:05:02
C00067,1000.01,achat,ES,2025-06-10 14:05:02
C00002,926.3,retrait,IT,2025-06-10 14:05:02
C00703,1630.5,versement,DE,2025-06-10 14:05:02
C00001,1710.82,achat,ES,2025-06-06 14:05:02
C00573,428.68,retrait,ES,2025-05-18 14:05:02
C00001,716.03,retrait,IT,2025-06-16 14:05:02
C00001,751.07,paiement,ES,2025-05-23 14:05:02
C00526,841.84,achat,DE,2025-06-13 14:05:02
C00001,608.61,virement,IT,2025-06-01 14:05:02
C00001,362.38,versement,FR,2025-05-26 14:05:02
C00002,636.07,retrait,IT,2025-06-03 14:05:02
C00001,1100.8,versement,IT,2025-06-02 14:05:02
C00002,1412.49,paiement,IT,2025-06-04 14:05:02
C00001,538.23,virement,IT,2025-05-24 14:05:02
C00002,682.74,achat,DE,2025-06-17 14:05:02
C00002,1666.51,achat,FR,2025-05-20 14:05:02
C00002,1772.05,paiement,FR,2025-06-08 14:05:02
C00599,776.49,achat,ES,2025-05-19 14:05:02
C00858,1616.4,achat,IT,2025-05-27 14:05:02
C00605,1264.01,versement,FR,2025-06-13 14:05:02
C00001,561.87,achat,ES,2025-06-12 14:05:02
C00001,766.86,versement,DE,2025-06-13 14:05:02
C00002,848.92,paiement,IT,2025-06-14 14:05:02
C00002,275.71,versement,IT,2025-05-30 14:05:02
C00002,792.34,achat,IT,2025-05-22 14:05:02
C00001,139.32,achat,IT,2025-06-11 14:05:02
C00001,921.93,paiement,DE,2025-06-02 14:05:02
C00012,1868.55,paiement,FR,2025-05-25 14:05:02
C00001,1563.9,versement,DE,2025-06-16 14:05:02
C00001,473.31,paiement,DE,2025-05-21 14:05:02
C00001,375.04,retrait,FR,2025-05-23 14:05:02
C00001,1090.46,retrait,IT,2025-06-15 14:05:02
C00002,1537.22,paiement,FR,2025-06-06 14:05:02
C00001,180.76,versement,ES,2025-06-14 14:05:02
C00532,1252.4,achat,IT,2025-06-13 14:05:02
C00001,1102.18,virement,FR,2025-05-28 14:05:02
C00002,1318.26,paiement,ES,2025-05-29 14:05:02
C00002,1873.96,paiement,FR,2025-05-26 14:05:02
C00391,1028.64,versement,FR,2025-06-10 14:05:02
C00971,201.29,virement,ES,2025-06-06 14:05:02
C00001,811.64,retrait,DE,2025-05-19 14:05:02
C00002,1572.85,achat,FR,2025-06-05 14:05:02
C00001,70.76,versement,FR,2025-05-18 14:05:02
C00001,33.89,retrait,IT,2025-06-09 14:05:02
C00001,1725.0,retrait,DE,2025-05-30 14:05:02
C00001,340.09,achat,FR,2025-05-24 14:05:02
C00001,1407.32,retrait,ES,2025-05-25 14:05:02
C00001,1067.38,achat,FR,2025-05-29 14:05:02
C00002,696.89,retrait,ES,2025-06-01 14:05:02
C00002,1503.85,virement,IT,2025-05-26 14:05:02
C00001,924.3,retrait,ES,2025-06-03 14:05:02
C00001,63.4,virement,ES,2025-06-09 14:05:02
C00001,1325.15,virement,DE,2025-06-01 14:05:02
C00641,131.53,achat,IT,2025-05-30 14:05:02
C00001,589.77,retrait,DE,2025-05-26 14:05:02
C00001,707.43,paiement,DE,2025-06-13 14:05:02
C00001,1292.15,retrait,ES,2025-06-10 14:05:02
C00001,1505.92,versement,DE,2025-05-27 14:05:02
C00001,1570.57,retrait,IT,2025-06-06 14:05:02
C00001,817.95,achat,IT,2025-06-11 14:05:02
C00001,378.75,paiement,FR,2025-06-07 14:05:02
C00593,1920.66,retrait,ES,2025-06-11 14:05:02
C00001,188.54,paiement,DE,2025-06-14 14:05:02
C00001,1220.06,retrait,FR,2025-05-27 14:05:02
C00001,973.01,paiement,FR,2025-05-22 14:05:02
C00002,268.48,achat,FR,2025-05-26 14:05:02
C00001,75.35,achat,FR,2025-05-25 14:05:02
C00001,1466.22,paiement,ES,2025-05-20 14:05:02
C00002,1783.86,achat,FR,2025-06-16 14:05:02
C00002,1962.85,retrait,DE,2025-05-24 14:05:02
C00002,1324.77,versement,FR,2025-05-24 14:05:02
C00655,1244.25,retrait,DE,2025-05-22 14:05:02
C00287,728.43,retrait,DE,2025-06-05 14:05:02
C00002,1460.28,paiement,DE,2025-05-21 14:05:02
C00001,909.4,paiement,FR,2025-05-26 14:05:02
C00002,1059.33,retrait,ES,2025-06-01 14:05:02
C00205,1469.58,achat,FR,2025-05-23 14:05:02
C00143,1932.09,paiement,IT,2025-06-14 14:05:02
C00747,669.97,retrait,DE,2025-05-20 14:05:02
C00002,786.06,achat,DE,2025-05-23 14:05:02
C00002,366.72,versement,ES,2025-05-24 14:05:02
C00001,1557.46,versement,IT,2025-06-09 14:05:02
C00001,1061.71,paiement,ES,2025-05-28 14:05:02
C00001,976.41,paiement,IT,2025-06-04 14:05:02
C00002,1054.65,virement,DE,2025-05-29 14:05:02
C00002,718.97,versement,IT,2025-06-02 14:05:02
C00001,1474.67,achat,FR,2025-05-18 14:05:02
C00789,886.29,versement,DE,2025-06-02 14:05:02
C00001,860.69,versement,ES,2025-05-30 14:05:02
C00001,1594.17,retrait,DE,2025-05-25 14:05:02
C00224,1807.9,versement,DE,2025-06-07 14:05:02
C00419,1303.64,paiement,DE,2025-06-17 14:05:02
C00001,1464.01,achat,DE,2025-06-02 14:05:02
C00002,216.79,versement,IT,2025-05-21 14:05:02
C00572,1498.82,paiement,DE,2025-06-05 14:05:02
C00001,439.56,versement,DE,2025-06-05 14:05:02
C00001,35.68,retrait,IT,2025-06-14 14:05:02
C00002,1325.43,versement,ES,2025-06-02 14:05:02
C00002,1410.33,retrait,ES,2025-05-19 14:05:02
C00001,888.22,achat,DE,2025-05-28 14:05:02
C00002,1065.81,paiement,DE,2025-06-01 14:05:02
C00001,71.59,paiement,FR,2025-05-31 14:05:02
C00001,172.07,retrait,DE,2025-05-25 14:05:02
C00002,656.1,virement,IT,2025-05-22 14:05:02
C00001,444.36,retrait,FR,2025-05-20 14:05:02
C00001,1940.47,paiement,DE,2025-06-10 14:05:02
C00321,1636.88,retrait,ES,2025-06-16 14:05:02
C00001,1789.88,retrait,DE,2025-06-01 14:05:02
C00378,1127.06,paiement,FR,2025-05-20 14:05:02
C00001,295.16,retrait,ES,2025-06-12 14:05:02
C00001,79.78,achat,FR,2025-06-10 14:05:02
C00002,1141.55,paiement,FR,2025-05-21 14:05:02
C00001,1360.96,virement,ES,2025-06-04 14:05:02
C00001,184.52,paiement,DE,2025-05-27 14:05:02
C00002,1288.82,versement,DE,2025-06-02 14:05:02
C00219,1345.76,versement,DE,2025-05-28 14:05:02
C00212,1627.72,paiement,ES,2025-05-23 14:05:02
C00001,504.87,retrait,ES,2025-06-01 14:05:02
C00437,402.05,achat,IT,2025-06-14 14:05:02
C00002,1122.09,versement,FR,2025-06-17 14:05:02
C00001,1388.83,achat,DE,2025-06-10 14:05:02
C00001,203.49,achat,DE,2025-06-11 14:05:02
C00297,1571.74,paiement,ES,2025-06-07 14:05:02
C00001,1274.82,retrait,ES,2025-05-20 14:05:02
C00023,1593.45,achat,DE,2025-06-14 14:05:02
C00001,895.03,achat,FR,2025-06-11 14:05:02
C00001,1176.05,retrait,ES,2025-05-21 14:05:02
C00001,378.04,virement,DE,2025-06-13 14:05:02
C00002,617.47,virement,IT,2025-05-19 14:05:02
C00001,1962.79,versement,FR,2025-06-17 14:05:02
C00001,793.11,retrait,FR,2025-05-28 14:05:02
C00648,477.73,retrait,IT,2025-05-18 14:05:02
C00002,223.51,retrait,IT,2025-05-23 14:05:02
C00001,1139.22,versement,FR,2025-06-09 14:05:02
C00002,1581.63,versement,IT,2025-06-04 14:05:02
C00608,142.72,achat,FR,2025-05-30 14:05:02
C00017,1354.98,retrait,DE,2025-06-10 14:05:02
C00002,1308.72,virement,FR,2025-06-09 14:05:02
C00001,1469.12,virement,IT,2025-06-16 14:05:02
C00001,1449.08,virement,DE,2025-05-28 14:05:02
C00001,670.01,retrait,ES,2025-05-23 14:05:02
C00985,876.22,versement,IT,2025-06-06 14:05:02
C00002,1400.48,achat,DE,2025-06-09 14:05:02
C00002,1640.59,achat,ES,2025-06-04 14:05:02
C00001,1040.01,virement,ES,2025-06-15 14:05:02
C00001,1957.75,retrait,IT,2025-05-28 14:05:02
C00002,724.12,virement,DE,2025-05-24 14:05:02
C00002,1132.16,virement,FR,2025-05-25 14:05:02
C00001,615.43,retrait,DE,2025-05-26 14:05:02
C00002,1576.85,retrait,IT,2025-06-08 14:05:02
C00002,264.97,virement,DE,2025-06-02 14:05:02
C00001,879.66,retrait,FR,2025-05-18 14:05:02
C00001,1930.36,virement,DE,2025-05-23 14:05:02
C00001,680.12,retrait,IT,2025-06-07 14:05:02
C00001,11.4,versement,IT,2025-05-27 14:05:02
C00001,1203.78,virement,ES,2025-05-24 14:05:02
C00001,1864.96,retrait,FR,2025-06-09 14:05:02
C00001,632.25,retrait,IT,2025-05-18 14:05:02
C00001,535.55,virement,FR,2025-06-14 14:05:02
C00001,657.34,versement,IT,2025-05-28 14:05:02
C00002,827.68,versement,IT,2025-06-05 14:05:02
C00001,1843.18,achat,IT,2025-05-30 14:05:02
C00002,1842.24,virement,FR,2025-06-14 14:05:02
C00294,76.79,virement,FR,2025-05-28 14:05:02
C00002,1071.18,virement,DE,2025-06-17 14:05:02
C00001,1749.48,virement,ES,2025-06-02 14:05:02
C00002,928.78,paiement,DE,2025-05-29 14:05:02
C00247,347.53,achat,IT,2025-06-03 14:05:02
C00001,919.54,retrait,DE,2025-05-26 14:05:02
C00001,1776.48,retrait,DE,2025-05-30 14:05:02
C00779,1729.04,versement,IT,2025-06-15 14:05:02
C00001,285.74,virement,FR,2025-06-10 14:05:02
C00249,1121.07,virement,IT,2025-05-28 14:05:02
C00001,1360.84,achat,IT,2025-06-12 14:05:02
C00001,314.45,retrait,IT,2025-05-21 14:05:02
C00001,147.84,retrait,FR,2025-06-08 14:05:02
C00001,590.54,virement,DE,2025-05-18 14:05:02
C00001,447.26,versement,IT,2025-06-09 14:05:02
C00759,1645.5,versement,DE,2025-06-03 14:05:02
C00001,1945.83,achat,ES,2025-05-19 14:05:02
C00001,1003.52,paiement,IT,2025-05-20 14:05:02
C00001,37.2,virement,FR,2025-05-20 14:05:02
C00001,387.3,virement,ES,2025-06-07 14:05:02
C00002,1297.14,retrait,ES,2025-05-21 14:05:02
C00002,1340.26,virement,ES,2025-06-01 14:05:02
C00001,851.71,versement,FR,2025-06-11 14:05:02
C00002,1681.03,retrait,IT,2025-05-29 14:05:02
C00002,126.48,achat,DE,2025-06-14 14:05:02
C00001,1358.48,versement,IT,2025-06-10 14:05:02
C00767,999.49,retrait,FR,2025-06-08 14:05:02
C00001,1612.02,achat,IT,2025-05-27 14:05:02
C00002,531.26,achat,ES,2025-06-16 14:05:02
C00001,1220.95,achat,IT,2025-05-22 14:05:02
C00002,710.3,achat,ES,2025-06-08 14:05:02
C00002,1462.02,versement,IT,2025-05-27 14:05:02
C00001,980.1,paiement,FR,2025-05-18 14:05:02
C00001,1016.62,achat,DE,2025-05-31 14:05:02
C00001,1309.45,achat,DE,2025-05-25 14:05:02
C00002,798.24,virement,DE,2025-06-11 14:05:02
C00001,1592.89,achat,ES,2025-06-09 14:05:02
C00001,1915.28,versement,DE,2025-06-17 14:05:02
C00404,1025.63,retrait,IT,2025-05-30 14:05:02
C00001,1922.29,virement,FR,2025-05-28 14:05:02
C00001,812.2,versement,DE,2025-05-29 14:05:02
C00533,698.75,retrait,DE,2025-05-19 14:05:02
C00400,820.39,virement,DE,2025-06-03 14:05:02
C00604,364.52,achat,FR,2025-06-06 14:05:02
C00001,1708.18,retrait,DE,2025-06-08 14:05:02
C00274,438.83,achat,DE,2025-06-09 14:05:02
C00002,1139.79,achat,ES,2025-05-26 14:05:02
C00002,47.22,versement,DE,2025-05-29 14:05:02
C00002,1755.9,achat,ES,2025-05-23 14:05:02
C00002,1574.71,achat,IT,2025-06-11 14:05:02
C00001,1564.21,achat,DE,2025-05-23 14:05:02
C00001,1531.68,achat,IT,2025-05-22 14:05:02
C00342,1785.12,paiement,IT,2025-06-12 14:05:02
C00002,1864.61,virement,IT,2025-06-10 14:05:02
C00001,1170.89,versement,IT,2025-06-12 14:05:02
C00001,711.8,virement,ES,2025-06-11 14:05:02
C00001,15.62,achat,DE,2025-06-02 14:05:02
C00001,32.62,virement,DE,2025-06-11 14:05:02
C00001,644.57,virement,FR,2025-05-26 14:05:02
C00001,25.78,virement,ES,2025-06-09 14:05:02
C00441,1553.13,achat,IT,2025-05-19 14:05:02
C00148,1142.47,achat,IT,2025-06-01 14:05:02
C00002,1171.8,versement,ES,2025-06-05 14:05:02
C00002,433.87,achat,DE,2025-06-03 14:05:02
C00001,132.09,retrait,FR,2025-05-28 14:05:02
C00001,899.29,virement,IT,2025-05-19 14:05:02
C00001,672.04,virement,FR,2025-06-01 14:05:02
C00002,547.44,retrait,IT,2025-05-25 14:05:02
C00001,909.14,achat,ES,2025-06-03 14:05:02
C00001,1403.48,achat,ES,2025-05-31 14:05:02
C00157,1271.41,virement,DE,2025-05-28 14:05:02
C00002,1150.3,achat,IT,2025-05-19 14:05:02
C00002,1345.73,retrait,IT,2025-06-05 14:05:02
C00673,1369.25,achat,ES,2025-06-12 14:05:02
C00002,1872.62,achat,IT,2025-06-15 14:05:02
C00002,1329.08,achat,ES,2025-06-17 14:05:02
C00111,444.83,paiement,FR,2025-05-24 14:05:02
C00002,1164.49,versement,ES,2025-06-05 14:05:02
C00002,721.22,versement,FR,2025-06-10 14:05:02
C00001,1641.8,achat,DE,2025-06-16 14:05:02
C00002,1518.9,versement,FR,2025-05-19 14:05:02
C00001,1044.86,paiement,DE,2025-06-13 14:05:02
C00791,924.94,versement,DE,2025-06-12 14:05:02
C00001,272.1,achat,DE,2025-06-02 14:05:02
C00001,1434.81,retrait,FR,2025-06-06 14:05:02
C00001,761.99,virement,IT,2025-06-09 14:05:02
C00582,572.01,achat,FR,2025-06-02 14:05:02
C00002,1404.86,retrait,DE,2025-06-07 14:05:02
C00459,1460.69,retrait,IT,2025-06-11 14:05:02
C00002,401.89,paiement,ES,2025-06-08 14:05:02
C00002,840.46,retrait,DE,2025-06-15 14:05:02
C00002,1092.63,virement,IT,2025-06-15 14:05:02
C00001,1947.45,paiement,DE,2025-05-21 14:05:02
C00001,104.98,virement,FR,2025-05-31 14:05:02
C00001,1952.5,achat,FR,2025-05-27 14:05:02
C00527,1929.49,virement,ES,2025-05-19 14:05:02
C00001,1467.12,retrait,DE,2025-05-25 14:05:02
C00001,1707.13,achat,FR,2025-05-25 14:05:02
C00001,1687.71,versement,IT,2025-05-23 14:05:02
C00001,1447.96,versement,FR,2025-06-12 14:05:02
C00001,425.6,paiement,ES,2025-05-28 14:05:02
C00002,1302.86,virement,IT,2025-06-09 14:05:02
C00001,241.38,achat,DE,2025-05-19 14:05:02
C00002,964.21,versement,DE,2025-05-18 14:05:02
C00001,1899.74,virement,IT,2025-05-31 14:05:02
C00002,1167.53,retrait,FR,2025-06-12 14:05:02
C00937,1649.27,paiement,FR,2025-06-13 14:05:02
C00001,858.45,virement,FR,2025-05-26 14:05:02
C00001,1546.4,achat,DE,2025-05-22 14:05:02
C00570,1080.85,achat,ES,2025-05-25 14:05:02
C00001,1298.89,achat,FR,2025-05-24 14:05:02
C00001,133.9,versement,FR,2025-06-03 14:05:02
C00002,727.75,retrait,FR,2025-06-15 14:05:02
C00988,1430.26,versement,FR,2025-06-12 14:05:02
C00001,1916.68,paiement,DE,2025-05-18 14:05:02
C00001,362.68,retrait,ES,2025-06-08 14:05:02
C00147,993.02,virement,DE,2025-05-26 14:05:02
C00001,457.29,achat,DE,2025-05-19 14:05:02
C00002,1020.22,retrait,DE,2025-06-10 14:05:02
C00162,1460.44,retrait,ES,2025-06-01 14:05:02
C00082,20.08,paiement,FR,2025-06-16 14:05:02
C00002,1556.99,versement,FR,2025-05-29 14:05:02
C00002,316.13,achat,IT,2025-06-16 14:05:02
C00002,197.34,versement,ES,2025-05-27 14:05:02
C00608,179.6,retrait,DE,2025-06-08 14:05:02
C00079,133.6,paiement,IT,2025-06-08 14:05:02
C00002,1743.55,versement,DE,2025-06-11 14:05:02
C00001,772.78,retrait,DE,2025-05-21 14:05:02
C00001,1152.16,retrait,ES,2025-06-14 14:05:02
C00001,704.62,versement,DE,2025-06-14 14:05:02
C00001,1972.14,versement,ES,2025-06-06 14:05:02
C00001,1634.96,versement,IT,2025-06-04 14:05:02
C00001,1259.95,retrait,IT,2025-05-28 14:05:02
C00002,1294.34,versement,DE,2025-06-06 14:05:02
C00002,129.18,paiement,FR,2025-05-30 14:05:02
C00002,1425.06,retrait,DE,2025-06-13 14:05:02
C00001,741.69,virement,IT,2025-05-22 14:05:02
C00001,556.01,retrait,ES,2025-06-04 14:05:02
C00002,1111.06,versement,ES,2025-05-20 14:05:02
C00001,1580.14,paiement,DE,2025-05-22 14:05:02
C00001,1990.22,paiement,FR,2025-05-18 14:05:02
C00002,1138.34,achat,FR,2025-05-24 14:05:02
C00001,172.93,paiement,FR,2025-06-11 14:05:02
C00002,680.76,virement,DE,2025-05-29 14:05:02
C00002,378.15,versement,ES,2025-06-06 14:05:02
C00970,1335.99,virement,ES,2025-05-28 14:05:02
C00001,1508.94,virement,DE,2025-05-27 14:05:02
C00002,1587.84,versement,FR,2025-06-06 14:05:02
C00001,1888.07,versement,FR,2025-06-03 14:05:02
C00001,503.79,achat,IT,2025-05-24 14:05:02
C00001,1328.05,virement,ES,2025-06-17 14:05:02
C00002,1792.48,retrait,IT,2025-05-21 14:05:02
C00002,200.36,achat,IT,2025-06-05 14:05:02
C00001,1380.85,achat,FR,2025-05-28 14:05:02
C00002,1298.28,paiement,IT,2025-06-17 14:05:02
C00001,67.43,virement,ES,2025-06-06 14:05:02
C00001,629.59,paiement,FR,2025-06-06 14:05:02
C00001,352.51,paiement,IT,2025-05-27 14:05:02
C00001,1577.32,retrait,DE,2025-06-11 14:05:02
C00001,1820.21,versement,FR,2025-06-01 14:05:02
C00002,1234.93,achat,IT,2025-06-07 14:05:02
C00002,494.81,virement,DE,2025-05-22 14:05:02
C00001,1415.85,virement,IT,2025-06-16 14:05:02
C00001,780.78,achat,DE,2025-06-05 14:05:02
C00001,699.07,retrait,FR,2025-05-28 14:05:02
C00002,161.2,virement,FR,2025-05-24 14:05:02
C00001,250.86,paiement,DE,2025-06-08 14:05:02
C00315,70.28,achat,DE,2025-05-20 14:05:02
C00002,914.09,achat,IT,2025-05-21 14:05:02
C00001,948.08,paiement,FR,2025-06-03 14:05:02
C00002,246.77,retrait,FR,2025-05-20 14:05:02
C00001,789.67,virement,IT,2025-05-30 14:05:02
C00001,844.98,versement,FR,2025-05-29 14:05:02
C00002,1022.51,retrait,DE,2025-05-30 14:05:02
C00001,1345.64,versement,ES,2025-05-23 14:05:02
C00001,1003.55,versement,IT,2025-06-04 14:05:02
C00002,106.04,retrait,DE,2025-05-21 14:05:02
C00001,221.03,versement,ES,2025-06-12 14:05:02
C00001,1051.02,versement,FR,2025-05-20 14:05:02
C00002,896.46,achat,IT,2025-05-26 14:05:02
C00002,1965.96,paiement,IT,2025-05-21 14:05:02
C00002,1313.82,achat,ES,2025-05-22 14:05:02
C00001,225.62,achat,FR,2025-05-29 14:05:02
C00002,671.04,paiement,ES,2025-06-08 14:05:02
C00001,1574.86,paiement,IT,2025-06-10 14:05:02
C00001,37.12,achat,DE,2025-05-27 14:05:02
C00002,183.8,paiement,DE,2025-06-13 14:05:02
C00740,1217.95,paiement,IT,2025-06-11 14:05:02
C00002,367.87,virement,IT,2025-05-25 14:05:02
C00002,574.25,virement,DE,2025-05-24 14:05:02
C00001,1158.07,retrait,IT,2025-05-21 14:05:02
C00002,335.47,achat,FR,2025-05-23 14:05:02
C00002,253.75,retrait,ES,2025-05-28 14:05:02
C00001,469.91,achat,ES,2025-06-09 14:05:02
C00001,1864.25,versement,ES,2025-06-06 14:05:02
C00002,674.14,virement,IT,2025-06-15 14:05:02
C00002,1812.05,achat,FR,2025-05-31 14:05:02
C00002,320.44,retrait,ES,2025-05-30 14:05:02
C00450,1493.62,versement,DE,2025-05-25 14:05:02
C00002,658.38,retrait,ES,2025-06-01 14:05:02
C00763,1186.43,paiement,FR,2025-06-01 14:05:02
C00001,1932.07,paiement,IT,2025-05-19 14:05:02
C00001,621.36,virement,FR,2025-05-25 14:05:02
C00357,1302.5,achat,ES,2025-06-04 14:05:02
C00001,120.2,versement,DE,2025-06-15 14:05:02
C00608,134.53,achat,FR,2025-06-11 14:05:02
C00001,1246.51,retrait,IT,2025-06-03 14:05:02
C00002,1618.9,virement,DE,2025-05-25 14:05:02
C00002,837.41,retrait,DE,2025-06-03 14:05:02
C00002,594.74,achat,DE,2025-05-30 14:05:02
C00001,558.57,achat,DE,2025-05-30 14:05:02
C00002,1836.97,retrait,IT,2025-06-03 14:05:02
C00001,1752.08,retrait,DE,2025-06-06 14:05:02
C00001,664.81,achat,IT,2025-05-28 14:05:02
C00002,277.83,virement,ES,2025-05-31 14:05:02
C00002,1731.05,versement,DE,2025-06-13 14:05:02
C00001,65.22,achat,ES,2025-06-02 14:05:02
C00002,1099.48,retrait,ES,2025-05-27 14:05:02
C00001,647.83,virement,ES,2025-06-10 14:05:02
C00002,1661.25,versement,DE,2025-06-11 14:05:02
C00002,1884.71,retrait,IT,2025-06-12 14:05:02
C00001,111.13,achat,ES,2025-06-03 14:05:02
C00001,783.53,versement,DE,2025-05-27 14:05:02
C00796,550.55,achat,FR,2025-06-04 14:05:02
C00001,170.62,achat,DE,2025-05-22 14:05:02
C00002,447.17,virement,DE,2025-06-01 14:05:02
C00002,269.5,achat,FR,2025-05-29 14:05:02
C00224,1008.92,paiement,FR,2025-05-27 14:05:02
C00001,35.09,retrait,FR,2025-05-30 14:05:02
C00001,145.23,versement,FR,2025-06-13 14:05:02
C00001,1037.02,achat,DE,2025-05-19 14:05:02
C00001,1404.73,achat,ES,2025-05-24 14:05:02
C00001,1752.76,versement,ES,2025-06-14 14:05:02
C00002,1046.74,achat,FR,2025-06-14 14:05:02
C00001,242.72,paiement,IT,2025-06-08 14:05:02
C00001,15.41,virement,FR,2025-06-03 14:05:02
C00001,1030.53,virement,IT,2025-06-11 14:05:02
C00001,24.59,achat,ES,2025-05-25 14:05:02
C00002,1698.69,paiement,FR,2025-06-11 14:05:02
C00002,94.46,retrait,ES,2025-05-27 14:05:02
C00001,712.03,virement,ES,2025-05-20 14:05:02
C00002,600.14,achat,ES,2025-05-30 14:05:02
C00504,1927.14,retrait,DE,2025-06-04 14:05:02
C00002,621.62,versement,ES,2025-05-27 14:05:02
C00001,811.21,achat,IT,2025-05-23 14:05:02
C00001,253.89,versement,ES,2025-06-08 14:05:02
C00002,645.63,virement,FR,2025-06-02 14:05:02
C00001,969.77,virement,FR,2025-05-21 14:05:02
C00111,1572.05,virement,DE,2025-05-27 14:05:02
C00001,1057.47,versement,ES,2025-05-24 14:05:02
C00001,1063.75,achat,ES,2025-06-13 14:05:02
C00001,1618.04,achat,DE,2025-05-28 14:05:02
C00001,762.95,versement,DE,2025-05-21 14:05:02
C00001,130.84,achat,ES,2025-06-10 14:05:02
C00001,536.39,achat,IT,2025-06-12 14:05:02
C00001,148.62,virement,ES,2025-05-20 14:05:02
C00002,1795.69,retrait,DE,2025-05-30 14:05:02
C00002,1844.12,retrait,DE,2025-05-21 14:05:02
C00001,772.11,achat,ES,2025-06-01 14:05:02
C00001,20.59,virement,IT,2025-06-06 14:05:02
C00001,1951.34,versement,FR,2025-06-08 14:05:02
C00001,875.53,paiement,FR,2025-06-08 14:05:02
C00122,22.36,paiement,IT,2025-05-18 14:05:02
C00001,1694.45,versement,FR,2025-05-19 14:05:02
C00001,134.43,virement,ES,2025-05-26 14:05:02
C00002,536.19,paiement,FR,2025-06-12 14:05:02
C00001,883.87,virement,ES,2025-06-02 14:05:02
C00001,1019.54,versement,DE,2025-06-08 14:05:02
C00002,154.02,virement,DE,2025-06-03 14:05:02
C00001,1867.34,achat,FR,2025-06-05 14:05:02
C00982,1928.69,retrait,IT,2025-05-18 14:05:02
C00002,1525.3,versement,DE,2025-06-11 14:05:02
C00001,1959.74,versement,FR,2025-05-27 14:05:02
C00002,1467.61,virement,FR,2025-05-25 14:05:02
C00002,457.63,retrait,IT,2025-06-11 14:05:02
C00593,1142.94,versement,DE,2025-05-18 14:05:02
C00001,1256.83,virement,FR,2025-05-26 14:05:02
C00522,949.07,versement,FR,2025-05-20 14:05:02
C00001,648.34,versement,FR,2025-06-01 14:05:02
C00001,1267.62,virement,DE,2025-06-16 14:05:02
C00765,1538.63,versement,DE,2025-06-01 14:05:02
C00002,1335.27,retrait,ES,2025-06-13 14:05:02
C00002,1627.88,paiement,FR,2025-05-18 14:05:02
C00001,570.09,retrait,DE,2025-05-18 14:05:02
C00002,526.58,retrait,ES,2025-05-31 14:05:02
C00001,1902.48,virement,FR,2025-05-27 14:05:02
C00748,301.22,paiement,ES,2025-05-27 14:05:02
C00001,1038.64,virement,IT,2025-05-20 14:05:02
C00001,1050.12,retrait,DE,2025-06-12 14:05:02
C00001,348.28,virement,IT,2025-05-21 14:05:02
C00002,108.16,achat,DE,2025-05-25 14:05:02
C00002,379.7,retrait,IT,2025-05-25 14:05:02
C00002,1768.25,achat,FR,2025-05-25 14:05:02
C00001,734.1,retrait,ES,2025-06-01 14:05:02
C00001,1093.51,versement,DE,2025-06-03 14:05:02
C00002,1152.69,virement,ES,2025-05-24 14:05:02
C00002,342.17,retrait,FR,2025-06-08 14:05:02
C00002,314.23,versement,DE,2025-06-10 14:05:02
C00994,1213.58,achat,ES,2025-06-04 14:05:02
C00392,704.48,retrait,DE,2025-06-13 14:05:02
C00002,1485.01,achat,IT,2025-06-06 14:05:02
C00002,152.42,achat,DE,2025-06-05 14:05:02
C00001,1688.66,paiement,DE,2025-05-23 14:05:02
C00002,1634.63,versement,ES,2025-05-19 14:05:02
C00001,1177.42,paiement,IT,2025-06-06 14:05:02
C00001,1602.96,retrait,IT,2025-06-15 14:05:02
C00002,105.46,paiement,ES,2025-06-01 14:05:02
C00002,1224.02,retrait,DE,2025-06-04 14:05:02
C00208,823.65,retrait,DE,2025-06-03 14:05:02
C00001,1909.75,paiement,ES,2025-06-05 14:05:02
C00002,1817.72,virement,FR,2025-05-27 14:05:02
C00002,1257.49,retrait,DE,2025-05-23 14:05:02
C00001,275.96,versement,FR,2025-06-03 14:05:02
C00001,1888.23,paiement,FR,2025-06-12 14:05:02
C00002,113.43,paiement,IT,2025-06-01 14:05:02
C00001,202.19,versement,IT,2025-06-01 14:05:02
C00001,1429.9,versement,DE,2025-06-01 14:05:02
C00001,453.3,paiement,ES,2025-06-11 14:05:02
C00001,1065.26,virement,DE,2025-06-13 14:05:02
C00001,887.41,virement,IT,2025-05-31 14:05:02
C00002,1205.23,paiement,ES,2025-06-15 14:05:02
C00001,462.06,retrait,ES,2025-06-07 14:05:02
C00705,1322.3,achat,ES,2025-05-24 14:05:02
C00001,1469.67,versement,IT,2025-06-13 14:05:02
C00002,1348.32,virement,DE,2025-06-02 14:05:02
C00001,688.79,versement,ES,2025-06-10 14:05:02
C00001,971.96,versement,FR,2025-06-02 14:05:02
C00001,792.19,virement,FR,2025-06-15 14:05:02
C00002,329.34,retrait,FR,2025-05-23 14:05:02
C00068,45.37,retrait,DE,2025-06-11 14:05:02
C00001,1240.36,achat,ES,2025-06-17 14:05:02
C00972,1482.54,achat,IT,2025-06-10 14:05:02
C00002,925.32,retrait,IT,2025-05-26 14:05:02
C00001,1362.07,virement,IT,2025-06-08 14:05:02
C00001,1228.35,paiement,IT,2025-05-23 14:05:02
C00002,1458.46,versement,IT,2025-05-20 14:05:02
C00001,1190.25,achat,FR,2025-06-04 14:05:02
C00002,1489.18,paiement,ES,2025-05-22 14:05:02
C00002,162.97,paiement,IT,2025-06-03 14:05:02
C00001,861.48,virement,FR,2025-06-07 14:05:02
C00001,1890.65,achat,ES,2025-05-22 14:05:02
C00001,1137.28,achat,ES,2025-06-08 14:05:02
C00002,156.62,achat,FR,2025-05-22 14:05:02
C00001,1331.37,versement,FR,2025-05-24 14:05:02
C00002,1970.39,virement,ES,2025-05-28 14:05:02
C00711,1287.67,versement,DE,2025-06-11 14:05:02
C00001,999.4,paiement,FR,2025-06-14 14:05:02
C00001,25.52,achat,IT,2025-06-13 14:05:02
C00002,75.45,paiement,DE,2025-06-01 14:05:02
C00001,1218.6,versement,IT,2025-06-13 14:05:02
C00001,1802.17,versement,DE,2025-06-08 14:05:02
C00002,137.33,versement,ES,2025-06-17 14:05:02
C00001,49.38,paiement,FR,2025-05-31 14:05:02
C00001,896.93,paiement,IT,2025-06-01 14:05:02
C00001,1886.69,virement,ES,2025-05-23 14:05:02
C00002,1067.9,virement,FR,2025-05-26 14:05:02
C00001,670.92,achat,IT,2025-06-07 14:05:02
C00001,757.44,paiement,FR,2025-06-06 14:05:02
C00001,1448.0,versement,ES,2025-05-19 14:05:02
C00001,704.21,retrait,IT,2025-05-18 14:05:02
C00002,462.61,paiement,IT,2025-05-22 14:05:02
C00001,61.2,paiement,FR,2025-05-31 14:05:02
C00021,859.92,virement,ES,2025-06-10 14:05:02
C00001,452.72,retrait,FR,2025-06-10 14:05:02
C00001,1165.76,versement,FR,2025-06-03 14:05:02
C00002,1557.99,virement,ES,2025-05-29 14:05:02
C00001,1084.76,virement,FR,2025-06-12 14:05:02
C00001,1790.48,paiement,IT,2025-06-15 14:05:02
C00002,1169.11,achat,ES,2025-05-19 14:05:02
C00002,922.07,virement,FR,2025-05-25 14:05:02
C00317,292.76,retrait,DE,2025-05-19 14:05:02
C00002,1583.68,virement,IT,2025-06-17 14:05:02
C00001,388.17,achat,FR,2025-06-06 14:05:02
C00001,88.28,retrait,IT,2025-06-15 14:05:02
C00001,1863.7,versement,DE,2025-05-24 14:05:02
C00825,1920.41,achat,ES,2025-06-16 14:05:02
C00488,709.87,achat,DE,2025-05-28 14:05:02
C00522,449.41,paiement,FR,2025-06-13 14:05:02
C00001,1715.05,paiement,IT,2025-06-11 14:05:02
C00002,770.18,retrait,IT,2025-05-19 14:05:02
C00002,500.75,achat,FR,2025-06-02 14:05:02
C00001,332.97,virement,FR,2025-05-27 14:05:02
C00921,1561.3,paiement,FR,2025-06-15 14:05:02
C00002,1774.7,versement,IT,2025-06-05 14:05:02
C00001,1085.17,paiement,IT,2025-06-15 14:05:02
C00002,1047.01,virement,IT,2025-05-28 14:05:02
C00001,229.36,achat,ES,2025-05-23 14:05:02
C00711,868.45,versement,IT,2025-05-27 14:05:02
C00002,1317.87,retrait,DE,2025-06-08 14:05:02
C00002,1954.18,virement,FR,2025-05-23 14:05:02
C00001,1693.78,versement,ES,2025-05-31 14:05:02
C00001,431.85,versement,IT,2025-05-20 14:05:02
C00001,763.72,achat,ES,2025-06-14 14:05:02
C00002,1882.19,virement,FR,2025-06-05 14:05:02
C00001,1379.8,paiement,FR,2025-06-03 14:05:02
C00002,1455.46,retrait,ES,2025-05-28 14:05:02
C00001,722.61,achat,ES,2025-05-20 14:05:02
C00002,1037.32,retrait,ES,2025-06-05 14:05:02
C00001,1154.46,paiement,IT,2025-06-05 14:05:02
C00648,1379.93,paiement,ES,2025-05-27 14:05:02
C00001,1952.7,paiement,IT,2025-05-31 14:05:02
C00001,1260.87,paiement,DE,2025-05-26 14:05:02
C00002,1377.72,paiement,ES,2025-06-02 14:05:02
C00002,470.99,paiement,DE,2025-05-24 14:05:02
C00897,1892.49,retrait,ES,2025-05-19 14:05:02
C00002,1941.75,versement,IT,2025-06-17 14:05:02
C00711,715.27,versement,DE,2025-06-06 14:05:02
C00001,1544.14,paiement,ES,2025-06-16 14:05:02
C00001,1450.7,retrait,FR,2025-05-20 14:05:02
C00002,1466.95,versement,DE,2025-06-07 14:05:02
C00001,1643.85,paiement,FR,2025-05-28 14:05:02
C00001,1100.59,versement,DE,2025-05-20 14:05:02
C00002,1435.49,virement,IT,2025-05-28 14:05:02
C00002,1598.5,retrait,IT,2025-05-24 14:05:02
C00002,1264.22,paiement,FR,2025-06-05 14:05:02
C00001,866.34,retrait,DE,2025-06-04 14:05:02
C00001,274.78,versement,ES,2025-05-26 14:05:02
C00001,114.93,versement,FR,2025-06-01 14:05:02
C00169,1016.66,versement,IT,2025-05-19 14:05:02
C00350,1277.18,paiement,IT,2025-06-06 14:05:02
C00073,649.83,achat,ES,2025-05-18 14:05:02
C00886,847.91,paiement,DE,2025-05-21 14:05:02
C00002,331.46,achat,FR,2025-06-04 14:05:02
C00002,1781.79,virement,DE,2025-06-04 14:05:02
C00001,17.64,versement,IT,2025-06-01 14:05:02
C00002,445.04,virement,IT,2025-05-22 14:05:02
C00001,952.62,virement,IT,2025-06-11 14:05:02
C00565,1919.43,paiement,ES,2025-05-29 14:05:02
C00002,531.71,virement,DE,2025-06-07 14:05:02
C00001,753.79,achat,IT,2025-05-25 14:05:02
C00001,1787.98,paiement,FR,2025-06-09 14:05:02
C00001,1060.19,virement,IT,2025-06-17 14:05:02
C00001,735.27,retrait,ES,2025-06-17 14:05:02
C00001,769.5,paiement,ES,2025-06-06 14:05:02
C00001,1553.61,versement,IT,2025-05-27 14:05:02
C00001,1974.61,paiement,DE,2025-06-09 14:05:02
C00002,1634.83,achat,DE,2025-06-04 14:05:02
C00001,1573.22,achat,IT,2025-06-02 14:05:02
C00001,1941.3,achat,DE,2025-06-12 14:05:02
C00001,920.13,paiement,FR,2025-05-25 14:05:02
C00001,383.73,retrait,FR,2025-06-03 14:05:02
C00380,1280.71,achat,DE,2025-05-26 14:05:02
C00001,1410.32,achat,FR,2025-05-24 14:05:02
C00002,1242.53,versement,IT,2025-05-20 14:05:02
C00002,874.12,paiement,FR,2025-05-23 14:05:02
C00002,1587.71,paiement,FR,2025-05-27 14:05:02
C00662,283.02,retrait,IT,2025-05-29 14:05:02
C00002,1767.9,achat,FR,2025-06-09 14:05:02
C00001,1687.97,virement,ES,2025-05-27 14:05:02
C00001,246.54,virement,ES,2025-05-24 14:05:02
C00001,1735.63,achat,ES,2025-05-20 14:05:02
C00002,1274.37,achat,IT,2025-06-11 14:05:02
C00001,490.61,virement,FR,2025-05-25 14:05:02
C00001,878.23,retrait,ES,2025-05-23 14:05:02
C00831,986.99,paiement,ES,2025-06-09 14:05:02
C00002,654.78,virement,DE,2025-06-04 14:05:02
C00002,695.32,virement,ES,2025-06-12 14:05:02
C00001,1849.35,achat,DE,2025-06-15 14:05:02
C00863,737.31,versement,ES,2025-06-14 14:05:02
C00001,1724.04,virement,FR,2025-05-19 14:05:02
C00857,10.27,paiement,IT,2025-06-17 14:05:02
C00002,1538.0,paiement,ES,2025-05-28 14:05:02
C00726,1208.36,achat,ES,2025-06-07 14:05:02
C00001,1974.66,versement,DE,2025-06-05 14:05:02
C00001,794.97,achat,FR,2025-05-21 14:05:02
C00001,1641.5,retrait,ES,2025-05-22 14:05:02
C00001,1193.22,virement,FR,2025-05-20 14:05:02
C00001,1329.17,paiement,FR,2025-06-05 14:05:02
C00001,723.46,paiement,ES,2025-06-08 14:05:02
C00001,537.24,virement,FR,2025-06-14 14:05:02
C00002,72.12,retrait,FR,2025-05-26 14:05:02
C00001,1589.11,virement,FR,2025-06-16 14:05:02
C00002,1200.42,retrait,IT,2025-05-23 14:05:02
C00001,1458.63,paiement,ES,2025-06-11 14:05:02
C00002,361.7,retrait,ES,2025-06-14 14:05:02
C00002,798.1,versement,ES,2025-05-26 14:05:02
C00001,1775.44,achat,IT,2025-06-04 14:05:02
C00755,1174.0,virement,IT,2025-06-08 14:05:02
C00002,912.94,virement,FR,2025-06-03 14:05:02
C00002,42.47,versement,ES,2025-06-14 14:05:02
C00002,1339.65,achat,ES,2025-06-02 14:05:02
C00782,762.18,versement,IT,2025-06-15 14:05:02
C00001,1765.83,paiement,DE,2025-05-29 14:05:02
C00002,1384.36,virement,ES,2025-05-23 14:05:02
C00858,1522.62,achat,DE,2025-05-22 14:05:02
C00002,695.9,versement,ES,2025-05-30 14:05:02
C00980,1505.53,achat,DE,2025-06-04 14:05:02
C00001,528.87,paiement,IT,2025-05-23 14:05:02
C00126,1180.24,paiement,ES,2025-06-15 14:05:02
C00657,1566.25,virement,DE,2025-05-20 14:05:02
C00001,1605.52,paiement,ES,2025-06-05 14:05:02
C00002,1465.29,versement,FR,2025-06-17 14:05:02
C00001,872.92,paiement,IT,2025-05-25 14:05:02
C00002,335.5,versement,FR,2025-05-23 14:05:02
C00502,45.73,virement,IT,2025-06-02 14:05:02
C00001,209.81,retrait,DE,2025-05-21 14:05:02
C00001,1516.44,retrait,DE,2025-06-07 14:05:02
C00002,448.86,paiement,ES,2025-06-01 14:05:02
C00002,749.41,versement,ES,2025-05-26 14:05:02
C00002,1188.69,versement,FR,2025-06-06 14:05:02
C00001,1015.7,paiement,DE,2025-06-12 14:05:02
C00116,1241.78,versement,ES,2025-06-07 14:05:02
C00001,1715.41,retrait,DE,2025-06-10 14:05:02
C00667,1804.87,paiement,DE,2025-06-05 14:05:02
C00002,1585.37,retrait,DE,2025-05-25 14:05:02
C00001,387.09,achat,FR,2025-05-29 14:05:02
C00002,1451.01,virement,IT,2025-06-04 14:05:02
C00001,568.05,retrait,DE,2025-06-11 14:05:02
C00001,1593.66,retrait,ES,2025-05-24 14:05:02
C00001,1961.09,versement,IT,2025-06-12 14:05:02
C00001,1497.23,virement,IT,2025-05-26 14:05:02
C00002,1497.86,retrait,DE,2025-05-22 14:05:02
C00001,111.7,paiement,FR,2025-05-31 14:05:02
C00001,1258.13,retrait,IT,2025-06-03 14:05:02
C00063,1096.74,paiement,IT,2025-06-14 14:05:02
C00001,1321.48,paiement,DE,2025-06-03 14:05:02
C00017,1315.36,versement,IT,2025-05-28 14:05:02
C00002,98.55,paiement,IT,2025-05-26 14:05:02
C00262,1440.56,virement,IT,2025-06-16 14:05:02
C00001,425.7,versement,DE,2025-05-22 14:05:02
C00001,1854.08,achat,DE,2025-05-19 14:05:02
C00001,951.14,versement,IT,2025-05-30 14:05:02
C00001,162.1,achat,ES,2025-05-20 14:05:02
C00001,1328.48,versement,DE,2025-05-25 14:05:02
C00001,541.12,paiement,ES,2025-06-06 14:05:02
C00001,160.49,achat,FR,2025-05-24 14:05:02
C00002,1615.85,retrait,DE,2025-06-09 14:05:02
C00001,1919.72,versement,DE,2025-06-12 14:05:02
C00002,1421.88,retrait,FR,2025-06-06 14:05:02
C00002,677.96,achat,FR,2025-06-07 14:05:02
C00267,1239.09,achat,DE,2025-06-13 14:05:02
C00002,1554.32,versement,DE,2025-05-25 14:05:02
C00001,1689.1,versement,IT,2025-06-02 14:05:02
C00002,499.49,paiement,DE,2025-06-15 14:05:02
C00001,103.95,retrait,IT,2025-05-28 14:05:02
C00002,1133.84,versement,FR,2025-06-16 14:05:02
C00185,324.12,paiement,ES,2025-06-04 14:05:02
C00319,614.09,achat,IT,2025-06-06 14:05:02
C00002,1568.78,retrait,DE,2025-05-18 14:05:02
C00002,218.86,paiement,ES,2025-06-11 14:05:02
C00001,1237.75,retrait,ES,2025-06-11 14:05:02
C00001,1238.45,retrait,ES,2025-05-22 14:05:02
C00381,1209.69,achat,ES,2025-06-15 14:05:02
C00001,1004.29,retrait,IT,2025-05-31 14:05:02
C00002,870.26,retrait,ES,2025-05-18 14:05:02
C00002,1070.92,achat,DE,2025-05-23 14:05:02
C00001,215.76,achat,DE,2025-05-30 14:05:02
C00001,99.93,achat,FR,2025-06-12 14:05:02
C00002,209.68,retrait,FR,2025-05-27 14:05:02
C00001,1097.07,retrait,FR,2025-05-27 14:05:02
C00001,969.54,versement,IT,2025-06-01 14:05:02
C00002,127.53,paiement,IT,2025-06-11 14:05:02
C00002,1137.42,retrait,DE,2025-05-20 14:05:02
C00001,663.16,achat,ES,2025-05-26 14:05:02
C00001,685.64,virement,IT,2025-05-21 14:05:02
C00001,1982.95,paiement,FR,2025-06-07 14:05:02
C00002,372.4,versement,FR,2025-05-25 14:05:02
C00112,708.25,achat,IT,2025-05-24 14:05:02
C00001,1718.83,paiement,DE,2025-06-14 14:05:02
C00001,1296.34,virement,IT,2025-06-01 14:05:02
C00001,110.43,retrait,ES,2025-05-20 14:05:02
C00583,1859.97,paiement,IT,2025-06-07 14:05:02
C00001,1635.69,versement,FR,2025-06-14 14:05:02
C00001,72.28,virement,ES,2025-06-15 14:05:02
C00001,251.54,retrait,FR,2025-05-18 14:05:02
C00002,1817.58,versement,FR,2025-05-27 14:05:02
C00002,303.22,virement,DE,2025-06-07 14:05:02
C00001,948.92,virement,FR,2025-06-04 14:05:02
C00002,799.45,virement,DE,2025-06-11 14:05:02
C00002,1456.65,paiement,DE,2025-06-03 14:05:02
C00002,337.09,retrait,DE,2025-05-25 14:05:02
C00001,414.49,virement,FR,2025-06-01 14:05:02
C00002,1557.1,paiement,ES,2025-06-14 14:05:02
C00001,232.92,virement,FR,2025-06-08 14:05:02
C00023,1815.92,achat,DE,2025-06-17 14:05:02
C00002,1235.06,virement,IT,2025-06-03 14:05:02
C00002,1760.36,versement,ES,2025-06-13 14:05:02
C00932,1892.85,versement,IT,2025-05-24 14:05:02
C00001,813.48,versement,IT,2025-05-25 14:05:02
C00001,1232.39,virement,FR,2025-05-21 14:05:02
C00001,1883.5,retrait,DE,2025-06-11 14:05:02
C00844,343.17,achat,DE,2025-05-29 14:05:02
C00001,1267.61,versement,FR,2025-06-01 14:05:02
C00002,827.27,retrait,ES,2025-05-29 14:05:02
C00001,1403.74,paiement,DE,2025-06-14 14:05:02
C00002,1395.6,paiement,DE,2025-06-14 14:05:02
C00001,451.18,paiement,ES,2025-06-17 14:05:02
C00002,1514.85,virement,FR,2025-05-31 14:05:02
C00001,720.33,achat,IT,2025-06-06 14:05:02
C00002,1115.21,versement,IT,2025-05-28 14:05:02
C00001,991.56,versement,DE,2025-06-07 14:05:02
C00001,1321.92,achat,FR,2025-05-21 14:05:02
C00285,402.95,retrait,ES,2025-05-26 14:05:02
C00002,1304.88,achat,DE,2025-05-24 14:05:02
C00001,1222.21,retrait,IT,2025-06-01 14:05:02
C00002,978.81,virement,ES,2025-06-07 14:05:02
C00001,1092.22,achat,IT,2025-05-25 14:05:02
C00001,755.07,virement,ES,2025-06-04 14:05:02
C00001,1922.24,retrait,IT,2025-05-21 14:05:02
C00002,1967.02,retrait,ES,2025-06-09 14:05:02
C00001,517.32,paiement,FR,2025-06-03 14:05:02
C00001,1611.38,virement,ES,2025-06-08 14:05:02
C00972,200.73,paiement,FR,2025-05-21 14:05:02
C00002,1358.7,achat,IT,2025-06-08 14:05:02
C00990,1952.46,virement,IT,2025-06-04 14:05:02
C00001,864.45,achat,IT,2025-05-26 14:05:02
C00001,679.62,retrait,ES,2025-05-27 14:05:02
C00002,856.49,retrait,FR,2025-05-28 14:05:02
C00001,526.72,versement,IT,2025-05-20 14:05:02
C00002,1446.17,retrait,ES,2025-06-16 14:05:02
C00001,1726.03,paiement,DE,2025-05-31 14:05:02
C00001,1826.26,retrait,DE,2025-06-13 14:05:02
C00001,793.14,retrait,FR,2025-06-02 14:05:02
C00652,177.46,achat,IT,2025-05-27 14:05:02
C00001,769.44,paiement,ES,2025-06-09 14:05:02
C00001,187.95,achat,FR,2025-06-14 14:05:02
C00002,1798.85,virement,DE,2025-05-18 14:05:02
C00002,1540.57,virement,IT,2025-06-12 14:05:02
C00001,258.95,versement,ES,2025-05-26 14:05:02
C00935,1246.21,versement,IT,2025-05-21 14:05:02
C00001,1956.8,paiement,DE,2025-06-10 14:05:02
C00001,1084.38,versement,FR,2025-05-26 14:05:02
C00001,1967.96,achat,DE,2025-05-28 14:05:02
C00001,1747.77,retrait,FR,2025-06-17 14:05:02
C00002,1640.57,achat,FR,2025-06-01 14:05:02
C00002,140.97,retrait,IT,2025-06-06 14:05:02
C00001,260.72,virement,ES,2025-05-19 14:05:02
C00526,50.08,retrait,DE,2025-05-30 14:05:02
C00001,1929.61,virement,FR,2025-06-03 14:05:02
C00002,219.17,retrait,IT,2025-06-15 14:05:02
C00030,715.86,paiement,FR,2025-05-28 14:05:02
C00001,943.29,paiement,ES,2025-05-31 14:05:02
C00002,1471.66,paiement,DE,2025-06-07 14:05:02
C00002,1409.98,paiement,FR,2025-06-05 14:05:02
C00001,1723.89,versement,IT,2025-05-18 14:05:02
C00002,86.53,achat,ES,2025-06-06 14:05:02
C00748,1107.41,retrait,ES,2025-06-13 14:05:02
C00002,1629.51,achat,DE,2025-06-11 14:05:02
C00001,1320.15,virement,DE,2025-05-29 14:05:02
C00002,716.87,paiement,ES,2025-06-08 14:05:02
C00555,1728.09,retrait,FR,2025-06-15 14:05:02
C00002,748.93,versement,IT,2025-06-12 14:05:02
C00001,1442.88,versement,ES,2025-06-01 14:05:02
C00001,1094.66,retrait,FR,2025-06-16 14:05:02
C00002,1368.75,versement,IT,2025-06-04 14:05:02
C00001,1575.72,versement,ES,2025-06-07 14:05:02
C00002,561.02,achat,IT,2025-05-21 14:05:02
C00001,507.61,versement,IT,2025-06-10 14:05:02
C00288,158.93,versement,DE,2025-06-03 14:05:02
C00002,384.58,achat,IT,2025-06-09 14:05:02
C00002,1249.58,paiement,ES,2025-05-19 14:05:02
C00001,937.52,virement,ES,2025-05-26 14:05:02
C00001,328.02,virement,FR,2025-05-28 14:05:02
C00002,1032.97,versement,DE,2025-06-09 14:05:02
C00001,1496.15,versement,ES,2025-05-28 14:05:02
C00001,1748.0,paiement,ES,2025-06-13 14:05:02
C00001,606.12,paiement,IT,2025-05-22 14:05:02
C00001,116.61,versement,ES,2025-06-08 14:05:02
C00001,1796.04,virement,IT,2025-05-26 14:05:02
C00001,10.59,achat,ES,2025-05-23 14:05:02
C00001,410.51,virement,DE,2025-05-23 14:05:02
C00001,72.6,versement,DE,2025-06-07 14:05:02
C00002,954.89,achat,FR,2025-06-05 14:05:02
C00782,1591.26,paiement,ES,2025-05-28 14:05:02
C00001,1076.44,virement,IT,2025-06-02 14:05:02
C00589,1682.06,virement,IT,2025-06-04 14:05:02
C00002,363.45,versement,IT,2025-05-28 14:05:02
C00002,519.77,achat,DE,2025-05-27 14:05:02
C00002,762.11,retrait,ES,2025-05-18 14:05:02
C00441,1627.27,retrait,ES,2025-05-23 14:05:02
C00001,876.16,virement,FR,2025-05-25 14:05:02
C00001,330.35,retrait,IT,2025-05-23 14:05:02
C00812,235.12,achat,DE,2025-05-31 14:05:02
C00002,1624.4,virement,ES,2025-06-14 14:05:02
C00001,1908.96,achat,ES,2025-06-06 14:05:02
C00002,1692.79,versement,ES,2025-06-05 14:05:02
C00904,1011.9,retrait,DE,2025-05-23 14:05:02
C00002,969.61,virement,DE,2025-06-01 14:05:02
C00002,1290.96,retrait,FR,2025-05-25 14:05:02
C00002,1764.11,virement,ES,2025-05-26 14:05:02
C00001,1002.89,paiement,IT,2025-06-09 14:05:02
C00001,1529.6,virement,IT,2025-06-06 14:05:02
C00001,1993.62,achat,DE,2025-06-12 14:05:02
C00001,51.69,retrait,DE,2025-05-31 14:05:02
C00002,589.66,achat,ES,2025-06-16 14:05:02
C00002,1713.07,paiement,FR,2025-06-17 14:05:02
C00001,721.6,paiement,ES,2025-06-07 14:05:02
C00001,766.41,retrait,ES,2025-06-03 14:05:02
C00001,1870.74,paiement,DE,2025-06-12 14:05:02
C00001,1891.71,achat,FR,2025-05-18 14:05:02
C00001,393.19,retrait,IT,2025-05-26 14:05:02
C00001,76.84,virement,ES,2025-06-17 14:05:02
C00001,453.44,virement,FR,2025-06-10 14:05:02
C00981,1490.04,versement,ES,2025-06-01 14:05:02
C00001,1088.53,achat,IT,2025-06-01 14:05:02
C00001,728.02,achat,IT,2025-06-05 14:05:02
C00002,1727.93,retrait,ES,2025-05-23 14:05:02
C00001,479.29,retrait,FR,2025-05-31 14:05:02
C00001,29.76,virement,IT,2025-06-07 14:05:02
C00002,738.35,achat,FR,2025-05-22 14:05:02
C00001,1447.75,achat,DE,2025-05-30 14:05:02
C00001,1670.83,versement,IT,2025-06-07 14:05:02
C00002,17.28,virement,IT,2025-05-24 14:05:02
C00228,317.98,virement,FR,2025-05-21 14:05:02
C00132,1394.24,versement,IT,2025-06-08 14:05:02
C00001,1970.04,retrait,ES,2025-06-11 14:05:02
C00287,1903.37,virement,DE,2025-05-26 14:05:02
C00001,849.29,virement,FR,2025-05-19 14:05:02
C01000,627.38,achat,ES,2025-05-23 14:05:02
C00002,1802.07,achat,FR,2025-05-26 14:05:02
C00001,504.66,retrait,IT,2025-05-25 14:05:02
C00001,565.88,versement,IT,2025-06-04 14:05:02
C00002,1894.81,achat,IT,2025-06-13 14:05:02
C00001,1650.79,versement,DE,2025-05-24 14:05:02
C00001,1605.88,retrait,DE,2025-05-26 14:05:02
C00002,1742.76,retrait,DE,2025-05-26 14:05:02
C00599,1234.95,versement,FR,2025-06-09 14:05:02
C00001,1123.08,paiement,ES,2025-05-29 14:05:02
C00002,1803.3,retrait,DE,2025-06-15 14:05:02
C00002,1756.49,retrait,FR,2025-05-19 14:05:02
C00001,101.33,paiement,ES,2025-06-02 14:05:02
C00001,60.31,paiement,DE,2025-05-19 14:05:02
C00001,127.72,versement,FR,2025-06-03 14:05:02
C00001,1273.98,paiement,FR,2025-05-31 14:05:02
C00001,706.98,achat,IT,2025-06-09 14:05:02
C00002,777.08,retrait,IT,2025-06-12 14:05:02
C00002,1974.18,paiement,ES,2025-06-12 14:05:02
C00957,297.22,paiement,FR,2025-06-03 14:05:02
C00001,1678.84,paiement,IT,2025-06-09 14:05:02
C00001,292.62,virement,FR,2025-05-28 14:05:02
C00002,930.0,virement,IT,2025-06-16 14:05:02
C00001,1210.3,versement,IT,2025-05-27 14:05:02
C00002,1614.08,paiement,DE,2025-06-05 14:05:02
C00001,518.37,virement,DE,2025-06-01 14:05:02
C00001,693.5,paiement,DE,2025-06-16 14:05:02
C00002,1698.35,achat,FR,2025-05-28 14:05:02
C00001,1493.76,versement,IT,2025-06-02 14:05:02
C00001,1596.84,virement,FR,2025-06-09 14:05:02
C00001,1335.33,versement,ES,2025-05-23 14:05:02
C00001,373.88,virement,IT,2025-05-28 14:05:02
C00001,1120.31,achat,ES,2025-06-09 14:05:02
C00001,390.77,paiement,DE,2025-06-04 14:05:02
C00001,360.95,achat,FR,2025-05-26 14:05:02
C00001,1087.44,paiement,DE,2025-06-06 14:05:02
C00001,254.24,retrait,DE,2025-06-16 14:05:02
C00001,668.03,retrait,FR,2025-06-15 14:05:02
C00001,108.29,achat,ES,2025-06-13 14:05:02
C00002,31.54,virement,FR,2025-06-06 14:05:02
C00002,39.31,versement,ES,2025-05-24 14:05:02
C00001,970.31,paiement,DE,2025-05-18 14:05:02
C00450,1512.12,paiement,IT,2025-06-17 14:05:02
C00381,899.63,retrait,ES,2025-05-25 14:05:02
C00001,42.65,paiement,DE,2025-06-03 14:05:02
C00002,1486.32,virement,IT,2025-06-09 14:05:02
C00002,1253.72,paiement,FR,2025-05-31 14:05:02
C00001,21.52,retrait,IT,2025-05-21 14:05:02
C00002,1037.68,versement,DE,2025-06-09 14:05:02
C00002,503.37,versement,IT,2025-05-26 14:05:02
C00001,341.43,paiement,DE,2025-05-24 14:05:02
C00903,791.89,retrait,ES,2025-06-01 14:05:02
C00002,841.35,versement,ES,2025-05-24 14:05:02
C00002,199.22,virement,IT,2025-06-13 14:05:02
C00537,1130.06,versement,ES,2025-06-15 14:05:02
C00998,348.03,virement,FR,2025-05-23 14:05:02
C00002,1036.54,paiement,IT,2025-06-02 14:05:02
C00002,96.68,versement,FR,2025-06-07 14:05:02
C00002,1673.78,achat,DE,2025-05-29 14:05:02
C00001,239.51,retrait,FR,2025-05-19 14:05:02
C00001,1426.14,paiement,IT,2025-05-19 14:05:02
C00001,666.95,paiement,DE,2025-05-26 14:05:02
C00001,1116.19,versement,IT,2025-06-15 14:05:02
C00001,1064.29,virement,IT,2025-05-26 14:05:02
C00001,1553.57,achat,ES,2025-05-23 14:05:02
C00392,970.44,virement,FR,2025-06-03 14:05:02
C00001,62.23,paiement,FR,2025-06-06 14:05:02
C00231,1009.24,achat,DE,2025-06-02 14:05:02
C00001,48.66,virement,DE,2025-06-04 14:05:02
C00548,1814.78,paiement,IT,2025-06-06 14:05:02
C00001,759.17,achat,ES,2025-05-18 14:05:02
C00002,175.41,retrait,ES,2025-05-18 14:05:02
C00002,1441.31,achat,ES,2025-05-20 14:05:02
C00002,379.14,retrait,FR,2025-05-23 14:05:02
C00001,1178.27,versement,ES,2025-06-01 14:05:02
C00002,1333.1,virement,IT,2025-05-20 14:05:02
C00001,729.34,paiement,IT,2025-05-27 14:05:02
C00001,926.0,versement,DE,2025-06-06 14:05:02
C00001,1645.69,virement,IT,2025-06-17 14:05:02
C00001,1601.63,achat,IT,2025-05-18 14:05:02
C00001,1145.23,retrait,DE,2025-05-20 14:05:02
C00001,848.35,retrait,DE,2025-05-31 14:05:02
C00002,13.57,achat,DE,2025-06-04 14:05:02
C00001,182.67,retrait,IT,2025-06-01 14:05:02
C00002,393.18,paiement,IT,2025-05-24 14:05:02
C00002,422.71,achat,IT,2025-06-01 14:05:02
C00001,25.76,retrait,FR,2025-05-21 14:05:02
C00002,877.0,versement,IT,2025-05-30 14:05:02
C00001,570.48,virement,IT,2025-05-18 14:05:02
C00002,1295.46,paiement,FR,2025-05-19 14:05:02
C00001,990.45,achat,DE,2025-06-05 14:05:02
C00001,471.11,virement,IT,2025-06-01 14:05:02
C00448,48.71,versement,DE,2025-06-01 14:05:02
C00001,1847.97,versement,FR,2025-05-23 14:05:02
C00002,1029.99,virement,IT,2025-05-18 14:05:02
C00002,437.36,achat,FR,2025-06-06 14:05:02
C00001,584.22,versement,DE,2025-05-24 14:05:02
C00001,1191.66,versement,DE,2025-06-01 14:05:02
C00002,1120.71,retrait,FR,2025-06-15 14:05:02
C00731,1471.35,achat,DE,2025-06-05 14:05:02
C00002,479.16,versement,ES,2025-06-07 14:05:02
C00001,143.41,achat,ES,2025-06-16 14:05:02
C00001,1892.86,paiement,FR,2025-06-10 14:05:02
C00925,1266.94,paiement,DE,2025-05-27 14:05:02
C00002,558.67,virement,FR,2025-06-07 14:05:02
C00002,377.5,virement,IT,2025-06-10 14:05:02
C00001,1295.9,paiement,DE,2025-06-16 14:05:02
C00002,1501.74,virement,FR,2025-06-07 14:05:02
C00002,576.36,virement,DE,2025-06-13 14:05:02
C00001,55.12,versement,FR,2025-05-21 14:05:02
C00001,1563.45,retrait,FR,2025-06-03 14:05:02
C00001,146.02,versement,DE,2025-06-14 14:05:02
C00505,1358.37,retrait,IT,2025-05-25 14:05:02
C00001,992.76,achat,IT,2025-06-08 14:05:02
C00002,1915.0,retrait,IT,2025-06-09 14:05:02
C00001,1611.99,achat,IT,2025-05-21 14:05:02
C00001,117.87,versement,DE,2025-06-12 14:05:02
C00001,269.0,virement,IT,2025-06-17 14:05:02
C00263,658.19,versement,DE,2025-05-28 14:05:02
C00001,130.21,paiement,DE,2025-05-28 14:05:02
C00001,1377.34,versement,FR,2025-05-24 14:05:02
C00001,195.32,virement,IT,2025-05-21 14:05:02
C00002,763.89,versement,IT,2025-06-06 14:05:02
C00002,917.93,achat,FR,2025-06-17 14:05:02
C00901,1230.83,virement,DE,2025-06-15 14:05:02
C00002,430.76,retrait,DE,2025-06-11 14:05:02
C00002,331.57,paiement,FR,2025-05-23 14:05:02
C00128,338.13,retrait,ES,2025-05-24 14:05:02
C00886,1952.81,versement,IT,2025-06-02 14:05:02
C00601,1610.05,retrait,DE,2025-06-09 14:05:02
C00001,1701.18,achat,FR,2025-05-25 14:05:02
C00001,1598.93,achat,FR,2025-06-16 14:05:02
C00001,1326.34,versement,FR,2025-06-02 14:05:02
C00001,684.3,retrait,DE,2025-06-14 14:05:02
C00784,237.91,virement,FR,2025-05-24 14:05:02
C00002,477.24,retrait,FR,2025-05-22 14:05:02
C00001,179.55,retrait,ES,2025-05-24 14:05:02
C00002,414.05,achat,IT,2025-06-04 14:05:02
C00002,249.18,virement,IT,2025-05-19 14:05:02
C00001,657.38,virement,ES,2025-06-13 14:05:02
C00001,1457.94,virement,ES,2025-06-03 14:05:02
C00002,1671.92,retrait,ES,2025-06-01 14:05:02
C00727,1726.38,virement,IT,2025-05-19 14:05:02
C00001,512.59,paiement,ES,2025-06-08 14:05:02
C00001,1960.59,paiement,DE,2025-05-24 14:05:02
C00002,1875.56,versement,IT,2025-05-24 14:05:02
C00002,1552.91,paiement,IT,2025-06-06 14:05:02
C00001,1533.81,achat,ES,2025-06-06 14:05:02
C00001,1040.88,versement,FR,2025-06-09 14:05:02
C00002,524.74,paiement,ES,2025-05-27 14:05:02
C00242,585.31,versement,IT,2025-06-16 14:05:02
C00001,142.74,virement,ES,2025-05-23 14:05:02
C00002,741.97,retrait,FR,2025-05-31 14:05:02
C00001,1003.57,virement,ES,2025-06-01 14:05:02
C00929,1133.31,achat,DE,2025-06-08 14:05:02
C00599,962.48,versement,ES,2025-06-04 14:05:02
C00001,1092.77,versement,ES,2025-05-25 14:05:02
C00957,222.36,achat,ES,2025-05-22 14:05:02
C00295,567.33,retrait,DE,2025-05-30 14:05:02
C00002,1711.12,achat,ES,2025-05-19 14:05:02
C00001,793.78,versement,ES,2025-06-10 14:05:02
C00001,1178.95,retrait,IT,2025-05-30 14:05:02
C00002,1512.38,achat,IT,2025-06-10 14:05:02
C00002,1291.57,versement,FR,2025-06-13 14:05:02
C00001,570.8,virement,IT,2025-05-23 14:05:02
C00001,1296.66,paiement,DE,2025-06-07 14:05:02
C00001,472.35,paiement,FR,2025-05-31 14:05:02
C00001,1657.66,achat,DE,2025-05-18 14:05:02
C00001,1009.41,virement,IT,2025-06-15 14:05:02
C00002,602.45,achat,FR,2025-05-22 14:05:02
C00002,965.33,paiement,IT,2025-06-04 14:05:02
C00001,193.81,paiement,ES,2025-06-02 14:05:02
C00001,1216.73,retrait,FR,2025-05-28 14:05:02
C00001,1699.39,paiement,DE,2025-05-30 14:05:02
C00001,534.94,retrait,ES,2025-06-06 14:05:02
C00001,1458.48,versement,FR,2025-06-09 14:05:02
C00001,1137.9,versement,ES,2025-06-03 14:05:02
C00434,521.26,retrait,IT,2025-06-13 14:05:02
C00001,16.48,paiement,DE,2025-05-27 14:05:02
C00002,478.33,achat,IT,2025-05-20 14:05:02
C00001,1685.78,versement,IT,2025-05-31 14:05:02
C00001,1918.58,retrait,ES,2025-05-21 14:05:02
C00002,1555.81,paiement,ES,2025-05-28 14:05:02
C00002,627.77,versement,IT,2025-06-11 14:05:02
C00002,338.14,virement,FR,2025-06-05 14:05:02
C00002,554.13,achat,FR,2025-05-19 14:05:02
C00002,49.58,versement,IT,2025-06-03 14:05:02
C00002,1903.49,paiement,FR,2025-05-27 14:05:02
C00002,1007.82,achat,FR,2025-06-11 14:05:02
C00002,1010.94,retrait,ES,2025-06-01 14:05:02
C00002,1886.78,virement,FR,2025-06-04 14:05:02
C00001,1540.94,retrait,ES,2025-05-18 14:05:02
C00347,168.84,achat,FR,2025-06-16 14:05:02
C00853,656.29,achat,FR,2025-06-16 14:05:02
C00748,1334.42,retrait,ES,2025-06-17 14:05:02
C00002,1319.77,paiement,DE,2025-06-07 14:05:02
C00001,434.45,retrait,ES,2025-05-28 14:05:02
C00001,1495.28,achat,FR,2025-05-24 14:05:02
C00001,177.28,versement,ES,2025-06-08 14:05:02
C00002,278.26,virement,IT,2025-05-28 14:05:02
C00001,368.3,versement,IT,2025-05-24 14:05:02
C00002,693.49,paiement,IT,2025-05-26 14:05:02
C00002,197.8,retrait,DE,2025-06-01 14:05:02
C00001,1061.74,retrait,FR,2025-05-18 14:05:02
C00002,646.21,achat,IT,2025-05-23 14:05:02
C00861,214.32,virement,DE,2025-05-19 14:05:02
C00002,731.29,paiement,ES,2025-05-18 14:05:02
C00001,1448.34,virement,FR,2025-05-30 14:05:02
C00002,229.66,paiement,IT,2025-06-05 14:05:02
C00001,1201.21,versement,ES,2025-06-06 14:05:02
C00001,1359.63,versement,IT,2025-06-01 14:05:02
C00002,1270.61,paiement,IT,2025-06-03 14:05:02
C00002,507.84,paiement,DE,2025-05-29 14:05:02
C00002,1021.82,achat,FR,2025-05-24 14:05:02
C00002,936.18,virement,FR,2025-05-18 14:05:02
C00002,1430.31,retrait,IT,2025-06-03 14:05:02
C00100,463.58,paiement,ES,2025-06-14 14:05:02
C00002,80.7,retrait,ES,2025-06-07 14:05:02
C00001,84.68,virement,DE,2025-06-12 14:05:02
C00001,116.56,virement,DE,2025-06-10 14:05:02
C00001,979.36,retrait,DE,2025-05-31 14:05:02
C00002,1492.51,versement,FR,2025-05-28 14:05:02
C00002,430.7,achat,DE,2025-06-04 14:05:02
C00244,688.25,achat,ES,2025-05-21 14:05:02
C00002,1389.83,retrait,IT,2025-05-22 14:05:02
C00001,1409.54,retrait,DE,2025-06-13 14:05:02
C00001,543.1,retrait,ES,2025-06-10 14:05:02
C00337,1788.4,virement,FR,2025-06-01 14:05:02
C00001,1401.24,virement,FR,2025-06-02 14:05:02
C00001,1611.58,versement,ES,2025-06-07 14:05:02
C00001,316.45,achat,DE,2025-06-11 14:05:02
C00448,530.95,achat,FR,2025-06-06 14:05:02
C00001,1012.23,paiement,DE,2025-06-11 14:05:02
C00001,219.03,virement,IT,2025-05-30 14:05:02
C00002,1825.76,versement,ES,2025-05-26 14:05:02
C00001,1118.63,versement,IT,2025-06-14 14:05:02
C00001,910.5,achat,FR,2025-06-07 14:05:02
C00002,1514.63,virement,DE,2025-06-11 14:05:02
C00421,1729.21,versement,ES,2025-06-17 14:05:02
C00001,831.54,paiement,IT,2025-06-16 14:05:02
C00001,250.45,virement,FR,2025-05-25 14:05:02
C00001,661.11,retrait,IT,2025-05-29 14:05:02
C00001,1983.32,achat,FR,2025-05-18 14:05:02
C00002,884.67,paiement,FR,2025-06-16 14:05:02
C00002,1342.09,paiement,ES,2025-06-15 14:05:02
C00001,1102.6,paiement,IT,2025-05-22 14:05:02
C00001,1494.45,achat,ES,2025-05-31 14:05:02
C00001,1119.73,achat,IT,2025-05-23 14:05:02
C00002,404.86,virement,DE,2025-06-04 14:05:02
C00002,1833.27,retrait,DE,2025-06-17 14:05:02
C00775,816.68,retrait,ES,2025-05-26 14:05:02
C00002,372.22,retrait,IT,2025-05-22 14:05:02
C00001,1830.43,paiement,FR,2025-06-05 14:05:02
C00002,590.7,versement,ES,2025-05-27 14:05:02
C00273,1830.39,achat,FR,2025-06-02 14:05:02
C00001,1444.73,paiement,ES,2025-05-26 14:05:02
C00002,254.11,retrait,FR,2025-05-31 14:05:02
C00002,1780.8,paiement,ES,2025-05-22 14:05:02
C00911,937.13,achat,IT,2025-05-20 14:05:02
C00002,851.83,paiement,IT,2025-05-27 14:05:02
C00001,1738.18,paiement,DE,2025-06-14 14:05:02
C00001,1300.67,retrait,IT,2025-05-23 14:05:02
C00872,1977.29,versement,DE,2025-05-21 14:05:02
C00001,332.88,retrait,ES,2025-05-18 14:05:02
C00457,79.62,retrait,DE,2025-06-12 14:05:02
C00001,1386.97,paiement,IT,2025-06-01 14:05:02
C00001,1124.34,virement,FR,2025-06-15 14:05:02
C00002,312.2,retrait,FR,2025-06-11 14:05:02
C00001,1902.15,achat,ES,2025-05-27 14:05:02
C00002,508.82,versement,ES,2025-06-07 14:05:02
C00854,648.37,paiement,ES,2025-06-07 14:05:02
C00001,652.16,versement,ES,2025-06-15 14:05:02
C00002,1039.04,virement,IT,2025-06-12 14:05:02
C00002,364.72,retrait,DE,2025-06-08 14:05:02
C00001,243.55,retrait,IT,2025-06-08 14:05:02
C00530,517.69,versement,FR,2025-05-21 14:05:02
C00001,820.35,versement,ES,2025-06-17 14:05:02
C00001,929.68,achat,IT,2025-06-15 14:05:02
C00002,471.23,versement,ES,2025-05-20 14:05:02
C00001,1841.14,achat,FR,2025-06-04 14:05:02
C00933,157.02,retrait,ES,2025-06-09 14:05:02
C00002,1494.18,achat,FR,2025-06-03 14:05:02
C00778,764.99,retrait,IT,2025-06-06 14:05:02
C00859,1160.8,retrait,FR,2025-06-03 14:05:02
C00002,1142.37,virement,FR,2025-06-16 14:05:02
C00001,222.0,achat,ES,2025-05-21 14:05:02
C00002,1074.15,achat,IT,2025-05-19 14:05:02
C00001,388.74,paiement,ES,2025-06-15 14:05:02
C00002,1496.36,achat,DE,2025-05-21 14:05:02
C00002,1788.33,achat,IT,2025-06-10 14:05:02
C00001,338.54,virement,ES,2025-05-27 14:05:02
C00002,1644.94,versement,ES,2025-05-29 14:05:02
C00761,700.39,paiement,DE,2025-06-13 14:05:02
C00001,1833.22,versement,DE,2025-05-20 14:05:02
C00002,14.4,achat,IT,2025-06-07 14:05:02
C00002,1216.48,paiement,ES,2025-06-12 14:05:02
C00002,1061.4,virement,DE,2025-06-05 14:05:02
C00002,1691.0,achat,FR,2025-05-26 14:05:02
C00001,768.68,retrait,IT,2025-06-11 14:05:02
C00002,1009.43,retrait,FR,2025-06-08 14:05:02
C00002,276.65,virement,ES,2025-05-27 14:05:02
C00002,183.12,paiement,DE,2025-06-16 14:05:02
C00002,1105.29,achat,DE,2025-05-24 14:05:02
C00001,191.15,achat,ES,2025-06-10 14:05:02
C00001,1276.33,virement,DE,2025-06-04 14:05:02
C00016,570.5,virement,FR,2025-06-01 14:05:02
C00002,554.23,paiement,FR,2025-06-13 14:05:02
C00001,452.41,versement,FR,2025-05-28 14:05:02
C00002,634.58,virement,ES,2025-06-04 14:05:02
C00002,1522.28,virement,IT,2025-06-12 14:05:02
C00001,647.89,versement,DE,2025-06-03 14:05:02
C00002,1938.36,retrait,ES,2025-06-13 14:05:02
C00001,581.4,versement,ES,2025-05-25 14:05:02
C00002,1493.48,retrait,DE,2025-06-17 14:05:02
C00001,457.74,versement,DE,2025-06-06 14:05:02
C00002,1529.36,retrait,IT,2025-05-18 14:05:02
C00001,1255.92,achat,FR,2025-06-07 14:05:02
C00897,384.27,achat,IT,2025-05-20 14:05:02
C00002,1614.6,achat,ES,2025-06-10 14:05:02
C00660,1968.61,versement,DE,2025-06-13 14:05:02
C00001,1530.61,versement,IT,2025-06-03 14:05:02
C00002,498.0,virement,ES,2025-06-03 14:05:02
C00001,1804.39,paiement,ES,2025-06-17 14:05:02
C00001,57.58,achat,IT,2025-05-30 14:05:02
C00001,617.09,versement,IT,2025-06-04 14:05:02
C00001,167.19,achat,FR,2025-05-28 14:05:02
C00001,617.79,virement,IT,2025-05-24 14:05:02
C00002,692.96,retrait,FR,2025-06-04 14:05:02
C00001,979.28,retrait,FR,2025-05-26 14:05:02
C00001,720.19,versement,FR,2025-05-31 14:05:02
C00001,1738.52,retrait,IT,2025-06-13 14:05:02
C00001,948.52,virement,FR,2025-06-16 14:05:02
C00002,1860.13,achat,FR,2025-06-17 14:05:02
C00001,945.68,retrait,ES,2025-06-03 14:05:02
C00001,250.78,paiement,DE,2025-06-17 14:05:02
C00001,1384.01,paiement,ES,2025-06-06 14:05:02
C00001,215.2,achat,FR,2025-05-20 14:05:02
C00001,580.05,achat,DE,2025-05-29 14:05:02
C00002,201.04,paiement,FR,2025-06-07 14:05:02
C00002,1732.46,virement,FR,2025-05-31 14:05:02
C00002,1762.35,versement,ES,2025-06-11 14:05:02
C00001,1629.23,versement,FR,2025-05-20 14:05:02
C00642,1041.49,achat,IT,2025-05-29 14:05:02
C00547,720.53,versement,FR,2025-06-10 14:05:02
C00002,1361.94,versement,DE,2025-06-04 14:05:02
C00012,1405.85,virement,ES,2025-06-12 14:05:02
C00001,1208.03,versement,IT,2025-06-10 14:05:02
C00308,89.81,retrait,DE,2025-05-19 14:05:02
C00318,523.36,retrait,IT,2025-05-30 14:05:02
C00002,11.48,achat,DE,2025-06-01 14:05:02
C00002,390.66,retrait,DE,2025-06-03 14:05:02
C00001,898.99,retrait,DE,2025-06-17 14:05:02
C00032,144.34,virement,ES,2025-06-13 14:05:02
C00002,1364.94,retrait,ES,2025-06-09 14:05:02
C00002,1054.34,virement,IT,2025-05-23 14:05:02
C00002,938.36,virement,IT,2025-06-07 14:05:02
C00001,1281.5,achat,FR,2025-05-29 14:05:02
C00002,622.75,retrait,DE,2025-05-28 14:05:02
C00001,80.22,retrait,IT,2025-06-13 14:05:02
C00002,496.19,versement,IT,2025-06-13 14:05:02
C00001,1457.28,paiement,FR,2025-05-27 14:05:02
C00001,1736.12,virement,DE,2025-05-23 14:05:02
C00002,1739.75,achat,ES,2025-05-26 14:05:02
C00001,378.97,paiement,DE,2025-05-31 14:05:02
C00001,739.22,retrait,FR,2025-06-06 14:05:02
C00520,1810.24,virement,IT,2025-06-17 14:05:02
C00001,433.51,retrait,ES,2025-05-19 14:05:02
C00002,424.02,achat,FR,2025-05-31 14:05:02
C00001,1027.28,paiement,IT,2025-06-02 14:05:02
C00001,1165.39,virement,IT,2025-06-03 14:05:02
C00017,1148.2,achat,DE,2025-06-09 14:05:02
C00001,417.08,retrait,FR,2025-06-17 14:05:02
C00957,745.63,retrait,FR,2025-06-12 14:05:02
C00678,1136.8,versement,FR,2025-05-20 14:05:02
C00001,516.5,virement,DE,2025-06-06 14:05:02
C00001,619.47,virement,FR,2025-06-14 14:05:02
C00001,296.17,retrait,IT,2025-05-27 14:05:02
C00002,898.92,versement,DE,2025-06-10 14:05:02
C00001,279.25,achat,DE,2025-06-05 14:05:02
C00002,1691.96,paiement,FR,2025-05-26 14:05:02
C00002,482.78,retrait,ES,2025-05-18 14:05:02
C00001,661.21,virement,FR,2025-06-02 14:05:02
C00001,766.01,achat,FR,2025-05-20 14:05:02
C00002,358.06,achat,IT,2025-05-21 14:05:02
C00002,49.11,retrait,FR,2025-06-04 14:05:02
C00001,397.32,virement,FR,2025-05-26 14:05:02
C00001,1230.4,achat,DE,2025-05-27 14:05:02
C00002,685.95,versement,DE,2025-06-16 14:05:02
C00002,27.4,retrait,DE,2025-05-23 14:05:02
C00476,1957.42,versement,IT,2025-05-24 14:05:02
C00001,1409.3,retrait,IT,2025-05-23 14:05:02
C00002,123.4,versement,FR,2025-05-24 14:05:02
C00001,1540.88,paiement,ES,2025-06-11 14:05:02
C00001,1674.21,paiement,DE,2025-06-05 14:05:02
C00002,1516.04,paiement,FR,2025-06-02 14:05:02
C00002,864.68,retrait,IT,2025-06-04 14:05:02
C00987,16.44,achat,FR,2025-06-09 14:05:02
C00001,1439.62,paiement,IT,2025-06-16 14:05:02
C00707,743.74,virement,DE,2025-05-28 14:05:02
C00404,1123.12,virement,FR,2025-06-13 14:05:02
C00264,1738.3,retrait,DE,2025-05-22 14:05:02
C00001,715.37,achat,FR,2025-05-22 14:05:02
C00001,1530.84,achat,IT,2025-05-30 14:05:02
C00001,1125.55,retrait,DE,2025-05-26 14:05:02
C00001,1979.51,virement,IT,2025-05-27 14:05:02
C00001,1235.61,versement,IT,2025-06-14 14:05:02
C00643,265.23,retrait,DE,2025-05-25 14:05:02
C00001,720.08,achat,FR,2025-05-31 14:05:02
C00001,1957.42,versement,IT,2025-05-29 14:05:02
C00195,1700.11,achat,IT,2025-06-14 14:05:02
C00002,1459.45,achat,ES,2025-06-08 14:05:02
C00001,1774.08,paiement,DE,2025-05-24 14:05:02
C00002,1368.99,paiement,ES,2025-06-16 14:05:02
C00973,445.16,virement,DE,2025-06-16 14:05:02
C00002,30.26,versement,IT,2025-05-20 14:05:02
C00001,766.58,retrait,FR,2025-05-23 14:05:02
C00001,1693.86,virement,IT,2025-05-29 14:05:02
C00001,17.06,achat,IT,2025-05-19 14:05:02
C00001,1570.04,versement,ES,2025-06-08 14:05:02
C00385,1240.09,paiement,IT,2025-05-31 14:05:02
C00001,990.49,versement,DE,2025-06-16 14:05:02
C00001,723.1,retrait,FR,2025-05-20 14:05:02
C00004,1707.23,retrait,FR,2025-05-19 14:05:02
C00001,1338.5,paiement,IT,2025-06-15 14:05:02
C00001,1606.48,achat,DE,2025-05-29 14:05:02
C00001,685.89,achat,IT,2025-05-18 14:05:02
C00241,463.96,achat,DE,2025-06-04 14:05:02
C00318,441.83,retrait,FR,2025-05-29 14:05:02
C00002,1480.44,paiement,IT,2025-06-16 14:05:02
C00001,1556.61,versement,DE,2025-06-08 14:05:02
C00001,657.89,achat,ES,2025-06-01 14:05:02
C00333,1105.88,paiement,ES,2025-06-15 14:05:02
C00001,712.0,virement,ES,2025-06-14 14:05:02
C00355,1223.38,virement,FR,2025-06-12 14:05:02
C00002,717.98,paiement,IT,2025-05-26 14:05:02
C00408,332.22,paiement,ES,2025-06-01 14:05:02
C00002,1009.38,virement,DE,2025-05-28 14:05:02
C00002,435.99,achat,IT,2025-06-01 14:05:02
C00001,805.51,achat,ES,2025-05-24 14:05:02
C00002,636.85,paiement,FR,2025-05-21 14:05:02
C00002,404.63,achat,ES,2025-05-24 14:05:02
C00041,368.39,retrait,FR,2025-06-05 14:05:02
C00002,1535.82,versement,DE,2025-05-22 14:05:02
C00002,1166.87,retrait,FR,2025-05-30 14:05:02
C00054,1064.32,retrait,DE,2025-05-22 14:05:02
C00001,1723.94,versement,ES,2025-05-22 14:05:02
C00002,1750.95,virement,ES,2025-06-05 14:05:02
C00002,983.38,versement,DE,2025-06-13 14:05:02
C00001,1722.22,achat,ES,2025-06-09 14:05:02
C00002,1503.26,achat,FR,2025-05-18 14:05:02
C00001,1213.44,achat,ES,2025-06-04 14:05:02
C00001,216.25,paiement,FR,2025-05-20 14:05:02
C00002,632.94,paiement,FR,2025-05-22 14:05:02
C00002,1609.39,achat,IT,2025-06-02 14:05:02
C00002,892.77,versement,DE,2025-05-25 14:05:02
C00765,1614.48,achat,IT,2025-05-18 14:05:02
C00056,195.17,virement,IT,2025-05-18 14:05:02
C00002,785.49,achat,FR,2025-05-28 14:05:02
C00515,823.51,versement,ES,2025-05-27 14:05:02
C00002,1515.1,virement,FR,2025-06-03 14:05:02
C00002,668.46,paiement,ES,2025-06-15 14:05:02
C00001,1936.26,achat,DE,2025-05-18 14:05:02
C00001,309.49,virement,ES,2025-05-23 14:05:02
C00915,725.32,virement,DE,2025-06-13 14:05:02
C00002,969.76,virement,ES,2025-06-10 14:05:02
C00938,128.34,paiement,DE,2025-06-08 14:05:02
C00950,1810.36,virement,DE,2025-06-01 14:05:02
C00002,552.89,retrait,IT,2025-05-18 14:05:02
C00001,1148.82,achat,FR,2025-05-27 14:05:02
C00002,1474.25,versement,DE,2025-05-19 14:05:02
C00002,1017.43,virement,IT,2025-06-11 14:05:02
C00497,1386.85,retrait,IT,2025-05-22 14:05:02
C00001,76.21,retrait,DE,2025-06-06 14:05:02
C00001,471.46,achat,ES,2025-05-27 14:05:02
C00001,226.48,retrait,DE,2025-05-22 14:05:02
C00001,975.52,retrait,DE,2025-06-14 14:05:02
C00002,680.65,achat,DE,2025-06-10 14:05:02
C00001,580.33,versement,IT,2025-06-02 14:05:02
C00001,705.51,paiement,ES,2025-06-16 14:05:02
C00001,778.36,versement,ES,2025-06-11 14:05:02
C00001,414.18,retrait,FR,2025-05-29 14:05:02
C00001,1294.94,achat,DE,2025-05-23 14:05:02
C00001,801.87,retrait,DE,2025-06-03 14:05:02
C00001,1728.56,achat,DE,2025-06-07 14:05:02
C00001,1488.41,achat,FR,2025-06-17 14:05:02
C00001,1000.28,virement,DE,2025-06-13 14:05:02
C00001,173.49,paiement,DE,2025-06-01 14:05:02
C00001,798.14,versement,ES,2025-05-27 14:05:02
C00001,1329.12,versement,DE,2025-05-24 14:05:02
C00001,464.89,paiement,IT,2025-06-01 14:05:02
C00001,1328.69,versement,ES,2025-05-24 14:05:02
C00001,820.84,versement,IT,2025-05-30 14:05:02
C00571,1930.62,virement,IT,2025-06-13 14:05:02
C00574,569.91,versement,FR,2025-05-20 14:05:02
C00002,855.25,versement,FR,2025-05-20 14:05:02
C00001,1782.95,paiement,FR,2025-05-21 14:05:02
C00002,1847.51,versement,IT,2025-06-07 14:05:02
C00103,703.76,versement,IT,2025-06-04 14:05:02
C00002,114.83,paiement,ES,2025-06-04 14:05:02
C00002,1583.45,paiement,ES,2025-06-02 14:05:02
C00001,771.06,achat,IT,2025-06-10 14:05:02
C00001,1219.45,versement,DE,2025-06-07 14:05:02
C00001,1464.2,achat,FR,2025-05-23 14:05:02
C00001,1961.88,versement,IT,2025-06-09 14:05:02
C00086,134.04,versement,IT,2025-06-11 14:05:02
C00001,1705.08,virement,FR,2025-06-03 14:05:02
C00002,81.27,retrait,DE,2025-05-23 14:05:02
C00002,1283.65,achat,IT,2025-06-17 14:05:02
C00001,1494.48,virement,FR,2025-05-25 14:05:02
C00002,1001.14,achat,DE,2025-06-07 14:05:02
C00001,13.64,paiement,DE,2025-05-25 14:05:02
C00001,154.82,paiement,DE,2025-05-18 14:05:02
C00442,1171.76,virement,FR,2025-06-01 14:05:02
C00756,506.13,versement,ES,2025-05-21 14:05:02
C00001,1147.34,achat,IT,2025-05-31 14:05:02
C00492,461.71,achat,DE,2025-05-27 14:05:02
C00002,273.38,virement,DE,2025-06-07 14:05:02
C00001,1720.2,paiement,DE,2025-05-19 14:05:02
C00002,1099.22,achat,IT,2025-05-18 14:05:02
C00002,1018.44,paiement,IT,2025-05-23 14:05:02
C00001,1705.3,achat,ES,2025-06-12 14:05:02
C00002,874.89,achat,FR,2025-06-11 14:05:02
C00101,1279.87,achat,DE,2025-06-11 14:05:02
C00096,840.63,virement,IT,2025-06-01 14:05:02
C00001,1807.39,versement,DE,2025-06-15 14:05:02
C00002,215.41,versement,FR,2025-05-27 14:05:02
C00755,1611.28,virement,DE,2025-05-22 14:05:02
C00001,785.16,virement,FR,2025-05-29 14:05:02
C00001,1948.36,retrait,IT,2025-06-15 14:05:02
C00002,64.81,versement,DE,2025-06-16 14:05:02
C00001,790.29,retrait,ES,2025-06-04 14:05:02
C00001,1796.83,paiement,FR,2025-06-07 14:05:02
C00002,13.04,achat,FR,2025-05-20 14:05:02
C00001,1210.24,paiement,ES,2025-05-23 14:05:02
C00001,1577.76,paiement,ES,2025-05-21 14:05:02
C00001,1411.45,retrait,FR,2025-06-04 14:05:02
C00002,237.09,paiement,IT,2025-05-30 14:05:02
C00001,421.02,achat,ES,2025-06-04 14:05:02
C00050,246.11,retrait,FR,2025-05-31 14:05:02
C00001,890.94,versement,FR,2025-06-14 14:05:02
C00002,1691.78,paiement,IT,2025-06-15 14:05:02
C00002,176.87,retrait,FR,2025-06-15 14:05:02
C00001,1472.81,achat,ES,2025-05-25 14:05:02
C00002,1824.53,versement,IT,2025-06-17 14:05:02
C00001,449.1,versement,ES,2025-05-21 14:05:02
C00002,166.36,achat,IT,2025-05-24 14:05:02
C00001,255.14,achat,DE,2025-06-07 14:05:02
C00002,1526.8,paiement,FR,2025-05-29 14:05:02
C00002,856.19,retrait,FR,2025-06-12 14:05:02
C00001,849.91,retrait,DE,2025-05-25 14:05:02
C00001,1807.43,paiement,IT,2025-06-16 14:05:02
C00002,742.21,versement,DE,2025-06-01 14:05:02
C00002,927.86,virement,ES,2025-05-23 14:05:02
C00001,908.65,paiement,IT,2025-05-30 14:05:02
C00001,654.16,versement,FR,2025-06-05 14:05:02
C00498,291.89,achat,FR,2025-05-24 14:05:02
C00002,131.39,versement,FR,2025-06-16 14:05:02
C00001,1807.13,achat,FR,2025-06-02 14:05:02
C00002,290.83,paiement,ES,2025-06-05 14:05:02
C00002,1351.67,achat,DE,2025-06-02 14:05:02
C00001,1209.69,versement,FR,2025-06-07 14:05:02
C00001,1515.51,paiement,DE,2025-06-11 14:05:02
C00242,167.59,versement,IT,2025-05-24 14:05:02
C00002,1609.47,achat,FR,2025-05-22 14:05:02
C00001,1925.94,achat,DE,2025-06-05 14:05:02
C00001,1643.41,paiement,DE,2025-05-21 14:05:02
C00001,1908.21,paiement,IT,2025-05-22 14:05:02
C00002,1600.73,virement,IT,2025-05-23 14:05:02
C00002,1949.43,paiement,IT,2025-05-19 14:05:02
C00002,505.1,versement,DE,2025-06-09 14:05:02
C00001,363.79,versement,FR,2025-05-27 14:05:02
C00002,655.09,virement,IT,2025-05-26 14:05:02
C00001,1924.92,versement,DE,2025-05-27 14:05:02
C00001,1606.95,virement,FR,2025-06-09 14:05:02
C00001,1738.77,retrait,FR,2025-06-13 14:05:02
C00002,1520.73,retrait,ES,2025-05-27 14:05:02
C00001,1229.64,versement,ES,2025-05-18 14:05:02
C00002,155.83,achat,ES,2025-05-30 14:05:02
C00557,214.47,versement,IT,2025-06-02 14:05:02
C00001,704.32,virement,ES,2025-06-03 14:05:02
C00001,1267.32,versement,DE,2025-06-08 14:05:02
C00001,633.0,retrait,FR,2025-06-02 14:05:02
C00002,1320.35,achat,IT,2025-05-23 14:05:02
C00002,325.74,paiement,ES,2025-05-25 14:05:02
C00001,698.51,virement,ES,2025-05-25 14:05:02
C00001,58.82,paiement,IT,2025-06-08 14:05:02
C00001,1217.51,achat,DE,2025-05-18 14:05:02
C00001,1986.43,paiement,IT,2025-06-09 14:05:02
C00002,1399.4,achat,FR,2025-05-25 14:05:02
C00001,1497.32,retrait,ES,2025-05-19 14:05:02
C00596,1732.34,paiement,FR,2025-05-31 14:05:02
C00001,205.33,paiement,DE,2025-05-19 14:05:02
C00001,737.69,virement,DE,2025-06-07 14:05:02
C00001,287.14,retrait,ES,2025-06-15 14:05:02
C00002,1988.74,achat,DE,2025-05-22 14:05:02
C00002,1391.22,virement,DE,2025-06-02 14:05:02
C00002,700.78,achat,IT,2025-05-23 14:05:02
C00001,1246.27,paiement,IT,2025-05-28 14:05:02
C00001,48.63,retrait,DE,2025-06-01 14:05:02
C00001,235.54,paiement,ES,2025-06-03 14:05:02
C00001,764.95,achat,DE,2025-05-29 14:05:02
C00002,967.83,achat,IT,2025-06-04 14:05:02
C00675,863.83,achat,FR,2025-06-13 14:05:02
C00001,1064.62,virement,DE,2025-05-27 14:05:02
C00001,1291.82,retrait,IT,2025-05-30 14:05:02
C00931,1650.86,versement,FR,2025-06-09 14:05:02
C00369,392.94,virement,DE,2025-06-12 14:05:02
C00001,175.91,paiement,FR,2025-06-14 14:05:02
C00002,262.18,retrait,DE,2025-05-18 14:05:02
C00001,701.76,virement,FR,2025-05-20 14:05:02
C00002,1852.37,retrait,FR,2025-06-17 14:05:02
C00762,1670.75,virement,ES,2025-06-11 14:05:02
C00001,1485.71,paiement,FR,2025-05-30 14:05:02
C00980,624.61,retrait,FR,2025-06-09 14:05:02
C00765,656.91,versement,ES,2025-05-25 14:05:02
C00002,1961.93,versement,FR,2025-05-22 14:05:02
C00002,1261.43,achat,ES,2025-06-13 14:05:02
C00002,768.12,achat,IT,2025-06-11 14:05:02
C00002,318.73,retrait,FR,2025-05-26 14:05:02
C00001,789.87,achat,ES,2025-05-22 14:05:02
C00002,1656.35,versement,IT,2025-05-31 14:05:02
C00001,803.01,versement,DE,2025-06-08 14:05:02
C00001,977.01,achat,FR,2025-06-04 14:05:02
C00256,716.83,achat,FR,2025-05-27 14:05:02
C00002,1490.98,achat,ES,2025-06-11 14:05:02
C00001,1445.68,virement,DE,2025-05-22 14:05:02
C00001,401.71,retrait,DE,2025-06-04 14:05:02
C00001,1134.2,retrait,IT,2025-05-19 14:05:02
C00001,476.35,versement,ES,2025-06-10 14:05:02
C00001,484.01,achat,FR,2025-06-16 14:05:02
C00001,23.55,achat,ES,2025-06-01 14:05:02
C00451,288.88,achat,ES,2025-05-31 14:05:02
C00001,374.81,versement,DE,2025-05-28 14:05:02
C00001,91.53,paiement,ES,2025-06-13 14:05:02
C00739,1633.5,retrait,IT,2025-05-24 14:05:02
C00002,697.05,versement,FR,2025-06-07 14:05:02
C00723,1771.41,retrait,IT,2025-06-04 14:05:02
C00002,1584.94,versement,ES,2025-06-07 14:05:02
C00754,1336.58,paiement,ES,2025-06-05 14:05:02
C00002,910.76,paiement,ES,2025-05-26 14:05:02
C00412,600.63,paiement,ES,2025-06-13 14:05:02
C00001,819.36,achat,IT,2025-05-27 14:05:02
C00001,101.18,virement,IT,2025-05-23 14:05:02
C00001,74.08,virement,FR,2025-06-11 14:05:02
C00002,255.92,versement,IT,2025-06-04 14:05:02
C00755,970.12,versement,IT,2025-06-01 14:05:02
C00663,257.3,versement,ES,2025-06-08 14:05:02
C00758,1201.59,versement,IT,2025-06-04 14:05:02
C00002,1473.92,paiement,ES,2025-05-24 14:05:02
C00002,1919.53,paiement,FR,2025-06-17 14:05:02
C00001,1241.18,achat,IT,2025-06-12 14:05:02
C00001,1518.2,achat,FR,2025-05-26 14:05:02
C00002,1850.76,virement,DE,2025-05-31 14:05:02
C00001,656.58,paiement,IT,2025-05-19 14:05:02
C00002,1054.48,paiement,ES,2025-05-28 14:05:02
C00002,687.18,paiement,ES,2025-06-07 14:05:02
C00002,1282.11,versement,FR,2025-06-01 14:05:02
C00001,1028.42,retrait,ES,2025-05-18 14:05:02
C00001,378.93,achat,DE,2025-06-10 14:05:02
C00391,1150.46,achat,FR,2025-06-12 14:05:02
C00001,821.32,paiement,ES,2025-06-03 14:05:02
C00001,468.26,virement,IT,2025-06-09 14:05:02
C00002,376.82,virement,ES,2025-06-17 14:05:02
C00002,1126.46,virement,IT,2025-06-07 14:05:02
C00001,927.05,versement,DE,2025-06-11 14:05:02
C00002,1695.06,virement,DE,2025-05-20 14:05:02
C00001,1747.63,achat,DE,2025-06-09 14:05:02
C00002,1392.98,retrait,DE,2025-05-26 14:05:02
C00168,614.74,versement,IT,2025-06-17 14:05:02
C00001,879.32,versement,DE,2025-05-18 14:05:02
C00001,762.8,virement,DE,2025-05-22 14:05:02
C00001,1618.72,achat,DE,2025-06-01 14:05:02
C00001,471.96,retrait,IT,2025-06-07 14:05:02
C00001,1729.02,achat,FR,2025-05-18 14:05:02
C00002,468.86,achat,DE,2025-06-03 14:05:02
C00001,1665.03,versement,FR,2025-05-20 14:05:02
C00001,937.72,retrait,ES,2025-06-13 14:05:02
C00384,1910.72,virement,FR,2025-05-23 14:05:02
C00001,990.18,versement,DE,2025-05-23 14:05:02
C00001,1032.23,achat,ES,2025-06-03 14:05:02
C00001,683.26,virement,IT,2025-05-24 14:05:02
C00728,1913.68,retrait,ES,2025-06-04 14:05:02
C00001,1918.21,paiement,ES,2025-06-02 14:05:02
C00002,825.11,virement,IT,2025-06-10 14:05:02
C00001,122.66,versement,IT,2025-05-23 14:05:02
C00001,769.67,retrait,DE,2025-06-15 14:05:02
C00002,310.09,versement,IT,2025-06-07 14:05:02
C00001,1931.67,achat,ES,2025-06-16 14:05:02
C00002,1598.73,versement,FR,2025-06-04 14:05:02
C00002,1055.53,versement,IT,2025-05-28 14:05:02
C00001,440.22,achat,FR,2025-06-01 14:05:02
C00002,1660.23,versement,DE,2025-06-05 14:05:02
C00001,59.3,versement,DE,2025-06-03 14:05:02
C00001,865.62,versement,ES,2025-06-08 14:05:02
C00001,1640.08,achat,DE,2025-05-22 14:05:02
C00001,1454.15,paiement,DE,2025-06-05 14:05:02
C00454,1197.83,versement,FR,2025-05-23 14:05:02
C00001,1051.27,retrait,FR,2025-06-06 14:05:02
C00002,1540.6,achat,IT,2025-05-19 14:05:02
C00002,986.58,versement,FR,2025-06-04 14:05:02
C00001,953.83,retrait,ES,2025-05-22 14:05:02
C00001,526.99,virement,ES,2025-05-24 14:05:02
C00002,1905.25,achat,DE,2025-06-16 14:05:02
C00800,42.38,paiement,DE,2025-05-23 14:05:02
C00102,1967.4,achat,DE,2025-06-17 14:05:02
C00002,459.59,virement,FR,2025-06-08 14:05:02
C00343,664.9,paiement,IT,2025-05-21 14:05:02
C00001,90.26,versement,DE,2025-06-01 14:05:02
C00566,602.06,virement,DE,2025-06-01 14:05:02
C00002,1497.04,achat,FR,2025-05-18 14:05:02
C00002,1744.78,virement,ES,2025-06-02 14:05:02
C00571,345.7,versement,FR,2025-05-27 14:05:02
C00002,1435.81,versement,DE,2025-06-15 14:05:02
C00001,103.73,versement,FR,2025-05-30 14:05:02
C00897,1088.82,retrait,FR,2025-05-27 14:05:02
C00001,764.32,retrait,DE,2025-06-05 14:05:02
C00001,1361.48,paiement,FR,2025-06-07 14:05:02
C00001,1491.94,virement,IT,2025-06-14 14:05:02
C00001,1611.11,achat,ES,2025-05-19 14:05:02
C00002,526.45,achat,FR,2025-05-24 14:05:02
C00001,545.98,paiement,DE,2025-06-01 14:05:02
C00374,460.72,paiement,FR,2025-05-27 14:05:02
C00298,166.92,virement,FR,2025-06-07 14:05:02
C00001,1332.33,retrait,FR,2025-06-13 14:05:02
C00001,1726.63,versement,FR,2025-06-03 14:05:02
C00002,745.58,achat,IT,2025-06-17 14:05:02
C00001,1079.75,versement,IT,2025-06-07 14:05:02
C00002,543.66,paiement,FR,2025-06-04 14:05:02
C00002,1583.16,virement,ES,2025-05-27 14:05:02
C00001,1953.6,versement,ES,2025-05-23 14:05:02
C00001,1632.52,virement,FR,2025-05-22 14:05:02
C00001,304.86,retrait,FR,2025-05-21 14:05:02
C00001,1481.52,virement,FR,2025-06-01 14:05:02
C00001,976.17,versement,DE,2025-06-01 14:05:02
C00001,494.99,versement,DE,2025-06-01 14:05:02
C00002,1207.58,virement,ES,2025-05-27 14:05:02
C00002,476.94,retrait,ES,2025-06-12 14:05:02
C00002,623.62,versement,DE,2025-05-23 14:05:02
C00002,1741.48,versement,DE,2025-06-08 14:05:02
C00001,1438.31,achat,IT,2025-06-12 14:05:02
C00001,951.86,virement,IT,2025-06-02 14:05:02
C00002,1120.45,achat,ES,2025-06-12 14:05:02
C00366,794.28,achat,DE,2025-06-09 14:05:02
C00002,1479.36,achat,DE,2025-06-02 14:05:02
C00066,277.03,versement,DE,2025-05-24 14:05:02
C00001,1009.69,retrait,DE,2025-05-27 14:05:02
C00001,1021.58,paiement,IT,2025-05-30 14:05:02
C00002,340.01,achat,ES,2025-05-26 14:05:02
C00002,520.39,achat,FR,2025-06-06 14:05:02
C00001,1322.62,paiement,DE,2025-05-22 14:05:02
C00001,10.85,versement,ES,2025-06-14 14:05:02
C00002,332.38,paiement,DE,2025-06-08 14:05:02
C00002,512.18,paiement,DE,2025-06-02 14:05:02
C00002,1079.66,versement,ES,2025-06-12 14:05:02
C00001,1747.81,achat,IT,2025-05-26 14:05:02
C00001,1415.96,versement,ES,2025-06-11 14:05:02
C00001,906.36,virement,IT,2025-06-14 14:05:02
C00001,1268.4,versement,IT,2025-06-13 14:05:02
C00002,723.83,paiement,ES,2025-06-14 14:05:02
C00378,1141.07,versement,IT,2025-06-04 14:05:02
C00002,1706.54,versement,DE,2025-05-29 14:05:02
C00002,768.49,retrait,DE,2025-05-26 14:05:02
C00002,1435.8,achat,FR,2025-05-23 14:05:02
C00001,1497.93,achat,DE,2025-05-30 14:05:02
C00001,1530.48,versement,FR,2025-06-05 14:05:02
C00001,1095.14,virement,FR,2025-05-29 14:05:02
C00001,801.79,paiement,ES,2025-06-05 14:05:02
C00002,1965.29,achat,ES,2025-06-17 14:05:02
C00028,1222.55,retrait,DE,2025-05-30 14:05:02
C00001,1224.01,virement,FR,2025-06-13 14:05:02
C00001,886.11,achat,ES,2025-06-05 14:05:02
C00061,713.13,versement,FR,2025-06-11 14:05:02
C00002,1018.41,achat,DE,2025-05-22 14:05:02
C00001,435.23,paiement,ES,2025-05-20 14:05:02
C00001,1119.61,virement,ES,2025-05-27 14:05:02
C00001,238.95,virement,DE,2025-06-04 14:05:02
C00001,366.22,achat,ES,2025-05-21 14:05:02
C00002,649.22,virement,ES,2025-06-11 14:05:02
C00001,1162.41,virement,ES,2025-06-15 14:05:02
C00002,1841.76,paiement,FR,2025-06-02 14:05:02
C00550,788.16,versement,FR,2025-06-15 14:05:02
C00608,1515.78,versement,DE,2025-05-25 14:05:02
C00001,1371.82,versement,IT,2025-06-02 14:05:02
C00001,1999.14,virement,DE,2025-05-23 14:05:02
C00001,733.16,versement,FR,2025-06-04 14:05:02
C00002,1001.89,versement,FR,2025-06-10 14:05:02
C00002,1274.11,retrait,FR,2025-05-27 14:05:02
C00002,615.89,versement,DE,2025-06-12 14:05:02
C00002,382.51,virement,DE,2025-05-19 14:05:02
C00001,1497.05,virement,ES,2025-06-02 14:05:02
C00001,1703.9,paiement,IT,2025-06-03 14:05:02
C00001,1362.65,versement,IT,2025-05-24 14:05:02
C00114,720.88,versement,FR,2025-05-25 14:05:02
C00857,1023.76,achat,FR,2025-06-05 14:05:02
C00001,1555.62,paiement,FR,2025-05-20 14:05:02
C00002,751.1,virement,IT,2025-06-11 14:05:02
C00001,721.93,versement,ES,2025-05-19 14:05:02
C00002,1131.1,versement,DE,2025-05-24 14:05:02
C00362,753.04,paiement,FR,2025-05-25 14:05:02
C00002,819.42,achat,ES,2025-06-12 14:05:02
C00001,163.35,virement,DE,2025-05-28 14:05:02
C00249,677.2,achat,IT,2025-05-21 14:05:02
C00001,99.38,versement,DE,2025-06-01 14:05:02
C00001,161.56,paiement,IT,2025-06-15 14:05:02
C00001,237.48,virement,DE,2025-06-07 14:05:02
C00002,1153.6,retrait,ES,2025-05-18 14:05:02
C00002,42.23,virement,FR,2025-05-24 14:05:02
C00001,254.55,versement,ES,2025-06-12 14:05:02
C00001,1940.33,paiement,IT,2025-06-06 14:05:02
C00001,1692.7,virement,DE,2025-06-13 14:05:02
C00001,1021.27,retrait,DE,2025-06-05 14:05:02
C00593,1610.91,achat,IT,2025-05-24 14:05:02
C00002,1703.37,retrait,ES,2025-05-25 14:05:02
C00001,1230.52,virement,DE,2025-05-21 14:05:02
C00001,170.26,retrait,FR,2025-06-03 14:05:02
C00002,1464.84,achat,ES,2025-06-11 14:05:02
C00002,1933.35,retrait,DE,2025-05-21 14:05:02
C00001,1691.28,retrait,FR,2025-06-07 14:05:02
C00001,433.13,paiement,FR,2025-06-05 14:05:02
C00001,184.73,versement,ES,2025-05-25 14:05:02
C00395,695.48,versement,ES,2025-05-24 14:05:02
C00001,1447.51,achat,DE,2025-05-24 14:05:02
C00570,737.97,paiement,ES,2025-05-20 14:05:02
C00001,1887.1,virement,IT,2025-06-15 14:05:02
C00273,151.63,versement,ES,2025-06-05 14:05:02
C00001,1226.59,retrait,IT,2025-06-07 14:05:02
C00514,1116.02,achat,DE,2025-05-23 14:05:02
C00912,1649.17,virement,DE,2025-05-23 14:05:02
C00002,294.14,versement,FR,2025-06-17 14:05:02
C00002,1851.1,retrait,FR,2025-05-19 14:05:02
C00002,609.99,virement,DE,2025-06-11 14:05:02
C00001,92.42,retrait,DE,2025-05-26 14:05:02
C00002,1660.59,paiement,FR,2025-05-30 14:05:02
C00002,1130.02,achat,ES,2025-06-01 14:05:02
C00002,1278.46,achat,DE,2025-06-04 14:05:02
C00002,1933.64,paiement,IT,2025-06-15 14:05:02
C00234,770.01,virement,DE,2025-06-12 14:05:02
C00002,836.47,retrait,FR,2025-05-24 14:05:02
C00001,1913.32,versement,ES,2025-05-21 14:05:02
C00001,673.54,achat,IT,2025-06-08 14:05:02
C00465,1464.3,paiement,ES,2025-06-03 14:05:02
C00001,1075.98,virement,ES,2025-05-18 14:05:02
C00001,59.83,paiement,ES,2025-06-09 14:05:02
C00437,613.07,virement,FR,2025-06-06 14:05:02
C00002,1125.84,paiement,ES,2025-05-26 14:05:02
C00002,908.95,achat,IT,2025-06-01 14:05:02
C00907,889.1,virement,IT,2025-06-03 14:05:02
C00002,51.43,paiement,FR,2025-06-06 14:05:02
C00001,1954.55,paiement,FR,2025-06-02 14:05:02
C00002,986.63,achat,ES,2025-05-19 14:05:02
C00002,867.78,versement,IT,2025-05-21 14:05:02
C00001,1602.56,achat,FR,2025-05-20 14:05:02
C00001,926.71,virement,IT,2025-06-15 14:05:02
C00001,371.94,versement,IT,2025-06-13 14:05:02
C00002,1929.84,achat,ES,2025-05-19 14:05:02
C00002,310.7,paiement,IT,2025-05-28 14:05:02
C00001,1908.03,paiement,DE,2025-05-18 14:05:02
C00002,1089.28,retrait,FR,2025-05-30 14:05:02
C00001,273.65,achat,ES,2025-06-10 14:05:02
C00001,1702.36,versement,IT,2025-06-11 14:05:02
C00001,744.59,versement,DE,2025-05-26 14:05:02
C00001,685.22,versement,FR,2025-06-14 14:05:02
C00158,145.19,versement,IT,2025-06-17 14:05:02
C00002,1056.22,virement,ES,2025-05-21 14:05:02
C00002,1462.2,virement,IT,2025-06-12 14:05:02
C00002,1792.06,achat,DE,2025-05-24 14:05:02
C00001,1923.14,retrait,DE,2025-06-10 14:05:02
C00002,912.24,achat,ES,2025-06-03 14:05:02
C00001,1331.04,retrait,DE,2025-06-16 14:05:02
C00001,647.36,virement,FR,2025-06-10 14:05:02
C00952,1931.04,virement,DE,2025-06-14 14:05:02
C00001,588.64,achat,FR,2025-05-24 14:05:02
C00001,1844.12,retrait,ES,2025-06-05 14:05:02
C00001,701.15,paiement,FR,2025-06-08 14:05:02
C00320,1593.51,versement,ES,2025-05-26 14:05:02
C00001,558.83,retrait,IT,2025-06-05 14:05:02
C00002,164.73,paiement,IT,2025-05-31 14:05:02
C00001,1999.98,versement,FR,2025-05-20 14:05:02
C00002,456.99,retrait,DE,2025-05-19 14:05:02
C00002,1064.11,retrait,ES,2025-06-05 14:05:02
C00001,1668.33,achat,FR,2025-06-01 14:05:02
C00001,169.44,virement,FR,2025-06-12 14:05:02
C00001,1258.83,virement,ES,2025-06-10 14:05:02
C00866,680.49,achat,FR,2025-05-31 14:05:02
C00001,433.56,retrait,IT,2025-05-25 14:05:02
C00002,227.97,paiement,ES,2025-05-31 14:05:02
C00001,1913.98,paiement,IT,2025-06-11 14:05:02
C00001,1989.87,achat,DE,2025-05-22 14:05:02
C00001,578.69,versement,IT,2025-05-30 14:05:02
C00001,1453.55,virement,ES,2025-06-03 14:05:02
C00002,581.01,retrait,ES,2025-06-12 14:05:02
C00001,1633.15,paiement,IT,2025-06-04 14:05:02
C00001,399.23,achat,IT,2025-05-28 14:05:02
C00001,1956.63,paiement,ES,2025-05-30 14:05:02
C00001,834.83,virement,ES,2025-06-12 14:05:02
C00001,426.43,virement,DE,2025-05-31 14:05:02
C00002,668.65,retrait,FR,2025-05-22 14:05:02
C00001,550.76,paiement,ES,2025-05-30 14:05:02
C00001,1276.12,paiement,ES,2025-06-07 14:05:02
C00001,1938.56,paiement,IT,2025-05-27 14:05:02
C00001,1620.95,virement,IT,2025-05-21 14:05:02
C00002,191.92,versement,ES,2025-06-03 14:05:02
C00002,15.47,paiement,IT,2025-05-25 14:05:02
C00002,1173.86,retrait,ES,2025-06-01 14:05:02
C00868,1786.75,versement,FR,2025-05-25 14:05:02
C00002,709.82,achat,FR,2025-05-28 14:05:02
C00002,502.4,achat,DE,2025-05-29 14:05:02
C00001,963.66,retrait,IT,2025-05-29 14:05:02
C00857,1966.66,versement,IT,2025-06-14 14:05:02
C00390,1825.11,achat,IT,2025-05-23 14:05:02
C00002,1364.85,virement,IT,2025-06-08 14:05:02
C00002,1529.33,achat,DE,2025-05-29 14:05:02
C00001,1522.05,retrait,ES,2025-06-03 14:05:02
C00001,1179.94,paiement,DE,2025-05-24 14:05:02
C00001,410.2,paiement,ES,2025-06-12 14:05:02
C00001,1751.99,achat,FR,2025-05-25 14:05:02
C00002,1553.54,paiement,DE,2025-06-01 14:05:02
C00001,593.19,retrait,IT,2025-06-08 14:05:02
C00002,103.14,versement,DE,2025-06-09 14:05:02
C00002,1063.2,versement,ES,2025-06-13 14:05:02
C00002,1223.49,achat,ES,2025-06-11 14:05:02
C00002,700.66,versement,IT,2025-05-22 14:05:02
C00042,1805.45,retrait,DE,2025-05-23 14:05:02
C00002,137.76,virement,DE,2025-05-29 14:05:02
C00001,932.9,paiement,ES,2025-06-10 14:05:02
C00001,1988.86,retrait,ES,2025-06-11 14:05:02
C00001,1067.4,versement,IT,2025-05-30 14:05:02
C00002,438.77,achat,IT,2025-06-15 14:05:02
C00001,1616.9,virement,DE,2025-05-22 14:05:02
C00001,967.6,versement,ES,2025-06-07 14:05:02
C00001,1846.79,paiement,DE,2025-05-26 14:05:02
C00001,612.5,versement,IT,2025-05-23 14:05:02
C00788,1724.67,virement,IT,2025-05-18 14:05:02
C00002,1772.15,retrait,FR,2025-06-10 14:05:02
C00002,1989.52,virement,ES,2025-05-23 14:05:02
C00001,1716.5,retrait,FR,2025-06-16 14:05:02
C00002,533.96,retrait,FR,2025-06-08 14:05:02
C00001,1387.03,virement,ES,2025-05-21 14:05:02
C00002,1240.39,achat,ES,2025-06-17 14:05:02
C00001,1462.96,versement,DE,2025-05-30 14:05:02
C00002,1054.61,retrait,DE,2025-06-10 14:05:02
C00001,1521.64,retrait,ES,2025-05-29 14:05:02
C00803,1215.15,versement,ES,2025-05-23 14:05:02
C00001,753.03,versement,DE,2025-05-18 14:05:02
C00002,43.43,versement,FR,2025-06-14 14:05:02
C00002,988.61,paiement,DE,2025-06-05 14:05:02
C00300,1226.71,achat,FR,2025-06-11 14:05:02
C00001,1390.44,retrait,IT,2025-05-23 14:05:02
C00002,535.8,versement,ES,2025-06-08 14:05:02
C00002,1911.02,virement,FR,2025-05-27 14:05:02
C00001,1744.02,paiement,IT,2025-05-21 14:05:02
C00002,627.16,versement,DE,2025-06-10 14:05:02
C00001,993.59,versement,DE,2025-06-04 14:05:02
C00001,1345.9,retrait,FR,2025-05-23 14:05:02
C00002,1516.69,achat,IT,2025-06-10 14:05:02
C00001,461.81,paiement,ES,2025-06-15 14:05:02
C00002,1648.42,versement,DE,2025-05-22 14:05:02
C00709,1450.21,retrait,ES,2025-05-18 14:05:02
C00002,1045.55,versement,FR,2025-05-29 14:05:02
C00002,707.78,paiement,DE,2025-06-02 14:05:02
C00002,1202.62,virement,FR,2025-06-16 14:05:02
C00001,1097.48,versement,FR,2025-06-12 14:05:02
C00001,1608.63,achat,DE,2025-06-15 14:05:02
C00420,831.39,achat,ES,2025-06-01 14:05:02
C00001,862.72,achat,FR,2025-05-20 14:05:02
C00001,393.01,retrait,FR,2025-06-07 14:05:02
C00002,585.66,achat,FR,2025-06-15 14:05:02
C00589,1071.86,versement,FR,2025-06-16 14:05:02
C00945,14.84,paiement,ES,2025-05-24 14:05:02
C00002,481.9,achat,ES,2025-06-09 14:05:02
C00002,595.13,achat,DE,2025-05-30 14:05:02
C00001,1923.23,paiement,FR,2025-05-22 14:05:02
C00375,1776.37,virement,IT,2025-06-10 14:05:02
C00001,335.66,paiement,FR,2025-05-20 14:05:02
C00367,116.33,versement,IT,2025-05-31 14:05:02
C00002,40.59,virement,FR,2025-05-28 14:05:02
C00874,32.33,versement,ES,2025-06-15 14:05:02
C00001,1663.65,virement,ES,2025-05-22 14:05:02
C00002,1732.08,achat,ES,2025-05-25 14:05:02
C00001,483.08,versement,IT,2025-06-02 14:05:02
C00002,755.93,retrait,ES,2025-05-31 14:05:02
C00001,341.39,achat,ES,2025-06-17 14:05:02
C00494,1991.01,retrait,ES,2025-05-22 14:05:02
C00001,1235.48,virement,ES,2025-06-05 14:05:02
C00002,315.34,achat,DE,2025-06-05 14:05:02
C00002,929.66,paiement,FR,2025-05-20 14:05:02
C00002,794.8,achat,FR,2025-06-16 14:05:02
C00002,231.3,achat,DE,2025-06-09 14:05:02
C00541,843.47,retrait,ES,2025-05-29 14:05:02
C00001,446.7,virement,DE,2025-05-22 14:05:02
C00001,1367.35,virement,ES,2025-05-29 14:05:02
C00001,1445.36,retrait,IT,2025-06-05 14:05:02
C00002,186.05,virement,IT,2025-05-28 14:05:02
C00001,695.5,achat,DE,2025-06-07 14:05:02
C00002,1601.53,versement,IT,2025-06-12 14:05:02
C00002,722.11,retrait,DE,2025-06-06 14:05:02
C00002,866.31,retrait,FR,2025-05-29 14:05:02
C00002,518.08,achat,DE,2025-06-17 14:05:02
C00002,379.06,virement,IT,2025-06-04 14:05:02
C00001,578.28,achat,ES,2025-06-16 14:05:02
C00001,1145.27,paiement,DE,2025-05-23 14:05:02
C00001,303.41,achat,FR,2025-06-15 14:05:02
C00002,260.8,paiement,FR,2025-05-23 14:05:02
C00283,1663.43,achat,IT,2025-06-08 14:05:02
C00001,1963.41,versement,DE,2025-06-01 14:05:02
C00001,210.92,paiement,FR,2025-06-11 14:05:02
C00001,422.47,paiement,FR,2025-06-07 14:05:02
C00002,953.86,virement,FR,2025-05-22 14:05:02
C00002,1387.25,achat,IT,2025-05-20 14:05:02
C00002,399.98,versement,DE,2025-05-28 14:05:02
C00001,550.13,retrait,ES,2025-05-29 14:05:02
C00001,145.57,virement,DE,2025-05-28 14:05:02
C00001,1364.54,virement,FR,2025-06-09 14:05:02
C00193,406.83,virement,DE,2025-06-05 14:05:02
C00001,606.56,retrait,IT,2025-06-10 14:05:02
C00989,1031.9,achat,ES,2025-05-23 14:05:02
C00002,1221.84,virement,FR,2025-05-25 14:05:02
C00001,1520.91,retrait,DE,2025-06-14 14:05:02
C00731,1833.78,achat,FR,2025-06-07 14:05:02
C00001,1407.39,retrait,DE,2025-06-03 14:05:02
C00001,1213.22,virement,FR,2025-05-27 14:05:02
C00550,1779.29,versement,IT,2025-05-28 14:05:02
C00002,1137.42,versement,IT,2025-06-10 14:05:02
C00001,1980.19,achat,ES,2025-05-26 14:05:02
C00002,501.91,virement,DE,2025-06-09 14:05:02
C00002,660.26,versement,FR,2025-06-10 14:05:02
C00001,392.82,versement,IT,2025-06-07 14:05:02
C00002,1436.54,paiement,IT,2025-05-20 14:05:02
C00001,936.01,retrait,ES,2025-05-27 14:05:02
C00001,1995.53,versement,ES,2025-06-01 14:05:02
C00001,883.18,achat,IT,2025-05-29 14:05:02
C00001,752.23,virement,ES,2025-05-24 14:05:02
C00002,1149.53,retrait,DE,2025-06-06 14:05:02
C00002,981.91,virement,DE,2025-06-12 14:05:02
C00001,1662.51,versement,ES,2025-06-06 14:05:02
C00884,1385.88,virement,ES,2025-06-13 14:05:02
C00001,1427.57,paiement,ES,2025-06-13 14:05:02
C00002,838.94,retrait,IT,2025-05-27 14:05:02
C00002,733.41,versement,DE,2025-06-14 14:05:02
C00002,1502.13,versement,ES,2025-06-16 14:05:02
C00001,601.01,versement,DE,2025-06-03 14:05:02
C00002,95.82,versement,DE,2025-05-18 14:05:02
C00001,812.18,virement,FR,2025-05-22 14:05:02
C00002,1444.28,paiement,DE,2025-05-30 14:05:02
C00002,1861.41,virement,DE,2025-06-11 14:05:02
C00001,731.79,virement,FR,2025-05-31 14:05:02
C00001,1916.75,paiement,FR,2025-05-30 14:05:02
C00001,23.42,achat,FR,2025-06-16 14:05:02
C00001,311.14,retrait,IT,2025-06-02 14:05:02
C00002,1132.36,versement,FR,2025-06-03 14:05:02
C00001,1430.72,paiement,DE,2025-05-23 14:05:02
C00001,754.87,paiement,ES,2025-06-04 14:05:02
C00002,1548.78,achat,DE,2025-05-22 14:05:02
C00001,239.6,retrait,DE,2025-05-18 14:05:02
C00002,832.3,virement,DE,2025-06-11 14:05:02
C00001,747.28,virement,FR,2025-06-17 14:05:02
C00498,1428.81,paiement,DE,2025-05-26 14:05:02
C00001,305.12,versement,DE,2025-06-03 14:05:02
C00001,1364.63,achat,DE,2025-06-16 14:05:02
C00001,1511.83,achat,ES,2025-06-15 14:05:02
C00001,806.86,versement,ES,2025-05-18 14:05:02
C00001,1374.39,retrait,ES,2025-05-28 14:05:02
C00001,270.9,retrait,ES,2025-06-11 14:05:02
C00675,704.98,achat,ES,2025-05-22 14:05:02
C00767,782.03,paiement,DE,2025-06-01 14:05:02
C00002,1341.67,achat,ES,2025-05-22 14:05:02
C00002,1660.6,retrait,DE,2025-05-31 14:05:02
C00002,372.04,retrait,ES,2025-05-28 14:05:02
C00001,1559.49,paiement,DE,2025-05-29 14:05:02
C00002,879.31,versement,ES,2025-06-03 14:05:02
C00001,1997.5,virement,FR,2025-05-18 14:05:02
C00001,231.79,versement,DE,2025-06-16 14:05:02
C00001,1255.17,retrait,IT,2025-06-04 14:05:02
C00001,1907.21,achat,ES,2025-05-21 14:05:02
C00001,1997.16,paiement,DE,2025-05-24 14:05:02
C00001,1090.67,paiement,FR,2025-05-26 14:05:02
C00002,1504.18,achat,IT,2025-05-26 14:05:02
C00001,1055.3,paiement,FR,2025-05-26 14:05:02
C00001,718.25,virement,ES,2025-05-19 14:05:02
C00001,1237.95,paiement,FR,2025-05-22 14:05:02
C00721,661.25,achat,FR,2025-05-22 14:05:02
C00001,1394.99,versement,FR,2025-05-24 14:05:02
C00102,353.71,paiement,FR,2025-05-19 14:05:02
C00001,703.62,versement,DE,2025-06-15 14:05:02
C00001,1825.17,retrait,IT,2025-06-06 14:05:02
C00001,324.87,virement,ES,2025-05-29 14:05:02
C00002,245.0,achat,ES,2025-05-26 14:05:02
C00002,1582.45,versement,FR,2025-06-03 14:05:02
C00002,1401.12,achat,FR,2025-06-09 14:05:02
C00001,37.07,paiement,DE,2025-06-06 14:05:02
C00001,817.05,retrait,DE,2025-05-27 14:05:02
C00297,37.51,versement,FR,2025-06-10 14:05:02
C00002,411.06,achat,DE,2025-05-20 14:05:02
C00002,104.71,versement,IT,2025-06-10 14:05:02
C00002,1649.32,paiement,ES,2025-06-02 14:05:02
C00002,1991.98,retrait,IT,2025-06-10 14:05:02
C00001,1917.54,achat,ES,2025-06-01 14:05:02
C00002,353.89,achat,DE,2025-06-12 14:05:02
C00001,1181.71,versement,FR,2025-06-12 14:05:02
C00001,370.28,achat,ES,2025-05-27 14:05:02
C00001,109.44,achat,FR,2025-06-17 14:05:02
C00001,22.64,paiement,DE,2025-05-19 14:05:02
C00001,1791.43,virement,DE,2025-06-12 14:05:02
C00002,19.49,retrait,IT,2025-05-26 14:05:02
C00002,472.61,versement,DE,2025-05-25 14:05:02
C00002,1661.0,versement,IT,2025-06-15 14:05:02
C00002,1352.99,retrait,DE,2025-05-25 14:05:02
C00001,1107.73,retrait,IT,2025-05-19 14:05:02
C00814,501.99,paiement,ES,2025-05-24 14:05:02
C00001,1540.86,versement,IT,2025-05-25 14:05:02
C00002,106.26,achat,DE,2025-06-17 14:05:02
C00001,98.24,retrait,DE,2025-06-10 14:05:02
C00002,1170.44,retrait,FR,2025-06-17 14:05:02
C00001,1984.46,paiement,ES,2025-05-20 14:05:02
C00001,314.68,paiement,IT,2025-06-08 14:05:02
C00002,1680.57,paiement,IT,2025-05-29 14:05:02
C00966,604.62,virement,DE,2025-06-03 14:05:02
C00001,1145.54,virement,DE,2025-06-08 14:05:02
C00001,817.36,retrait,FR,2025-06-02 14:05:02
C00001,701.64,paiement,ES,2025-06-06 14:05:02
C00001,19.43,virement,IT,2025-06-17 14:05:02
C00001,901.35,virement,FR,2025-06-09 14:05:02
C00427,877.88,virement,DE,2025-06-02 14:05:02
C00001,1552.54,paiement,FR,2025-05-27 14:05:02
C00668,1221.7,retrait,FR,2025-06-14 14:05:02
C00001,1317.97,versement,IT,2025-05-22 14:05:02
C00002,874.84,paiement,IT,2025-06-15 14:05:02
C00001,1751.28,versement,IT,2025-06-03 14:05:02
C00002,1999.53,retrait,ES,2025-06-02 14:05:02
C00002,1648.22,paiement,FR,2025-05-18 14:05:02
C00062,1402.56,paiement,IT,2025-05-24 14:05:02
C00001,155.88,retrait,IT,2025-05-22 14:05:02
C00002,1319.81,retrait,FR,2025-06-09 14:05:02
C00151,39.63,paiement,ES,2025-05-19 14:05:02
C00002,1083.0,virement,ES,2025-05-20 14:05:02
C00001,285.28,retrait,IT,2025-06-04 14:05:02
C00002,1510.58,versement,FR,2025-05-30 14:05:02
C00002,716.5,versement,IT,2025-06-14 14:05:02
C00002,719.83,retrait,ES,2025-06-17 14:05:02
C00002,1034.78,retrait,ES,2025-05-31 14:05:02
C00819,945.26,versement,FR,2025-06-15 14:05:02
C00002,1476.68,paiement,IT,2025-05-26 14:05:02
C00001,966.53,paiement,FR,2025-06-01 14:05:02
C00001,913.64,paiement,FR,2025-06-11 14:05:02
C00002,707.63,versement,IT,2025-05-19 14:05:02
C00002,1686.01,retrait,IT,2025-06-02 14:05:02
C00001,1135.36,paiement,DE,2025-06-12 14:05:02
C00002,1742.82,versement,DE,2025-06-15 14:05:02
C00001,1173.56,achat,DE,2025-06-10 14:05:02
C00001,1649.09,versement,DE,2025-05-23 14:05:02
C00752,646.3,achat,FR,2025-06-03 14:05:02
C00002,1678.59,achat,IT,2025-05-26 14:05:02
C00706,525.12,achat,FR,2025-06-02 14:05:02
C00002,1990.11,versement,ES,2025-06-04 14:05:02
C00001,59.17,versement,DE,2025-05-18 14:05:02
C00002,483.72,versement,DE,2025-06-06 14:05:02
C00001,1083.58,virement,IT,2025-05-24 14:05:02
C00001,1707.94,versement,DE,2025-06-06 14:05:02
C00001,911.86,achat,ES,2025-05-22 14:05:02
C00002,1293.9,retrait,DE,2025-05-31 14:05:02
C00001,1135.29,achat,DE,2025-06-05 14:05:02
C00786,678.09,virement,DE,2025-05-24 14:05:02
C00002,1822.11,versement,DE,2025-06-11 14:05:02
C00965,708.5,versement,DE,2025-06-13 14:05:02
C00002,1848.39,virement,DE,2025-05-30 14:05:02
C00001,1313.06,paiement,FR,2025-05-23 14:05:02
C00023,1893.56,versement,ES,2025-06-16 14:05:02
C00001,613.52,retrait,DE,2025-05-22 14:05:02
C00002,1239.64,paiement,DE,2025-06-10 14:05:02
C00001,1219.21,versement,FR,2025-06-11 14:05:02
C00001,1748.86,achat,FR,2025-06-07 14:05:02
C00001,41.62,achat,IT,2025-06-14 14:05:02
C00002,1754.64,paiement,FR,2025-06-10 14:05:02
C00001,1081.5,virement,ES,2025-06-15 14:05:02
C00001,356.24,versement,FR,2025-06-05 14:05:02
C00001,1970.08,virement,DE,2025-06-11 14:05:02
C00002,910.61,paiement,IT,2025-05-22 14:05:02
C00002,1403.87,achat,ES,2025-05-27 14:05:02
C00002,1121.44,versement,ES,2025-06-14 14:05:02
C00002,1382.53,achat,IT,2025-05-19 14:05:02
C00001,503.89,paiement,DE,2025-06-15 14:05:02
C00001,1894.14,paiement,ES,2025-06-05 14:05:02
C00001,1706.97,achat,FR,2025-05-25 14:05:02
C00002,1638.56,paiement,DE,2025-06-15 14:05:02
C00001,848.63,achat,ES,2025-05-20 14:05:02
C00001,1653.93,achat,ES,2025-06-02 14:05:02
C00001,227.81,virement,IT,2025-05-24 14:05:02
C00001,1976.25,achat,IT,2025-06-07 14:05:02
C00874,706.82,versement,DE,2025-05-24 14:05:02
C00002,609.07,retrait,FR,2025-06-14 14:05:02
C00001,740.77,retrait,ES,2025-06-17 14:05:02
C00001,1378.96,paiement,FR,2025-05-23 14:05:02
C00001,262.28,achat,FR,2025-05-25 14:05:02
C00002,364.58,paiement,ES,2025-05-20 14:05:02
C00001,1076.88,achat,IT,2025-05-26 14:05:02
C00002,426.09,versement,ES,2025-06-04 14:05:02
C00001,108.88,paiement,DE,2025-05-20 14:05:02
C00002,905.88,versement,FR,2025-06-09 14:05:02
C00406,1758.6,versement,ES,2025-05-26 14:05:02
C00411,1182.67,paiement,DE,2025-06-11 14:05:02
C00001,1458.26,achat,DE,2025-05-20 14:05:02
C00800,517.88,paiement,IT,2025-05-25 14:05:02
C00002,129.18,virement,IT,2025-06-03 14:05:02
C00002,118.66,versement,IT,2025-06-06 14:05:02
C00001,1867.11,virement,IT,2025-06-17 14:05:02
C00002,884.9,virement,DE,2025-06-16 14:05:02
C00002,1690.29,paiement,IT,2025-06-14 14:05:02
C00001,156.07,versement,IT,2025-06-12 14:05:02
C00002,529.4,virement,ES,2025-06-12 14:05:02
C00002,1915.71,versement,FR,2025-05-25 14:05:02
C00002,223.71,achat,ES,2025-06-05 14:05:02
C00002,1998.42,virement,DE,2025-06-14 14:05:02
C00190,824.71,retrait,FR,2025-06-13 14:05:02
C00002,1770.26,versement,IT,2025-05-30 14:05:02
C00001,1044.99,retrait,FR,2025-05-26 14:05:02
C00002,1763.31,achat,FR,2025-05-19 14:05:02
C00002,129.28,versement,ES,2025-06-01 14:05:02
C00002,1774.3,paiement,DE,2025-05-23 14:05:02
C00002,1592.42,versement,IT,2025-05-31 14:05:02
C00002,1294.68,achat,FR,2025-06-09 14:05:02
C00001,1037.56,virement,IT,2025-05-28 14:05:02
C00001,1834.48,retrait,DE,2025-05-18 14:05:02
C00001,648.66,achat,FR,2025-05-21 14:05:02
C00142,1005.26,virement,IT,2025-05-26 14:05:02
C00001,1284.22,versement,FR,2025-06-13 14:05:02
C00001,1196.57,paiement,DE,2025-06-16 14:05:02
C00001,942.22,retrait,DE,2025-05-29 14:05:02
C00002,959.76,virement,FR,2025-06-08 14:05:02
C00001,637.45,paiement,DE,2025-05-23 14:05:02
C00001,1712.51,versement,DE,2025-06-03 14:05:02
C00002,1700.19,achat,DE,2025-06-13 14:05:02
C00001,14.87,paiement,IT,2025-05-22 14:05:02
C00066,22.09,retrait,IT,2025-06-12 14:05:02
C00001,1648.91,achat,FR,2025-05-27 14:05:02
C00001,1586.09,achat,IT,2025-06-16 14:05:02
C00258,858.54,virement,FR,2025-05-22 14:05:02
C00508,1740.5,retrait,DE,2025-06-09 14:05:02
C00002,868.46,achat,FR,2025-05-27 14:05:02
C00001,1850.97,achat,ES,2025-05-25 14:05:02
C00001,149.37,virement,IT,2025-05-30 14:05:02
C00002,459.11,achat,ES,2025-06-12 14:05:02
C00001,204.62,paiement,ES,2025-06-14 14:05:02
C00002,1421.31,paiement,ES,2025-06-13 14:05:02
C00002,1627.41,achat,ES,2025-06-02 14:05:02
C00001,387.99,paiement,DE,2025-06-13 14:05:02
C00001,15.63,achat,ES,2025-05-27 14:05:02
C00001,1131.79,achat,DE,2025-05-26 14:05:02
C00001,1122.43,versement,DE,2025-06-14 14:05:02
C00002,127.52,virement,IT,2025-05-24 14:05:02
C00300,1656.89,retrait,DE,2025-06-14 14:05:02
C00911,1893.33,paiement,IT,2025-05-20 14:05:02
C00001,107.13,retrait,ES,2025-05-28 14:05:02
C00001,1016.32,retrait,DE,2025-06-08 14:05:02
C00001,79.47,achat,DE,2025-06-05 14:05:02
C00002,478.52,paiement,ES,2025-05-27 14:05:02
C00001,1096.01,paiement,IT,2025-06-12 14:05:02
C00001,137.97,paiement,DE,2025-05-24 14:05:02
C00001,1163.89,achat,IT,2025-05-30 14:05:02
C00002,1276.16,virement,FR,2025-05-24 14:05:02
C00002,324.58,virement,IT,2025-06-03 14:05:02
C00002,856.59,achat,ES,2025-05-25 14:05:02
C00001,292.97,paiement,ES,2025-06-03 14:05:02
C00002,1647.5,virement,FR,2025-06-06 14:05:02
C00001,1457.05,versement,DE,2025-06-02 14:05:02
C00254,692.59,achat,IT,2025-06-11 14:05:02
C00226,1684.12,virement,FR,2025-05-25 14:05:02
C00002,170.8,virement,FR,2025-06-03 14:05:02
C00001,517.1,retrait,FR,2025-05-18 14:05:02
C00001,565.93,versement,FR,2025-05-30 14:05:02
C00002,1866.05,paiement,ES,2025-06-09 14:05:02
C00599,290.38,retrait,FR,2025-06-08 14:05:02
C00001,334.4,achat,IT,2025-05-22 14:05:02
C00001,100.54,paiement,FR,2025-06-08 14:05:02
C00002,1057.87,achat,DE,2025-05-25 14:05:02
C00659,719.35,versement,DE,2025-06-12 14:05:02
C00001,933.22,virement,FR,2025-06-15 14:05:02
C00001,778.76,achat,IT,2025-06-05 14:05:02
C00002,479.94,retrait,IT,2025-06-12 14:05:02
C00002,686.73,paiement,FR,2025-06-15 14:05:02
C00002,1752.62,paiement,ES,2025-05-19 14:05:02
C00001,1916.43,paiement,FR,2025-05-20 14:05:02
C00245,97.0,retrait,ES,2025-05-27 14:05:02
C00001,1850.35,virement,DE,2025-06-05 14:05:02
C00002,243.28,achat,IT,2025-05-19 14:05:02
C00001,1942.6,achat,DE,2025-06-10 14:05:02
C00001,1294.81,virement,DE,2025-06-16 14:05:02
C00002,1449.25,retrait,FR,2025-06-08 14:05:02
C00159,506.02,retrait,ES,2025-05-18 14:05:02
C00001,1315.45,virement,ES,2025-06-16 14:05:02
C00001,1455.21,versement,IT,2025-05-30 14:05:02
C00002,1256.01,versement,ES,2025-05-27 14:05:02
C00002,1320.15,retrait,ES,2025-05-26 14:05:02
C00539,1363.31,versement,IT,2025-06-03 14:05:02
C00697,1782.57,versement,IT,2025-05-30 14:05:02
C00001,1602.12,retrait,ES,2025-05-19 14:05:02
C00001,449.11,retrait,ES,2025-05-20 14:05:02
C00001,1722.8,virement,IT,2025-05-19 14:05:02
C00001,884.64,paiement,FR,2025-06-03 14:05:02
C00846,1579.32,paiement,ES,2025-05-18 14:05:02
C00001,870.3,retrait,FR,2025-06-05 14:05:02
C00002,621.14,achat,IT,2025-06-10 14:05:02
C00002,664.27,retrait,FR,2025-06-16 14:05:02
C00002,567.47,paiement,FR,2025-05-22 14:05:02
C00002,32.1,retrait,IT,2025-05-29 14:05:02
C00001,1335.07,retrait,IT,2025-06-04 14:05:02
C00002,1667.51,versement,FR,2025-06-13 14:05:02
C00002,1160.23,retrait,IT,2025-06-14 14:05:02
C00001,1358.62,versement,DE,2025-06-14 14:05:02
C00002,243.4,virement,DE,2025-06-08 14:05:02
C00002,764.66,versement,FR,2025-06-04 14:05:02
C00002,791.73,versement,DE,2025-05-27 14:05:02
C00001,575.89,virement,IT,2025-05-21 14:05:02
C00002,776.32,achat,ES,2025-05-30 14:05:02
C00001,1599.93,virement,FR,2025-05-23 14:05:02
C00002,921.38,achat,ES,2025-06-10 14:05:02
C00001,729.16,versement,ES,2025-06-06 14:05:02
C00002,1754.5,versement,ES,2025-06-09 14:05:02
C00001,1167.11,retrait,FR,2025-05-24 14:05:02
C00002,431.53,paiement,FR,2025-06-11 14:05:02
C00001,1083.95,virement,IT,2025-05-28 14:05:02
C00001,876.86,paiement,IT,2025-06-06 14:05:02
C00001,1787.51,retrait,IT,2025-06-14 14:05:02
C00002,437.45,achat,ES,2025-06-02 14:05:02
C00061,1887.27,achat,ES,2025-05-24 14:05:02
C00001,248.66,virement,FR,2025-06-03 14:05:02
C00002,1219.41,virement,FR,2025-05-28 14:05:02
C00528,1785.44,virement,ES,2025-06-17 14:05:02
C00001,798.05,achat,FR,2025-05-30 14:05:02
C00771,671.24,achat,DE,2025-05-18 14:05:02
C00001,1099.89,virement,IT,2025-06-13 14:05:02
C00001,1417.75,versement,IT,2025-06-10 14:05:02
C00002,244.36,virement,FR,2025-05-28 14:05:02
C00002,553.88,virement,DE,2025-05-31 14:05:02
C00002,1555.81,virement,IT,2025-06-17 14:05:02
C00819,917.29,versement,ES,2025-06-14 14:05:02
C00001,759.59,virement,ES,2025-06-16 14:05:02
C00001,1900.06,paiement,IT,2025-06-17 14:05:02
C00001,666.45,virement,IT,2025-05-25 14:05:02
C00001,1863.32,versement,FR,2025-06-04 14:05:02
C00001,152.66,retrait,FR,2025-06-11 14:05:02
C00001,1736.27,achat,DE,2025-06-10 14:05:02
C00001,1397.34,achat,ES,2025-05-30 14:05:02
C00001,347.87,paiement,IT,2025-05-25 14:05:02
C00002,254.63,paiement,IT,2025-05-31 14:05:02
C00001,284.26,versement,IT,2025-05-19 14:05:02
C00001,1348.45,versement,DE,2025-06-13 14:05:02
C00001,97.84,versement,DE,2025-05-27 14:05:02
C00306,466.19,achat,IT,2025-06-03 14:05:02
C00002,1996.96,achat,DE,2025-05-29 14:05:02
C00001,759.1,versement,ES,2025-06-14 14:05:02
C00001,768.05,retrait,DE,2025-06-12 14:05:02
C00002,1035.64,achat,DE,2025-05-23 14:05:02
C00001,956.32,versement,DE,2025-05-19 14:05:02
C00002,1276.98,versement,ES,2025-05-25 14:05:02
C00001,1764.61,retrait,DE,2025-05-26 14:05:02
C00001,1817.34,versement,ES,2025-06-10 14:05:02
C00001,190.82,achat,IT,2025-05-25 14:05:02
C00001,1973.87,versement,ES,2025-05-26 14:05:02
C00001,1485.51,retrait,ES,2025-05-18 14:05:02
C00001,441.1,achat,DE,2025-05-25 14:05:02
C00002,16.24,virement,IT,2025-06-12 14:05:02
C00001,1100.46,retrait,DE,2025-06-17 14:05:02
C00001,1788.72,retrait,FR,2025-06-02 14:05:02
C00001,171.92,achat,IT,2025-05-30 14:05:02
C00002,1965.43,versement,DE,2025-05-18 14:05:02
C00001,128.63,retrait,ES,2025-06-16 14:05:02
C00001,1411.51,paiement,IT,2025-05-25 14:05:02
C00001,1454.14,versement,DE,2025-05-29 14:05:02
C00001,482.63,versement,ES,2025-05-21 14:05:02
C00126,470.03,paiement,IT,2025-05-29 14:05:02
C00001,876.35,versement,ES,2025-05-18 14:05:02
C00001,1241.83,virement,ES,2025-05-19 14:05:02
C00001,745.35,retrait,IT,2025-06-12 14:05:02
C00001,72.86,versement,FR,2025-05-28 14:05:02
C00002,688.61,achat,IT,2025-06-13 14:05:02
C00002,822.06,retrait,FR,2025-06-07 14:05:02
C00001,915.53,versement,IT,2025-05-30 14:05:02
C00267,1110.39,achat,IT,2025-05-30 14:05:02
C00002,1791.61,paiement,DE,2025-05-23 14:05:02
C00002,1254.38,retrait,IT,2025-06-05 14:05:02
C00909,775.39,virement,DE,2025-05-29 14:05:02
C00001,175.18,achat,ES,2025-05-22 14:05:02
C00002,227.22,paiement,ES,2025-06-14 14:05:02
C00002,1789.59,retrait,DE,2025-05-21 14:05:02
C00001,235.32,retrait,ES,2025-05-18 14:05:02
C00002,984.98,achat,FR,2025-06-01 14:05:02
C00001,1213.09,retrait,FR,2025-05-24 14:05:02
C00001,121.54,virement,DE,2025-05-28 14:05:02
C00001,428.38,retrait,DE,2025-06-11 14:05:02
C00002,1982.64,versement,IT,2025-05-19 14:05:02
C00001,126.84,achat,DE,2025-06-05 14:05:02
C00002,794.61,paiement,IT,2025-05-23 14:05:02
C00002,1582.67,versement,IT,2025-06-17 14:05:02
C00002,1060.29,retrait,FR,2025-06-12 14:05:02
C00886,1374.63,versement,FR,2025-06-03 14:05:02
C00002,481.62,retrait,ES,2025-06-05 14:05:02
C00001,1919.65,virement,FR,2025-05-31 14:05:02
C00002,753.19,versement,FR,2025-06-01 14:05:02
C00001,1559.79,virement,FR,2025-05-18 14:05:02
C00001,352.18,versement,IT,2025-06-11 14:05:02
C00001,444.66,paiement,DE,2025-06-08 14:05:02
C00422,1621.26,retrait,ES,2025-06-08 14:05:02
C00002,1001.08,paiement,IT,2025-05-20 14:05:02
C00001,743.27,virement,ES,2025-06-01 14:05:02
C00771,201.14,retrait,FR,2025-06-10 14:05:02
C00002,1883.27,versement,DE,2025-06-04 14:05:02
C00002,984.55,virement,ES,2025-05-25 14:05:02
C00002,1401.14,versement,DE,2025-05-26 14:05:02
C00001,37.99,virement,IT,2025-06-01 14:05:02
C00001,568.76,paiement,FR,2025-05-30 14:05:02
C00194,719.29,versement,ES,2025-05-30 14:05:02
C00001,1996.07,virement,FR,2025-05-28 14:05:02
C00001,375.05,retrait,ES,2025-05-30 14:05:02
C00506,1864.23,paiement,IT,2025-05-21 14:05:02
C00002,1127.73,versement,DE,2025-06-14 14:05:02
C00001,1161.29,retrait,IT,2025-05-21 14:05:02
C00002,658.37,achat,FR,2025-05-20 14:05:02
C00002,1209.39,paiement,ES,2025-05-27 14:05:02
C00002,1217.01,paiement,ES,2025-06-07 14:05:02
C00001,229.86,paiement,IT,2025-05-28 14:05:02
C00001,355.62,retrait,IT,2025-05-24 14:05:02
C00097,1962.6,paiement,ES,2025-06-01 14:05:02
C00001,176.03,virement,ES,2025-05-22 14:05:02
C00002,1475.19,virement,IT,2025-06-03 14:05:02
C00001,389.5,versement,FR,2025-05-23 14:05:02
C00506,231.7,paiement,ES,2025-06-03 14:05:02
C00803,494.03,virement,ES,2025-05-30 14:05:02
C00001,160.5,achat,FR,2025-06-04 14:05:02
C00001,120.28,paiement,DE,2025-05-21 14:05:02
C00002,399.8,paiement,DE,2025-06-13 14:05:02
C00001,298.73,virement,DE,2025-05-26 14:05:02
C00002,1668.07,achat,IT,2025-05-28 14:05:02
C00001,16.02,virement,ES,2025-06-17 14:05:02
C00002,1019.31,retrait,FR,2025-05-28 14:05:02
C00180,129.34,retrait,DE,2025-06-10 14:05:02
C00001,1082.13,achat,ES,2025-06-05 14:05:02
C00001,328.61,versement,DE,2025-06-08 14:05:02
C00002,792.66,virement,IT,2025-05-25 14:05:02
C00122,1521.06,versement,DE,2025-06-14 14:05:02
C00001,963.95,paiement,IT,2025-06-13 14:05:02
C00002,1370.79,virement,ES,2025-05-25 14:05:02
C00002,881.12,paiement,DE,2025-05-24 14:05:02
C00001,1058.61,achat,FR,2025-05-31 14:05:02
C00002,584.16,retrait,FR,2025-05-20 14:05:02
C00327,1618.71,versement,IT,2025-05-29 14:05:02
C00001,607.44,retrait,FR,2025-06-14 14:05:02
C00002,367.9,retrait,ES,2025-05-25 14:05:02
C00002,873.07,retrait,IT,2025-05-20 14:05:02
C00002,1025.63,virement,DE,2025-05-20 14:05:02
C00002,1449.74,paiement,FR,2025-06-10 14:05:02
C00002,948.52,paiement,IT,2025-06-10 14:05:02
C00001,68.86,versement,FR,2025-05-31 14:05:02
C00002,325.55,paiement,FR,2025-06-04 14:05:02
C00001,1081.31,versement,FR,2025-05-23 14:05:02
C00155,560.54,paiement,ES,2025-05-22 14:05:02
C00537,45.65,paiement,FR,2025-05-21 14:05:02
C00001,277.01,versement,IT,2025-05-23 14:05:02
C00001,1759.24,versement,ES,2025-06-11 14:05:02
C00200,786.08,virement,ES,2025-05-19 14:05:02
C00001,1292.5,achat,IT,2025-06-04 14:05:02
C00001,1375.86,versement,ES,2025-05-26 14:05:02
C00001,395.76,versement,IT,2025-06-10 14:05:02
C00001,1646.96,versement,DE,2025-06-08 14:05:02
C00002,1380.81,paiement,IT,2025-06-01 14:05:02
C00001,547.01,virement,IT,2025-06-14 14:05:02
C00002,1154.93,versement,IT,2025-06-02 14:05:02
C00002,221.53,virement,DE,2025-06-15 14:05:02
C00001,168.97,achat,FR,2025-05-18 14:05:02
C00002,566.17,retrait,ES,2025-05-26 14:05:02
C00001,1725.15,versement,DE,2025-06-10 14:05:02
C00001,1298.94,retrait,IT,2025-06-13 14:05:02
C00001,1538.35,achat,FR,2025-05-27 14:05:02
C00002,1266.61,paiement,IT,2025-06-12 14:05:02
C00001,1449.25,retrait,FR,2025-06-06 14:05:02
C00350,1229.44,paiement,FR,2025-06-11 14:05:02
C00001,1170.94,virement,DE,2025-06-17 14:05:02
C00192,736.63,virement,IT,2025-06-02 14:05:02
C00593,1213.35,achat,IT,2025-05-18 14:05:02
C00001,1122.71,retrait,IT,2025-06-17 14:05:02
C00001,400.13,versement,ES,2025-05-19 14:05:02
C00002,473.82,paiement,DE,2025-05-19 14:05:02
C00002,648.72,retrait,FR,2025-06-08 14:05:02
C00121,908.09,virement,IT,2025-05-28 14:05:02
C00001,225.86,achat,FR,2025-06-08 14:05:02
C00002,910.74,versement,ES,2025-05-21 14:05:02
C00001,505.47,achat,IT,2025-05-23 14:05:02
C00002,1544.61,retrait,FR,2025-05-29 14:05:02
C00002,754.16,paiement,DE,2025-05-31 14:05:02
C00002,994.39,virement,IT,2025-05-29 14:05:02
C00002,1905.33,versement,ES,2025-06-16 14:05:02
C00001,159.06,virement,ES,2025-06-08 14:05:02
C00001,1839.04,versement,IT,2025-05-28 14:05:02
C00001,1790.7,paiement,FR,2025-05-31 14:05:02
C00002,1927.02,virement,DE,2025-05-27 14:05:02
C00002,1866.14,paiement,FR,2025-05-28 14:05:02
C00002,412.86,paiement,FR,2025-06-11 14:05:02
C00001,1621.23,paiement,IT,2025-05-25 14:05:02
C00001,335.91,versement,IT,2025-06-13 14:05:02
C00002,298.64,versement,FR,2025-05-24 14:05:02
C00002,461.02,virement,IT,2025-06-16 14:05:02
C00001,1834.86,versement,DE,2025-05-25 14:05:02
C00002,1995.77,achat,ES,2025-05-22 14:05:02
C00001,841.4,virement,DE,2025-06-01 14:05:02
C00002,1980.34,retrait,ES,2025-05-31 14:05:02
C00193,507.37,retrait,IT,2025-05-30 14:05:02
C00002,1533.49,achat,ES,2025-05-20 14:05:02
C00002,354.76,achat,FR,2025-06-02 14:05:02
C00001,568.08,achat,FR,2025-06-09 14:05:02
C00001,195.63,retrait,FR,2025-05-21 14:05:02
C00966,1651.02,paiement,ES,2025-06-12 14:05:02
C00001,1896.19,retrait,DE,2025-06-15 14:05:02
C00002,1914.57,versement,FR,2025-06-13 14:05:02
C00002,98.65,paiement,DE,2025-05-19 14:05:02
C00001,801.56,virement,IT,2025-06-17 14:05:02
C00002,624.58,achat,FR,2025-06-12 14:05:02
C00001,389.02,virement,ES,2025-06-10 14:05:02
C00002,893.56,achat,IT,2025-05-18 14:05:02
C00001,1550.69,paiement,FR,2025-05-25 14:05:02
C00001,1445.95,paiement,IT,2025-06-13 14:05:02
C00001,1878.6,virement,ES,2025-05-29 14:05:02
C00001,92.32,achat,ES,2025-06-04 14:05:02
C00001,1252.24,paiement,IT,2025-06-10 14:05:02
C00001,1168.87,virement,FR,2025-06-15 14:05:02
C00002,115.44,achat,FR,2025-06-17 14:05:02
C00001,616.15,versement,FR,2025-06-08 14:05:02
C00001,1186.37,versement,IT,2025-05-31 14:05:02
C00001,722.28,retrait,IT,2025-06-05 14:05:02
C00492,513.17,paiement,ES,2025-06-13 14:05:02
C00644,141.38,paiement,IT,2025-05-20 14:05:02
C00001,1977.25,retrait,DE,2025-05-28 14:05:02
C00002,1879.89,paiement,IT,2025-06-05 14:05:02
C00002,1718.54,virement,ES,2025-05-19 14:05:02
C00001,502.28,retrait,DE,2025-06-15 14:05:02
C00001,1965.64,retrait,DE,2025-06-12 14:05:02
C00002,416.22,virement,ES,2025-05-19 14:05:02
C00819,1526.68,achat,ES,2025-06-12 14:05:02
C00001,1035.99,versement,DE,2025-06-12 14:05:02
C00002,1758.15,achat,IT,2025-06-07 14:05:02
C00392,1510.52,paiement,FR,2025-05-18 14:05:02
C00002,1466.05,versement,FR,2025-06-10 14:05:02
C00001,674.28,virement,FR,2025-06-09 14:05:02
C00002,1204.33,achat,IT,2025-06-17 14:05:02
C00001,1646.18,paiement,FR,2025-05-23 14:05:02
C00001,1296.95,versement,DE,2025-05-24 14:05:02
C00001,1721.53,paiement,FR,2025-06-11 14:05:02
C00776,942.15,paiement,ES,2025-05-22 14:05:02
C00002,1575.56,virement,FR,2025-06-11 14:05:02
C00001,1472.95,virement,ES,2025-06-12 14:05:02
C00002,778.52,retrait,IT,2025-05-22 14:05:02
C00743,1032.98,versement,IT,2025-06-08 14:05:02
C00002,329.54,paiement,IT,2025-05-22 14:05:02
C00001,1816.98,paiement,DE,2025-06-01 14:05:02
C00001,444.1,retrait,IT,2025-06-10 14:05:02
C00001,1242.19,paiement,ES,2025-06-04 14:05:02
C00002,276.46,versement,ES,2025-06-17 14:05:02
C00002,1305.96,retrait,FR,2025-06-15 14:05:02
C00001,1653.85,versement,IT,2025-06-06 14:05:02
C00001,1857.68,virement,FR,2025-06-09 14:05:02
C00002,1118.77,virement,FR,2025-06-01 14:05:02
C00002,1257.43,retrait,FR,2025-06-14 14:05:02
C00001,850.36,versement,ES,2025-06-17 14:05:02
C00001,522.72,virement,IT,2025-05-25 14:05:02
C00001,1843.59,virement,FR,2025-06-04 14:05:02
C00002,986.21,virement,ES,2025-06-11 14:05:02
C00001,925.93,paiement,ES,2025-06-11 14:05:02
C00002,1601.09,versement,IT,2025-05-21 14:05:02
C00002,212.57,achat,IT,2025-05-18 14:05:02
C00402,876.63,virement,DE,2025-06-16 14:05:02
C00002,1340.2,achat,IT,2025-05-29 14:05:02
C00002,53.18,retrait,ES,2025-06-12 14:05:02
C00849,812.51,virement,IT,2025-06-16 14:05:02
C00256,1714.95,paiement,DE,2025-06-08 14:05:02
C00001,1147.19,paiement,IT,2025-06-17 14:05:02
C00001,768.71,paiement,ES,2025-05-27 14:05:02
C00001,757.75,achat,ES,2025-05-28 14:05:02
C00002,542.09,versement,ES,2025-05-24 14:05:02
C00001,544.43,achat,DE,2025-05-26 14:05:02
C00002,511.41,virement,DE,2025-06-16 14:05:02
C00002,677.58,virement,IT,2025-05-22 14:05:02
C00002,381.04,achat,IT,2025-05-18 14:05:02
C00001,701.59,retrait,IT,2025-06-17 14:05:02
C00001,1500.59,achat,IT,2025-06-02 14:05:02
C00001,940.79,paiement,FR,2025-05-26 14:05:02
C00001,1956.96,virement,ES,2025-06-05 14:05:02
C00001,451.48,achat,IT,2025-05-28 14:05:02
C00002,115.63,virement,ES,2025-06-02 14:05:02
C00002,59.83,virement,FR,2025-06-01 14:05:02
C00001,575.69,virement,FR,2025-06-03 14:05:02
C00551,1722.04,retrait,ES,2025-06-03 14:05:02
C00002,1379.93,retrait,DE,2025-05-21 14:05:02
C00838,195.36,virement,ES,2025-05-20 14:05:02
C00268,1992.31,virement,DE,2025-06-11 14:05:02
C00002,608.41,versement,DE,2025-06-15 14:05:02
C00001,1992.72,retrait,IT,2025-06-13 14:05:02
C00890,235.92,achat,FR,2025-06-08 14:05:02
C00137,489.99,paiement,DE,2025-06-02 14:05:02
C00998,63.89,versement,DE,2025-06-07 14:05:02
C00001,1475.23,retrait,FR,2025-06-17 14:05:02
C00001,389.35,retrait,ES,2025-05-18 14:05:02
C00001,1428.91,versement,IT,2025-05-30 14:05:02
C00001,98.94,paiement,FR,2025-06-10 14:05:02
C00001,725.97,versement,FR,2025-06-16 14:05:02
C00001,1008.65,retrait,IT,2025-05-28 14:05:02
C00001,1508.01,achat,IT,2025-06-15 14:05:02
C00002,414.47,paiement,ES,2025-06-06 14:05:02
C00001,1917.83,virement,IT,2025-06-03 14:05:02
C00001,568.37,achat,DE,2025-06-08 14:05:02
C00001,534.9,versement,DE,2025-05-29 14:05:02
C00001,1069.69,paiement,IT,2025-06-01 14:05:02
C00023,1473.64,retrait,FR,2025-05-24 14:05:02
C00001,968.85,virement,FR,2025-05-23 14:05:02
C00001,430.7,retrait,IT,2025-05-25 14:05:02
C00002,173.62,achat,ES,2025-06-13 14:05:02
C00001,349.02,retrait,DE,2025-06-11 14:05:02
C00001,95.57,retrait,ES,2025-05-31 14:05:02
C00002,1782.18,virement,IT,2025-06-08 14:05:02
C00002,1801.75,virement,IT,2025-06-13 14:05:02
C00002,188.34,retrait,IT,2025-06-12 14:05:02
C00001,966.86,achat,FR,2025-05-28 14:05:02
C00002,624.38,virement,ES,2025-06-15 14:05:02
C00228,155.6,versement,ES,2025-05-26 14:05:02
C00370,1909.8,retrait,FR,2025-06-15 14:05:02
C00001,1785.83,paiement,ES,2025-06-03 14:05:02
C00002,1639.95,achat,FR,2025-06-12 14:05:02
C00002,323.16,versement,ES,2025-05-21 14:05:02
C00001,1491.76,retrait,FR,2025-05-25 14:05:02
C00002,979.91,versement,ES,2025-06-05 14:05:02
C00001,985.08,virement,FR,2025-05-18 14:05:02
C00102,1871.78,versement,ES,2025-06-02 14:05:02
C00002,592.2,virement,ES,2025-05-30 14:05:02
C00002,108.2,retrait,ES,2025-05-20 14:05:02
C00001,486.54,virement,IT,2025-05-18 14:05:02
C00001,1499.49,paiement,IT,2025-05-27 14:05:02
C00002,1957.22,paiement,DE,2025-06-02 14:05:02
C00001,500.86,paiement,DE,2025-06-04 14:05:02
C00002,1966.79,versement,FR,2025-05-26 14:05:02
C00001,962.34,virement,DE,2025-06-03 14:05:02
C00149,407.71,versement,DE,2025-06-08 14:05:02
C00953,1932.12,retrait,FR,2025-06-05 14:05:02
C00001,1800.85,versement,FR,2025-05-18 14:05:02
C00001,1307.76,achat,ES,2025-05-31 14:05:02
C00001,1137.54,versement,DE,2025-05-27 14:05:02
C00034,170.48,virement,ES,2025-05-28 14:05:02
C00001,28.91,retrait,IT,2025-05-30 14:05:02
C00002,514.72,versement,DE,2025-06-05 14:05:02
C00002,1059.4,virement,IT,2025-05-31 14:05:02
C00001,1988.28,retrait,FR,2025-05-25 14:05:02
C00002,1491.05,virement,IT,2025-06-01 14:05:02
C00002,774.11,paiement,DE,2025-05-30 14:05:02
C00002,1896.39,virement,IT,2025-05-20 14:05:02
C00361,765.6,paiement,DE,2025-06-05 14:05:02
C00002,195.93,paiement,IT,2025-05-19 14:05:02
C00001,357.71,retrait,FR,2025-05-19 14:05:02
C00002,1721.63,retrait,ES,2025-06-04 14:05:02
C00774,1860.52,versement,ES,2025-06-01 14:05:02
C00001,38.67,paiement,DE,2025-05-28 14:05:02
C00001,1273.82,versement,ES,2025-05-22 14:05:02
C00001,70.62,virement,ES,2025-05-18 14:05:02
C00001,1268.07,retrait,DE,2025-05-25 14:05:02
C00001,1266.9,versement,FR,2025-06-10 14:05:02
C00002,1011.83,paiement,DE,2025-06-05 14:05:02
C00001,1310.48,virement,IT,2025-06-09 14:05:02
C00001,791.57,retrait,DE,2025-05-29 14:05:02
C00001,1597.29,paiement,FR,2025-06-11 14:05:02
C00766,1936.24,achat,FR,2025-05-28 14:05:02
C00194,279.99,retrait,IT,2025-05-29 14:05:02
C00216,353.11,paiement,IT,2025-06-13 14:05:02
C00001,1697.61,paiement,FR,2025-06-13 14:05:02
C00608,1526.63,versement,DE,2025-06-09 14:05:02
C00001,1391.64,versement,DE,2025-06-01 14:05:02
C00002,682.5,achat,ES,2025-05-29 14:05:02
C00330,956.86,achat,DE,2025-05-26 14:05:02
C00133,1791.47,versement,DE,2025-06-14 14:05:02
C00001,1037.26,retrait,FR,2025-06-10 14:05:02
C00001,581.36,virement,DE,2025-05-31 14:05:02
C00002,249.64,achat,FR,2025-06-02 14:05:02
C00002,573.25,retrait,IT,2025-05-31 14:05:02
C00002,606.06,retrait,ES,2025-05-23 14:05:02
C00520,1036.97,achat,FR,2025-06-07 14:05:02
C00001,1611.46,achat,FR,2025-06-01 14:05:02
C00002,787.27,achat,DE,2025-06-14 14:05:02
C00002,692.52,achat,DE,2025-05-23 14:05:02
C00001,199.68,retrait,ES,2025-05-26 14:05:02
C00002,1173.44,virement,FR,2025-05-28 14:05:02
C00564,1411.73,versement,IT,2025-06-08 14:05:02
C00001,1137.51,achat,DE,2025-05-18 14:05:02
C00001,568.35,retrait,FR,2025-06-11 14:05:02
C00544,1376.44,retrait,IT,2025-06-10 14:05:02
C00001,944.87,virement,FR,2025-05-27 14:05:02
C00001,1773.24,paiement,FR,2025-05-26 14:05:02
C00002,1179.11,versement,FR,2025-05-28 14:05:02
C00002,92.74,paiement,FR,2025-06-09 14:05:02
C00001,1810.11,achat,ES,2025-06-13 14:05:02
C00002,551.01,paiement,ES,2025-05-22 14:05:02
C00002,1536.13,virement,FR,2025-06-07 14:05:02
C00002,1203.33,paiement,DE,2025-06-15 14:05:02
C00677,1844.53,versement,ES,2025-06-06 14:05:02
C00001,550.73,versement,FR,2025-06-07 14:05:02
C00002,1978.01,versement,IT,2025-06-12 14:05:02
C00001,1481.88,retrait,DE,2025-05-29 14:05:02
C00001,949.77,retrait,ES,2025-06-07 14:05:02
C00001,1311.33,virement,FR,2025-06-11 14:05:02
C00540,219.03,virement,IT,2025-06-15 14:05:02
C00002,1420.34,retrait,DE,2025-06-04 14:05:02
C00001,45.2,retrait,ES,2025-05-29 14:05:02
C00001,1228.04,virement,DE,2025-06-16 14:05:02
C00001,412.36,retrait,DE,2025-06-17 14:05:02
C00002,49.87,achat,DE,2025-05-24 14:05:02
C00002,491.44,virement,IT,2025-05-31 14:05:02
C00002,1403.6,retrait,IT,2025-05-22 14:05:02
C00001,782.07,paiement,ES,2025-06-10 14:05:02
C00001,726.1,retrait,ES,2025-06-16 14:05:02
C00001,1838.62,versement,ES,2025-06-14 14:05:02
C00001,1226.86,versement,IT,2025-06-17 14:05:02
C00001,364.39,retrait,ES,2025-06-13 14:05:02
C00500,1153.95,versement,FR,2025-06-13 14:05:02
C00523,19.62,retrait,ES,2025-06-17 14:05:02
C00128,1823.97,retrait,FR,2025-05-22 14:05:02
C00001,142.54,retrait,FR,2025-05-20 14:05:02
C00127,1442.96,virement,IT,2025-05-21 14:05:02
C00002,1227.07,virement,ES,2025-05-21 14:05:02
C00001,440.39,paiement,IT,2025-05-29 14:05:02
C00001,1689.92,paiement,FR,2025-06-10 14:05:02
C00001,1562.33,virement,FR,2025-06-02 14:05:02
C00001,1490.04,retrait,DE,2025-05-26 14:05:02
C00002,780.29,retrait,DE,2025-05-19 14:05:02
C00001,234.89,versement,DE,2025-05-22 14:05:02
C00001,1542.55,paiement,ES,2025-05-29 14:05:02
C00001,1157.89,retrait,IT,2025-06-02 14:05:02
C00001,1776.13,achat,ES,2025-05-18 14:05:02
C00002,502.61,paiement,ES,2025-05-26 14:05:02
C00002,1067.0,virement,IT,2025-05-31 14:05:02
C00002,1135.16,achat,FR,2025-06-06 14:05:02
C00002,1848.07,versement,FR,2025-05-23 14:05:02
C00752,1192.31,versement,DE,2025-06-12 14:05:02
C00151,1113.34,virement,ES,2025-06-07 14:05:02
C00796,1161.53,paiement,DE,2025-05-19 14:05:02
C00002,1622.19,virement,FR,2025-06-09 14:05:02
C00002,838.51,virement,IT,2025-06-05 14:05:02
C00001,940.83,paiement,FR,2025-05-29 14:05:02
C00001,812.6,virement,DE,2025-06-09 14:05:02
C00002,1306.56,virement,FR,2025-05-26 14:05:02
C00002,1103.68,versement,DE,2025-05-28 14:05:02
C00138,1256.89,retrait,FR,2025-06-10 14:05:02
C00001,469.29,versement,FR,2025-06-05 14:05:02
C00001,1591.34,achat,ES,2025-06-13 14:05:02
C00001,1618.75,versement,IT,2025-06-17 14:05:02
C00002,518.34,versement,DE,2025-06-17 14:05:02
C00001,1076.47,versement,ES,2025-06-04 14:05:02
C00001,1026.58,paiement,DE,2025-06-02 14:05:02
C00001,308.99,versement,IT,2025-05-25 14:05:02
C00002,800.63,paiement,FR,2025-06-13 14:05:02
C00002,214.15,versement,FR,2025-05-25 14:05:02
C00001,1693.77,virement,FR,2025-06-09 14:05:02
C00001,1182.42,versement,DE,2025-06-14 14:05:02
C00001,1506.07,paiement,FR,2025-06-14 14:05:02
C00002,572.23,paiement,FR,2025-06-13 14:05:02
C00002,546.57,versement,ES,2025-05-27 14:05:02
C00001,103.93,achat,IT,2025-05-27 14:05:02
C00001,223.7,virement,ES,2025-05-18 14:05:02
C00656,1618.96,achat,IT,2025-06-03 14:05:02
C00001,1221.44,retrait,ES,2025-06-15 14:05:02
C00001,1305.83,paiement,DE,2025-05-23 14:05:02
C00001,1093.3,versement,FR,2025-05-31 14:05:02
C00001,1071.14,paiement,ES,2025-06-05 14:05:02
C00001,1949.88,achat,ES,2025-06-08 14:05:02
C00001,419.39,paiement,IT,2025-05-26 14:05:02
C00001,1259.11,retrait,IT,2025-06-15 14:05:02
C00001,74.48,paiement,IT,2025-06-05 14:05:02
C00002,1650.9,paiement,FR,2025-05-29 14:05:02
C00002,1884.51,retrait,IT,2025-06-15 14:05:02
C00376,748.52,versement,FR,2025-06-11 14:05:02
C00811,267.85,versement,IT,2025-06-15 14:05:02
C00001,338.46,virement,DE,2025-05-28 14:05:02
C00001,559.37,achat,IT,2025-06-01 14:05:02
C00001,558.53,retrait,IT,2025-05-21 14:05:02
C00001,53.2,virement,DE,2025-06-02 14:05:02
C00781,324.6,retrait,DE,2025-06-11 14:05:02
C00257,355.03,paiement,ES,2025-06-12 14:05:02
C00001,1524.46,achat,ES,2025-06-11 14:05:02
C00001,1175.7,paiement,DE,2025-05-29 14:05:02
C00001,1015.64,retrait,FR,2025-05-24 14:05:02
C00001,838.75,retrait,ES,2025-06-06 14:05:02
C00001,336.0,retrait,FR,2025-06-14 14:05:02
C00737,459.8,retrait,ES,2025-05-26 14:05:02
C00002,1621.8,retrait,FR,2025-05-22 14:05:02
C00725,660.92,retrait,ES,2025-06-01 14:05:02
C00001,322.19,paiement,ES,2025-05-27 14:05:02
C00002,443.5,retrait,ES,2025-05-24 14:05:02
C00017,202.38,virement,FR,2025-05-30 14:05:02
C00001,1639.91,achat,IT,2025-05-22 14:05:02
C00172,1001.13,achat,DE,2025-05-19 14:05:02
C00001,1543.84,versement,FR,2025-05-20 14:05:02
C00652,1752.1,paiement,DE,2025-05-25 14:05:02
C00002,1072.04,retrait,ES,2025-05-28 14:05:02
C00001,1300.95,retrait,IT,2025-06-04 14:05:02
C00001,488.73,virement,DE,2025-06-12 14:05:02
C00463,652.48,virement,ES,2025-06-06 14:05:02
C00532,742.06,versement,ES,2025-06-04 14:05:02
C00002,1290.67,retrait,ES,2025-05-21 14:05:02
C00001,1030.57,achat,ES,2025-06-09 14:05:02
C00002,1458.02,virement,IT,2025-06-09 14:05:02
C00001,1251.46,versement,ES,2025-06-14 14:05:02
C00001,1297.01,versement,IT,2025-05-27 14:05:02
C00655,759.66,virement,FR,2025-06-11 14:05:02
C00002,1968.63,achat,DE,2025-06-10 14:05:02
C00001,652.54,achat,FR,2025-06-16 14:05:02
C00001,539.55,versement,FR,2025-06-07 14:05:02
C00002,1226.96,virement,DE,2025-06-09 14:05:02
C00562,1797.55,paiement,IT,2025-06-17 14:05:02
C00996,553.72,achat,ES,2025-05-28 14:05:02
C00072,407.03,retrait,DE,2025-06-08 14:05:02
C00001,1281.16,versement,IT,2025-06-04 14:05:02
C00924,1675.94,retrait,DE,2025-05-27 14:05:02
C00001,1488.46,retrait,DE,2025-06-04 14:05:02
C00002,1608.82,virement,FR,2025-05-20 14:05:02
C00636,810.86,paiement,ES,2025-06-15 14:05:02
C00613,791.9,versement,IT,2025-06-08 14:05:02
C00001,1477.24,versement,DE,2025-06-09 14:05:02
C00001,1423.26,retrait,DE,2025-05-23 14:05:02
C00757,1571.89,virement,ES,2025-05-25 14:05:02
C00001,771.44,achat,FR,2025-06-08 14:05:02
C00387,1709.13,versement,DE,2025-05-24 14:05:02
C00725,1808.52,virement,DE,2025-06-11 14:05:02
C00001,1197.09,achat,ES,2025-05-23 14:05:02
C00001,1627.0,retrait,DE,2025-06-02 14:05:02
C00002,382.77,versement,IT,2025-05-30 14:05:02
C00002,79.41,paiement,ES,2025-05-26 14:05:02
C00677,1149.73,achat,FR,2025-05-18 14:05:02
C00002,264.28,achat,DE,2025-06-17 14:05:02
C00001,1645.92,paiement,DE,2025-05-30 14:05:02
C00001,1497.36,paiement,IT,2025-05-19 14:05:02
C00001,396.63,retrait,DE,2025-06-04 14:05:02
C00001,844.74,achat,IT,2025-06-03 14:05:02
C00001,1799.45,paiement,DE,2025-05-23 14:05:02
C00002,918.24,retrait,ES,2025-05-26 14:05:02
C00002,422.14,achat,ES,2025-05-25 14:05:02
C00002,774.04,versement,FR,2025-05-22 14:05:02
C00001,186.06,achat,ES,2025-06-11 14:05:02
C00001,283.45,retrait,IT,2025-05-20 14:05:02
C00001,460.29,achat,ES,2025-05-29 14:05:02
C00001,539.45,achat,IT,2025-06-05 14:05:02
C00002,421.07,paiement,DE,2025-06-11 14:05:02
C00498,516.09,achat,ES,2025-06-04 14:05:02
C00001,1143.06,versement,FR,2025-05-27 14:05:02
C00002,1847.4,paiement,ES,2025-05-19 14:05:02
C00002,779.26,versement,DE,2025-05-18 14:05:02
C00002,828.7,paiement,IT,2025-05-29 14:05:02
C00001,766.12,virement,DE,2025-06-08 14:05:02
C00001,1536.7,paiement,IT,2025-06-08 14:05:02
C00001,1889.12,versement,ES,2025-06-13 14:05:02
C00122,1817.58,virement,ES,2025-05-21 14:05:02
C00001,309.71,virement,DE,2025-05-28 14:05:02
C00001,1976.07,achat,FR,2025-06-12 14:05:02
C00002,1447.5,retrait,ES,2025-05-28 14:05:02
C00002,642.5,retrait,IT,2025-05-25 14:05:02
C00001,1302.91,virement,ES,2025-05-30 14:05:02
C00001,1314.9,versement,ES,2025-06-08 14:05:02
C00001,60.58,retrait,ES,2025-05-20 14:05:02
C00001,1035.25,virement,FR,2025-06-11 14:05:02
C00001,855.59,retrait,FR,2025-05-24 14:05:02
C00002,1683.25,paiement,ES,2025-06-17 14:05:02
C00001,1382.41,virement,FR,2025-06-14 14:05:02
C00001,1383.23,paiement,DE,2025-05-28 14:05:02
C00002,1739.41,versement,IT,2025-06-04 14:05:02
C00001,1500.58,retrait,IT,2025-06-08 14:05:02
C00002,723.96,virement,DE,2025-05-28 14:05:02
C00001,302.74,achat,ES,2025-06-01 14:05:02
C00002,506.33,retrait,FR,2025-06-12 14:05:02
C00002,290.99,virement,ES,2025-05-19 14:05:02
C00002,1760.3,retrait,FR,2025-05-26 14:05:02
C00002,183.95,retrait,DE,2025-06-01 14:05:02
C00001,1434.12,retrait,DE,2025-06-06 14:05:02
C00080,1679.07,paiement,DE,2025-06-17 14:05:02
C00001,321.14,retrait,FR,2025-05-18 14:05:02
C00002,1601.22,achat,ES,2025-05-28 14:05:02
C00002,235.01,paiement,FR,2025-05-26 14:05:02
C00001,1388.26,paiement,ES,2025-05-28 14:05:02
C00002,1398.6,retrait,ES,2025-05-21 14:05:02
C00001,1228.98,virement,DE,2025-05-18 14:05:02
C00002,1512.51,virement,ES,2025-06-14 14:05:02
C00002,1491.67,achat,IT,2025-06-17 14:05:02
C00438,381.81,retrait,FR,2025-05-21 14:05:02
C00002,647.78,virement,ES,2025-05-30 14:05:02
C00001,1118.05,virement,DE,2025-06-05 14:05:02
C00001,371.83,paiement,FR,2025-06-02 14:05:02
C00001,1141.24,achat,ES,2025-05-22 14:05:02
C00001,305.69,virement,FR,2025-05-30 14:05:02
C00001,153.3,achat,ES,2025-05-22 14:05:02
C00577,738.47,virement,FR,2025-06-17 14:05:02
C00002,414.46,virement,DE,2025-05-25 14:05:02
C00002,382.02,retrait,IT,2025-05-21 14:05:02
C00002,512.59,retrait,ES,2025-06-16 14:05:02
C00001,322.66,versement,FR,2025-05-22 14:05:02
C00368,351.3,retrait,DE,2025-06-09 14:05:02
C00001,562.63,versement,DE,2025-06-09 14:05:02
C00002,1097.61,virement,DE,2025-06-02 14:05:02
C00002,1382.09,paiement,ES,2025-06-07 14:05:02
C00001,631.55,paiement,IT,2025-06-02 14:05:02
C00002,870.97,virement,ES,2025-06-15 14:05:02
C00002,1576.47,achat,IT,2025-06-05 14:05:02
C00002,891.99,virement,ES,2025-06-07 14:05:02
C00002,668.32,achat,FR,2025-06-03 14:05:02
C00001,858.38,retrait,IT,2025-06-06 14:05:02
C00001,1993.4,achat,ES,2025-06-07 14:05:02
C00002,1039.47,virement,DE,2025-05-19 14:05:02
C00002,282.73,versement,ES,2025-05-29 14:05:02
C00002,869.62,retrait,DE,2025-06-03 14:05:02
C00002,1524.42,virement,ES,2025-06-04 14:05:02
C00001,63.54,retrait,FR,2025-06-03 14:05:02
C00001,310.0,retrait,ES,2025-06-13 14:05:02
C00001,667.28,virement,ES,2025-06-16 14:05:02
C00002,1307.76,virement,DE,2025-05-22 14:05:02
C00001,939.38,achat,ES,2025-06-11 14:05:02
C00002,1154.8,virement,FR,2025-06-09 14:05:02
C00002,1292.78,retrait,IT,2025-05-24 14:05:02
C00532,676.86,virement,DE,2025-06-06 14:05:02
C00002,239.97,paiement,DE,2025-05-30 14:05:02
C00002,1690.76,virement,IT,2025-05-26 14:05:02
C00001,1295.43,versement,IT,2025-05-22 14:05:02
C00001,1418.17,achat,DE,2025-05-21 14:05:02
C00002,1072.38,retrait,FR,2025-05-22 14:05:02
C00002,1561.86,paiement,IT,2025-06-11 14:05:02
C00793,1992.75,paiement,FR,2025-06-03 14:05:02
C00346,48.02,versement,FR,2025-06-17 14:05:02
C00001,232.87,virement,DE,2025-06-09 14:05:02
C00094,555.36,versement,DE,2025-06-05 14:05:02
C00002,285.96,retrait,FR,2025-06-03 14:05:02
C00016,1138.16,achat,ES,2025-05-28 14:05:02
C00001,171.08,achat,FR,2025-06-06 14:05:02
C00001,1955.59,paiement,FR,2025-06-02 14:05:02
C00002,1322.36,retrait,DE,2025-06-06 14:05:02
C00002,1527.39,paiement,IT,2025-06-08 14:05:02
C00001,1023.29,retrait,ES,2025-06-11 14:05:02
C00001,728.98,retrait,ES,2025-06-17 14:05:02
C00002,1164.76,versement,FR,2025-06-15 14:05:02
C00002,355.65,retrait,IT,2025-05-26 14:05:02
C00001,1603.3,paiement,ES,2025-05-21 14:05:02
C00001,113.58,virement,DE,2025-06-17 14:05:02
C00001,1998.41,retrait,IT,2025-05-18 14:05:02
C00001,559.61,achat,ES,2025-06-15 14:05:02
C00002,1495.1,paiement,ES,2025-06-03 14:05:02
C00002,44.39,retrait,FR,2025-06-11 14:05:02
C00001,1736.62,retrait,ES,2025-05-22 14:05:02
C00001,1266.88,virement,FR,2025-05-31 14:05:02
C00429,1218.94,achat,FR,2025-05-27 14:05:02
C00001,517.09,paiement,DE,2025-06-14 14:05:02
C00001,953.41,paiement,FR,2025-05-20 14:05:02
C00001,1717.29,retrait,IT,2025-05-29 14:05:02
C00001,127.75,virement,FR,2025-06-06 14:05:02
C00002,709.36,retrait,ES,2025-05-18 14:05:02
C00001,412.16,retrait,ES,2025-06-15 14:05:02
C00002,227.14,achat,ES,2025-05-22 14:05:02
C00002,1751.21,retrait,ES,2025-05-25 14:05:02
C00002,998.98,paiement,FR,2025-05-24 14:05:02
C00001,265.56,virement,IT,2025-05-25 14:05:02
C00002,1033.72,retrait,DE,2025-06-10 14:05:02
C00001,896.04,versement,IT,2025-06-16 14:05:02
C00001,1863.83,paiement,FR,2025-06-03 14:05:02
C00886,1946.15,virement,DE,2025-05-24 14:05:02
C00001,1623.62,versement,FR,2025-06-04 14:05:02
C00823,156.55,virement,FR,2025-05-30 14:05:02
C00268,308.43,achat,FR,2025-06-05 14:05:02
C00001,472.26,versement,ES,2025-06-12 14:05:02
C00002,1724.75,achat,FR,2025-06-01 14:05:02
C00950,1402.38,virement,IT,2025-06-15 14:05:02
C00002,356.3,achat,ES,2025-06-11 14:05:02
C00001,1184.12,paiement,IT,2025-05-19 14:05:02
C00002,1350.17,achat,DE,2025-05-21 14:05:02
C00001,637.84,retrait,DE,2025-05-31 14:05:02
C00001,1169.17,virement,DE,2025-06-03 14:05:02
C00001,1675.04,versement,DE,2025-05-26 14:05:02
C00001,1378.11,paiement,ES,2025-05-21 14:05:02
C00002,1762.55,versement,FR,2025-05-22 14:05:02
C00002,1654.4,versement,ES,2025-06-13 14:05:02
C00351,1868.88,retrait,DE,2025-06-10 14:05:02
C00001,1495.02,versement,IT,2025-06-10 14:05:02
C00001,1473.2,achat,FR,2025-06-13 14:05:02
C00002,835.6,versement,ES,2025-05-29 14:05:02
C00001,978.78,virement,DE,2025-06-01 14:05:02
C00001,1176.9,retrait,ES,2025-05-25 14:05:02
C00002,880.79,versement,DE,2025-05-29 14:05:02
C00002,513.81,paiement,FR,2025-06-17 14:05:02
C00959,560.35,achat,ES,2025-06-06 14:05:02
C00706,847.34,achat,DE,2025-05-28 14:05:02
C00002,1365.85,virement,FR,2025-05-28 14:05:02
C00001,1297.67,virement,DE,2025-05-21 14:05:02
C00393,267.14,achat,DE,2025-06-14 14:05:02
C00001,1747.95,retrait,FR,2025-05-27 14:05:02
C00779,1705.46,paiement,DE,2025-06-07 14:05:02
C00002,1603.7,versement,DE,2025-06-16 14:05:02
C00001,126.57,versement,DE,2025-06-17 14:05:02
C00835,228.51,achat,ES,2025-06-12 14:05:02
C00002,1057.03,paiement,FR,2025-05-30 14:05:02
C00002,1559.42,versement,FR,2025-05-29 14:05:02
C00002,1177.88,versement,IT,2025-06-07 14:05:02
C00001,1754.78,retrait,ES,2025-06-16 14:05:02
C00002,1077.66,virement,ES,2025-06-16 14:05:02
C00001,1897.02,versement,IT,2025-06-05 14:05:02
C00001,1968.97,virement,DE,2025-05-22 14:05:02
C00001,1460.01,retrait,ES,2025-05-18 14:05:02
C00002,616.33,achat,FR,2025-06-16 14:05:02
C00558,1804.89,paiement,IT,2025-05-18 14:05:02
C00002,1769.36,versement,FR,2025-05-29 14:05:02
C00001,1175.26,virement,DE,2025-05-27 14:05:02
C00001,54.5,virement,ES,2025-05-21 14:05:02
C00002,36.43,versement,FR,2025-05-18 14:05:02
C00002,224.25,paiement,ES,2025-06-15 14:05:02
C00002,650.47,versement,DE,2025-06-10 14:05:02
C00002,626.89,versement,FR,2025-05-29 14:05:02
C00002,933.99,virement,FR,2025-06-13 14:05:02
C00746,160.31,virement,IT,2025-05-22 14:05:02
C00002,1776.07,versement,ES,2025-06-02 14:05:02
C00001,1968.06,paiement,DE,2025-05-24 14:05:02
C00868,1296.55,virement,ES,2025-06-15 14:05:02
C00002,1969.73,paiement,IT,2025-06-06 14:05:02
C00002,380.83,paiement,FR,2025-06-07 14:05:02
C00001,1354.84,retrait,ES,2025-05-20 14:05:02
C00001,572.25,versement,FR,2025-06-08 14:05:02
C00002,24.96,retrait,IT,2025-05-26 14:05:02
C00171,297.23,paiement,IT,2025-05-19 14:05:02
C00045,104.06,retrait,IT,2025-05-22 14:05:02
C00001,945.47,versement,IT,2025-06-03 14:05:02
C00002,440.06,versement,DE,2025-05-28 14:05:02
C00002,1869.53,paiement,FR,2025-06-15 14:05:02
C00818,367.16,virement,ES,2025-05-28 14:05:02
C00001,673.57,versement,FR,2025-06-17 14:05:02
C00067,162.78,versement,FR,2025-06-02 14:05:02
C00001,865.66,virement,IT,2025-06-14 14:05:02
C00149,1654.63,achat,IT,2025-05-30 14:05:02
C00002,761.42,virement,IT,2025-06-16 14:05:02
C00914,646.97,virement,ES,2025-06-10 14:05:02
C00001,1493.75,retrait,ES,2025-05-21 14:05:02
C00001,1043.06,virement,FR,2025-06-03 14:05:02
C00001,1117.29,retrait,ES,2025-05-29 14:05:02
C00001,1958.78,versement,ES,2025-05-30 14:05:02
C00001,664.15,virement,FR,2025-05-31 14:05:02
C00002,538.52,retrait,IT,2025-06-04 14:05:02
C00001,1906.48,virement,FR,2025-06-03 14:05:02
C00001,619.85,achat,ES,2025-06-01 14:05:02
C00001,139.61,retrait,ES,2025-06-05 14:05:02
C00001,181.18,retrait,DE,2025-06-17 14:05:02
C00001,1905.31,versement,ES,2025-06-16 14:05:02
C00002,1595.86,paiement,DE,2025-05-18 14:05:02
C00002,1742.04,versement,ES,2025-05-18 14:05:02
C00493,1810.92,retrait,ES,2025-05-30 14:05:02
C00001,1339.26,versement,IT,2025-05-20 14:05:02
C00002,954.04,virement,FR,2025-06-05 14:05:02
C00002,315.84,achat,FR,2025-05-28 14:05:02
C00001,161.38,virement,ES,2025-05-24 14:05:02
C00002,311.92,virement,FR,2025-05-18 14:05:02
C00002,345.11,versement,IT,2025-05-31 14:05:02
C00002,183.57,achat,ES,2025-06-10 14:05:02
C00689,518.78,retrait,FR,2025-06-06 14:05:02
C00002,1967.11,retrait,ES,2025-05-20 14:05:02
C00880,774.64,paiement,FR,2025-05-21 14:05:02
C00001,282.94,virement,IT,2025-06-11 14:05:02
C00001,1938.13,achat,DE,2025-05-19 14:05:02
C00001,1343.63,virement,ES,2025-06-10 14:05:02
C00002,867.9,virement,IT,2025-05-26 14:05:02
C00370,1130.57,paiement,ES,2025-06-04 14:05:02
C00002,1691.31,paiement,IT,2025-06-08 14:05:02
C00001,602.43,versement,ES,2025-06-02 14:05:02
C00002,299.28,paiement,ES,2025-05-22 14:05:02
C00002,1117.95,versement,DE,2025-05-22 14:05:02
C00002,429.13,paiement,ES,2025-05-21 14:05:02
C00001,1053.95,versement,DE,2025-05-29 14:05:02
C00002,550.02,virement,FR,2025-06-12 14:05:02
C00002,1085.66,retrait,ES,2025-06-11 14:05:02
C00002,1689.44,paiement,FR,2025-06-08 14:05:02
C00002,1568.09,virement,ES,2025-05-20 14:05:02
C00809,1130.41,retrait,DE,2025-06-03 14:05:02
C00001,116.99,retrait,ES,2025-06-15 14:05:02
C00002,449.11,paiement,DE,2025-05-22 14:05:02
C00001,656.3,paiement,FR,2025-06-17 14:05:02
C00478,1512.83,paiement,DE,2025-05-30 14:05:02
C00001,629.9,paiement,FR,2025-06-06 14:05:02
C00838,1203.51,retrait,IT,2025-05-22 14:05:02
C00002,479.46,retrait,DE,2025-06-16 14:05:02
C00002,713.97,achat,IT,2025-06-10 14:05:02
C00001,452.09,versement,DE,2025-06-05 14:05:02
C00002,1601.43,achat,IT,2025-05-31 14:05:02
C00002,1413.46,virement,DE,2025-05-28 14:05:02
C00002,475.95,paiement,DE,2025-05-27 14:05:02
C00001,1696.65,paiement,ES,2025-06-17 14:05:02
C00001,824.76,virement,FR,2025-06-12 14:05:02
C00002,900.98,retrait,IT,2025-06-05 14:05:02
C00002,400.59,virement,FR,2025-06-01 14:05:02
C00002,1522.05,paiement,FR,2025-05-27 14:05:02
C00002,29.56,retrait,IT,2025-05-24 14:05:02
C00001,258.36,virement,FR,2025-06-04 14:05:02
C00001,585.07,virement,IT,2025-06-17 14:05:02
C00001,1149.75,paiement,ES,2025-05-25 14:05:02
C00309,43.89,versement,DE,2025-05-30 14:05:02
C00002,477.87,versement,FR,2025-05-31 14:05:02
C00001,1869.88,virement,DE,2025-06-08 14:05:02
C00977,1467.02,retrait,DE,2025-05-21 14:05:02
C00001,24.97,virement,FR,2025-05-20 14:05:02
C00002,1427.82,paiement,IT,2025-05-18 14:05:02
C00001,572.97,achat,ES,2025-06-11 14:05:02
C00001,1494.74,achat,FR,2025-05-22 14:05:02
C00001,657.03,virement,ES,2025-05-29 14:05:02
C00002,494.9,versement,FR,2025-06-04 14:05:02
C00002,1428.22,retrait,ES,2025-06-03 14:05:02
C00002,1852.85,achat,FR,2025-05-18 14:05:02
C00002,1366.85,paiement,ES,2025-06-09 14:05:02
C00002,1292.98,achat,FR,2025-06-04 14:05:02
C00002,883.39,retrait,ES,2025-05-31 14:05:02
C00002,1025.4,achat,DE,2025-05-31 14:05:02
C00002,777.93,retrait,ES,2025-06-08 14:05:02
C00001,685.55,virement,DE,2025-05-30 14:05:02
C00001,1953.89,paiement,ES,2025-05-21 14:05:02
C00001,1730.39,paiement,FR,2025-06-12 14:05:02
C00980,507.88,versement,IT,2025-06-08 14:05:02
C00001,869.97,retrait,FR,2025-05-28 14:05:02
C00002,736.89,retrait,DE,2025-05-26 14:05:02
C00002,1845.95,versement,ES,2025-06-11 14:05:02
C00001,1767.7,achat,IT,2025-05-22 14:05:02
C00001,1067.12,achat,ES,2025-06-10 14:05:02
C00001,1523.31,virement,IT,2025-06-03 14:05:02
C00001,676.5,retrait,DE,2025-05-21 14:05:02
C00535,336.42,retrait,IT,2025-06-15 14:05:02
C00744,1379.54,retrait,FR,2025-06-04 14:05:02
C00001,1153.1,virement,IT,2025-06-10 14:05:02
C00002,1255.34,versement,DE,2025-06-14 14:05:02
C00124,1748.54,paiement,ES,2025-06-06 14:05:02
C00001,724.89,versement,IT,2025-05-19 14:05:02
C00202,789.68,versement,DE,2025-06-01 14:05:02
C00002,1683.13,versement,ES,2025-06-10 14:05:02
C00001,1253.7,versement,ES,2025-06-07 14:05:02
C00001,344.7,achat,FR,2025-05-28 14:05:02
C00002,243.61,versement,IT,2025-06-03 14:05:02
C00807,534.9,virement,IT,2025-05-25 14:05:02
C00001,584.8,versement,ES,2025-06-01 14:05:02
C00001,1352.14,achat,IT,2025-06-10 14:05:02
C00001,1640.44,retrait,DE,2025-05-30 14:05:02
C00342,711.93,achat,ES,2025-06-09 14:05:02
C00360,1838.17,achat,DE,2025-06-15 14:05:02
C00001,1628.77,versement,ES,2025-05-22 14:05:02
C00001,688.48,versement,FR,2025-06-17 14:05:02
C00001,1645.5,retrait,DE,2025-06-08 14:05:02
C00276,485.52,virement,DE,2025-05-19 14:05:02
C00632,1214.37,achat,IT,2025-05-28 14:05:02
C00360,933.23,paiement,DE,2025-05-24 14:05:02
C00002,1847.97,retrait,ES,2025-06-07 14:05:02
C00001,800.28,versement,IT,2025-06-16 14:05:02
C00001,1141.87,retrait,DE,2025-05-28 14:05:02
C00001,625.67,achat,FR,2025-06-11 14:05:02
C00767,378.67,achat,FR,2025-05-30 14:05:02
C00002,991.33,retrait,FR,2025-05-21 14:05:02
C00001,1479.11,achat,ES,2025-05-27 14:05:02
C00002,347.68,paiement,IT,2025-06-03 14:05:02
C00002,1611.08,virement,IT,2025-05-26 14:05:02
C00002,1215.95,versement,DE,2025-05-19 14:05:02
C00001,763.3,versement,IT,2025-05-27 14:05:02
C00002,92.72,achat,FR,2025-05-19 14:05:02
C00001,1032.69,paiement,ES,2025-06-10 14:05:02
C00001,620.05,virement,ES,2025-05-24 14:05:02
C00002,18.22,paiement,DE,2025-05-25 14:05:02
C00001,860.51,paiement,DE,2025-06-08 14:05:02
C00001,873.58,paiement,IT,2025-05-19 14:05:02
C00002,1127.31,paiement,ES,2025-06-14 14:05:02
C00002,1076.99,retrait,FR,2025-05-29 14:05:02
C00002,739.34,paiement,ES,2025-05-19 14:05:02
C00002,446.1,virement,DE,2025-06-15 14:05:02
C00001,618.85,versement,IT,2025-06-13 14:05:02
C00001,370.32,paiement,ES,2025-05-24 14:05:02
C00001,1172.83,versement,ES,2025-05-30 14:05:02
C00002,526.95,achat,FR,2025-06-01 14:05:02
C00001,42.35,virement,FR,2025-05-28 14:05:02
C00002,855.52,achat,FR,2025-05-22 14:05:02
C00002,526.08,virement,IT,2025-06-03 14:05:02
C00002,1487.93,virement,IT,2025-05-19 14:05:02
C00001,842.54,virement,DE,2025-06-06 14:05:02
C00002,769.65,versement,DE,2025-05-28 14:05:02
C00002,792.51,versement,ES,2025-06-15 14:05:02
C00002,1372.53,virement,DE,2025-05-29 14:05:02
C00001,180.89,versement,IT,2025-05-20 14:05:02
C00002,1312.35,paiement,IT,2025-06-17 14:05:02
C00001,966.27,paiement,IT,2025-06-10 14:05:02
C00001,821.56,versement,FR,2025-05-27 14:05:02
C00001,42.48,retrait,FR,2025-05-24 14:05:02
C00002,1322.79,achat,FR,2025-06-14 14:05:02
C00001,1268.54,versement,IT,2025-06-14 14:05:02
C00002,1407.23,versement,IT,2025-06-09 14:05:02
C00473,1696.3,paiement,IT,2025-05-21 14:05:02
C00002,214.17,virement,ES,2025-05-28 14:05:02
C00001,921.38,achat,FR,2025-06-12 14:05:02
C00001,309.87,versement,IT,2025-06-13 14:05:02
C00002,1026.86,achat,ES,2025-05-26 14:05:02
C00002,1395.56,retrait,FR,2025-05-20 14:05:02
C00001,1563.55,retrait,FR,2025-05-25 14:05:02
C00754,1815.79,retrait,ES,2025-05-18 14:05:02
C00001,1906.17,retrait,FR,2025-06-04 14:05:02
C00001,363.4,paiement,DE,2025-05-20 14:05:02
C00001,71.11,versement,ES,2025-05-22 14:05:02
C00001,1291.44,paiement,DE,2025-05-29 14:05:02
C00001,1127.11,virement,IT,2025-06-02 14:05:02
C00716,95.8,achat,DE,2025-06-17 14:05:02
C00001,1060.56,paiement,IT,2025-05-29 14:05:02
C00001,387.61,achat,IT,2025-05-31 14:05:02
C00002,1576.87,retrait,ES,2025-05-29 14:05:02
C00001,1230.2,paiement,ES,2025-05-30 14:05:02
C00041,840.98,paiement,FR,2025-06-12 14:05:02
C00001,16.41,achat,FR,2025-06-03 14:05:02
C00001,98.68,virement,DE,2025-05-26 14:05:02
C00001,70.43,virement,DE,2025-05-30 14:05:02
C00001,391.14,virement,FR,2025-06-11 14:05:02
C00002,150.17,versement,IT,2025-05-30 14:05:02
C00852,1424.09,virement,IT,2025-05-18 14:05:02
C00001,1311.52,achat,IT,2025-06-06 14:05:02
C00001,436.06,retrait,DE,2025-05-20 14:05:02
C00001,756.39,paiement,IT,2025-06-05 14:05:02
C00001,448.98,achat,IT,2025-06-17 14:05:02
C00002,780.75,virement,ES,2025-06-06 14:05:02
C00001,1310.49,virement,ES,2025-06-01 14:05:02
C00001,1334.49,achat,FR,2025-05-21 14:05:02
C00002,287.86,paiement,FR,2025-05-20 14:05:02
C00002,434.16,retrait,IT,2025-05-18 14:05:02
C00997,940.01,paiement,IT,2025-05-24 14:05:02
C00002,682.45,versement,FR,2025-06-14 14:05:02
C00001,641.88,versement,DE,2025-06-04 14:05:02
C00001,1932.24,virement,FR,2025-06-04 14:05:02
C00002,501.68,retrait,DE,2025-06-06 14:05:02
C00002,1110.52,versement,ES,2025-05-19 14:05:02
C00002,1689.74,virement,DE,2025-05-21 14:05:02
C00002,774.34,versement,ES,2025-06-08 14:05:02
C00002,51.19,paiement,ES,2025-06-06 14:05:02
C00001,691.27,achat,IT,2025-06-03 14:05:02
C00563,1990.91,versement,IT,2025-06-14 14:05:02
C00001,1323.15,virement,FR,2025-05-27 14:05:02
C00001,420.26,retrait,DE,2025-05-24 14:05:02
C00001,1165.52,paiement,DE,2025-05-24 14:05:02
C00002,930.78,achat,DE,2025-05-20 14:05:02
C00002,1982.21,retrait,FR,2025-05-31 14:05:02
C00002,915.93,virement,FR,2025-06-02 14:05:02
C00001,317.71,versement,ES,2025-06-01 14:05:02
C00001,316.57,versement,DE,2025-05-19 14:05:02
C00001,214.78,virement,ES,2025-06-04 14:05:02
C00001,970.74,paiement,DE,2025-05-25 14:05:02
C00369,1467.02,retrait,FR,2025-05-29 14:05:02
C00002,581.46,achat,IT,2025-06-14 14:05:02
C00751,1427.81,versement,DE,2025-06-10 14:05:02
C00001,408.83,retrait,DE,2025-05-26 14:05:02
C00851,94.48,versement,IT,2025-06-07 14:05:02
C00002,721.42,retrait,DE,2025-05-21 14:05:02
C00001,1293.7,retrait,IT,2025-05-21 14:05:02
C00002,587.94,versement,IT,2025-06-17 14:05:02
C00001,553.06,virement,FR,2025-05-19 14:05:02
C00002,1048.54,retrait,FR,2025-06-12 14:05:02
C00002,434.82,retrait,ES,2025-06-06 14:05:02
C00002,539.47,achat,ES,2025-06-02 14:05:02
C00001,265.79,achat,ES,2025-06-14 14:05:02
C00001,1110.37,achat,DE,2025-06-03 14:05:02
C00001,985.71,virement,DE,2025-05-20 14:05:02
C00002,534.23,paiement,ES,2025-05-30 14:05:02
C00002,1775.91,paiement,FR,2025-06-06 14:05:02
C00001,999.27,versement,IT,2025-05-25 14:05:02
C00001,1157.03,virement,FR,2025-05-18 14:05:02
C00002,586.45,achat,ES,2025-05-23 14:05:02
C00204,1194.5,retrait,IT,2025-06-17 14:05:02
C00001,1198.58,versement,DE,2025-06-06 14:05:02
C00001,904.74,achat,IT,2025-06-14 14:05:02
C00002,1617.32,retrait,DE,2025-05-21 14:05:02
C00001,1684.89,retrait,DE,2025-05-27 14:05:02
C00001,1257.2,achat,DE,2025-06-10 14:05:02
C00001,1249.49,retrait,FR,2025-05-25 14:05:02
C00002,267.59,achat,FR,2025-05-19 14:05:02
C00001,709.39,versement,FR,2025-06-16 14:05:02
C00001,757.6,paiement,ES,2025-06-07 14:05:02
C00001,1754.31,versement,DE,2025-05-31 14:05:02
C00001,1755.83,virement,FR,2025-06-12 14:05:02
C00001,1758.63,versement,ES,2025-06-17 14:05:02
C00001,1272.36,versement,DE,2025-06-07 14:05:02
C00001,1600.57,virement,IT,2025-06-10 14:05:02
C00218,378.91,virement,DE,2025-05-24 14:05:02
C00001,1858.22,versement,FR,2025-05-19 14:05:02
C00002,1973.29,versement,DE,2025-06-10 14:05:02
C00909,320.29,versement,DE,2025-05-24 14:05:02
C00001,897.58,versement,DE,2025-06-12 14:05:02
C00001,452.23,retrait,IT,2025-05-28 14:05:02
C00001,422.46,virement,IT,2025-06-14 14:05:02
C00001,1224.57,retrait,ES,2025-05-23 14:05:02
C00002,1876.18,versement,FR,2025-06-11 14:05:02
C00002,1589.91,virement,FR,2025-06-07 14:05:02
C00002,329.07,retrait,IT,2025-05-27 14:05:02
C00002,1017.93,achat,IT,2025-06-10 14:05:02
C00001,1424.47,versement,DE,2025-05-31 14:05:02
C00492,49.18,versement,IT,2025-05-25 14:05:02
C00001,1188.29,achat,ES,2025-05-20 14:05:02
C00002,1921.16,achat,DE,2025-05-25 14:05:02
C00746,1229.63,virement,IT,2025-06-17 14:05:02
C00002,890.03,paiement,DE,2025-05-29 14:05:02
C00001,343.06,versement,IT,2025-05-24 14:05:02
C00001,448.79,virement,DE,2025-05-26 14:05:02
C00002,852.15,retrait,ES,2025-06-15 14:05:02
C00001,539.25,achat,ES,2025-06-06 14:05:02
C00002,29.71,versement,IT,2025-06-04 14:05:02
C00001,767.15,versement,DE,2025-06-06 14:05:02
C00001,713.5,versement,ES,2025-06-07 14:05:02
C00001,1674.54,versement,DE,2025-05-21 14:05:02
C00001,49.33,virement,FR,2025-05-26 14:05:02
C00001,425.44,virement,FR,2025-05-31 14:05:02
C00002,1929.96,paiement,DE,2025-06-17 14:05:02
C00001,1438.33,retrait,IT,2025-05-26 14:05:02
C00439,1700.17,versement,FR,2025-05-31 14:05:02
C00379,188.75,paiement,FR,2025-06-06 14:05:02
C00002,442.09,retrait,FR,2025-05-22 14:05:02
C00638,812.1,versement,FR,2025-05-27 14:05:02
C00002,812.72,retrait,DE,2025-06-01 14:05:02
C00002,1805.55,virement,FR,2025-05-25 14:05:02
C00001,1779.05,virement,IT,2025-06-08 14:05:02
C00514,211.19,paiement,DE,2025-05-20 14:05:02
C00002,1062.99,paiement,IT,2025-06-10 14:05:02
C00002,827.58,achat,DE,2025-06-12 14:05:02
C00002,1708.58,paiement,DE,2025-05-29 14:05:02
C00001,658.35,achat,ES,2025-05-29 14:05:02
C00001,729.02,virement,ES,2025-05-27 14:05:02
C00001,481.11,paiement,ES,2025-05-29 14:05:02
C00002,882.61,retrait,FR,2025-06-04 14:05:02
C00002,30.15,retrait,IT,2025-06-16 14:05:02
C00202,104.6,virement,ES,2025-05-20 14:05:02
C00709,872.77,versement,FR,2025-05-18 14:05:02
C00979,1700.62,virement,DE,2025-06-14 14:05:02
C00001,1744.6,paiement,FR,2025-05-27 14:05:02
C00002,362.56,virement,FR,2025-05-29 14:05:02
C00001,692.35,paiement,DE,2025-05-27 14:05:02
C00002,698.02,retrait,DE,2025-05-21 14:05:02
C00001,1981.87,achat,FR,2025-06-10 14:05:02
C00002,1025.47,virement,DE,2025-05-28 14:05:02
C00001,1669.29,retrait,IT,2025-05-27 14:05:02
C00144,712.92,virement,ES,2025-06-15 14:05:02
C00002,899.23,retrait,DE,2025-05-23 14:05:02
C00002,845.9,retrait,ES,2025-05-25 14:05:02
C00326,94.94,retrait,IT,2025-05-25 14:05:02
C00001,1954.97,retrait,ES,2025-05-29 14:05:02
C00001,745.36,versement,ES,2025-06-07 14:05:02
C00002,282.83,achat,FR,2025-05-22 14:05:02
C00002,47.23,virement,IT,2025-06-03 14:05:02
C00001,1374.2,retrait,ES,2025-06-07 14:05:02
C00001,1049.54,virement,ES,2025-06-08 14:05:02
C00001,344.34,versement,IT,2025-05-20 14:05:02
C00703,1938.52,retrait,IT,2025-05-20 14:05:02
C00002,1339.57,virement,IT,2025-06-11 14:05:02
C00002,1353.44,virement,ES,2025-06-05 14:05:02
C00639,1661.62,versement,ES,2025-05-28 14:05:02
C00001,1166.73,achat,ES,2025-06-06 14:05:02
C00091,325.32,achat,IT,2025-06-01 14:05:02
C00002,602.84,paiement,ES,2025-06-11 14:05:02
C00001,404.76,retrait,ES,2025-05-22 14:05:02
C00741,370.11,versement,ES,2025-06-06 14:05:02
C00002,781.06,retrait,DE,2025-06-02 14:05:02
C00001,154.86,virement,IT,2025-06-04 14:05:02
C00231,29.06,versement,IT,2025-06-04 14:05:02
C00001,36.26,virement,DE,2025-05-26 14:05:02
C00001,911.36,achat,IT,2025-06-08 14:05:02
C00002,1624.1,paiement,DE,2025-06-10 14:05:02
C00002,466.08,retrait,ES,2025-05-19 14:05:02
C00001,1430.49,achat,ES,2025-05-31 14:05:02
C00001,152.23,paiement,DE,2025-06-08 14:05:02
C00001,1030.51,paiement,IT,2025-05-21 14:05:02
C00709,725.67,virement,ES,2025-06-09 14:05:02
C00001,1347.81,paiement,FR,2025-05-19 14:05:02
C00001,822.1,paiement,IT,2025-05-19 14:05:02
C00001,1851.18,versement,FR,2025-06-02 14:05:02
C00411,1442.46,paiement,DE,2025-06-13 14:05:02
C00002,788.04,virement,ES,2025-05-21 14:05:02
C00002,993.34,achat,FR,2025-05-22 14:05:02
C00001,120.15,virement,IT,2025-06-07 14:05:02
C00046,1144.88,versement,FR,2025-05-23 14:05:02
C00001,1902.01,paiement,FR,2025-06-03 14:05:02
C00001,1998.86,versement,IT,2025-06-07 14:05:02
C00001,943.77,achat,IT,2025-05-30 14:05:02
C00002,747.22,virement,FR,2025-05-27 14:05:02
C00001,52.42,paiement,IT,2025-05-27 14:05:02
C00002,1671.44,achat,ES,2025-05-19 14:05:02
C00001,321.77,paiement,FR,2025-06-02 14:05:02
C00002,1980.37,achat,IT,2025-06-04 14:05:02
C00184,850.3,virement,DE,2025-05-22 14:05:02
C00001,1091.44,paiement,DE,2025-06-11 14:05:02
C00001,1613.58,versement,FR,2025-05-24 14:05:02
C00001,1510.33,paiement,DE,2025-05-23 14:05:02
C00002,1979.04,virement,FR,2025-06-03 14:05:02
C00966,1523.97,versement,ES,2025-06-07 14:05:02
C00002,482.79,retrait,FR,2025-06-06 14:05:02
C00180,569.84,paiement,FR,2025-05-23 14:05:02
C00002,1112.35,retrait,FR,2025-06-06 14:05:02
C00587,957.15,paiement,ES,2025-06-06 14:05:02
C00002,540.51,retrait,IT,2025-06-17 14:05:02
C00001,502.35,versement,DE,2025-06-08 14:05:02
C00001,872.16,paiement,ES,2025-06-14 14:05:02
C00002,510.42,retrait,IT,2025-05-18 14:05:02
C00674,144.24,virement,FR,2025-06-06 14:05:02
C00001,1233.57,achat,FR,2025-06-02 14:05:02
C00415,1910.32,achat,DE,2025-05-29 14:05:02
C00002,1611.34,retrait,FR,2025-05-23 14:05:02
C00002,1057.33,versement,FR,2025-05-19 14:05:02
C00002,144.71,retrait,ES,2025-06-05 14:05:02
C00001,1009.99,retrait,IT,2025-06-12 14:05:02
C00002,1980.96,achat,ES,2025-05-27 14:05:02
C00002,1219.16,paiement,DE,2025-06-17 14:05:02
C00160,287.93,achat,ES,2025-05-29 14:05:02
C00001,1558.23,achat,ES,2025-06-02 14:05:02
C00001,45.8,achat,ES,2025-06-17 14:05:02
C00002,807.34,virement,DE,2025-05-24 14:05:02
C00002,1587.46,versement,FR,2025-06-17 14:05:02
C00001,318.23,retrait,FR,2025-05-27 14:05:02
C00002,519.31,virement,IT,2025-06-03 14:05:02
C00765,862.02,virement,FR,2025-06-04 14:05:02
C00001,1533.57,achat,ES,2025-06-04 14:05:02
C00001,1106.53,retrait,DE,2025-06-08 14:05:02
C00001,397.92,achat,FR,2025-05-18 14:05:02
C00753,1948.63,retrait,FR,2025-06-11 14:05:02
C00359,551.05,paiement,IT,2025-06-07 14:05:02
C00001,841.68,paiement,DE,2025-05-22 14:05:02
C00002,1397.45,retrait,DE,2025-06-13 14:05:02
C00640,693.08,retrait,DE,2025-06-12 14:05:02
C00849,876.81,retrait,FR,2025-06-16 14:05:02
C00002,1652.18,retrait,ES,2025-05-19 14:05:02
C00918,36.39,retrait,IT,2025-05-24 14:05:02
C00001,525.23,achat,ES,2025-05-20 14:05:02
C00001,956.05,paiement,FR,2025-05-30 14:05:02
C00971,1373.16,virement,FR,2025-05-31 14:05:02
C00002,806.45,paiement,DE,2025-05-27 14:05:02
C00848,1180.81,paiement,ES,2025-06-15 14:05:02
C00519,1729.32,paiement,DE,2025-05-31 14:05:02
C00001,1342.61,versement,DE,2025-05-18 14:05:02
C00002,1250.83,retrait,ES,2025-06-16 14:05:02
C00937,1021.23,paiement,FR,2025-05-19 14:05:02
C00146,948.33,retrait,IT,2025-06-15 14:05:02
C00040,646.03,versement,IT,2025-06-01 14:05:02
C00002,1666.62,achat,IT,2025-05-30 14:05:02
C00001,1430.7,retrait,IT,2025-06-12 14:05:02
C00001,1425.87,versement,FR,2025-05-27 14:05:02
C00001,1214.32,versement,FR,2025-05-31 14:05:02
C00001,1982.9,virement,ES,2025-06-09 14:05:02
C00001,1003.92,achat,IT,2025-05-24 14:05:02
C00336,1168.96,retrait,FR,2025-06-15 14:05:02
C00002,843.3,achat,IT,2025-06-10 14:05:02
C00002,869.13,versement,ES,2025-06-02 14:05:02
C00001,1817.35,versement,DE,2025-06-10 14:05:02
C00001,464.92,paiement,FR,2025-05-20 14:05:02
C00001,1931.7,retrait,ES,2025-05-25 14:05:02
C00002,1956.75,versement,FR,2025-05-24 14:05:02
C00001,826.76,paiement,DE,2025-05-23 14:05:02
C00001,324.03,virement,IT,2025-06-06 14:05:02
C00246,518.72,achat,FR,2025-06-03 14:05:02
C00001,1832.62,versement,FR,2025-05-28 14:05:02
C00001,126.51,retrait,DE,2025-05-23 14:05:02
C00001,1721.4,achat,DE,2025-05-19 14:05:02
C00001,1928.95,versement,IT,2025-06-06 14:05:02
C00001,1633.04,paiement,FR,2025-05-30 14:05:02
C00002,700.23,virement,FR,2025-06-05 14:05:02
C00483,1368.85,retrait,DE,2025-05-29 14:05:02
C00001,1909.4,versement,ES,2025-05-29 14:05:02
C00001,1299.17,versement,DE,2025-06-11 14:05:02
C00001,1547.13,achat,ES,2025-05-31 14:05:02
C00002,36.28,virement,ES,2025-05-23 14:05:02
C00002,812.3,paiement,ES,2025-05-23 14:05:02
C00001,1853.29,paiement,IT,2025-05-31 14:05:02
C00854,534.95,achat,FR,2025-05-29 14:05:02
C00002,1537.84,retrait,ES,2025-06-08 14:05:02
C00001,1367.91,paiement,DE,2025-05-20 14:05:02
C00500,1969.67,paiement,FR,2025-06-02 14:05:02
C00002,395.7,achat,ES,2025-06-07 14:05:02
C00002,1799.55,achat,IT,2025-06-11 14:05:02
C00001,653.6,virement,FR,2025-05-21 14:05:02
C00001,1672.26,virement,IT,2025-05-29 14:05:02
C00001,1290.83,paiement,DE,2025-06-15 14:05:02
C00002,1257.56,achat,IT,2025-06-16 14:05:02
C00002,445.4,versement,IT,2025-05-28 14:05:02
C00002,1386.44,virement,IT,2025-06-05 14:05:02
C00001,1081.84,virement,DE,2025-06-15 14:05:02
C00001,827.21,versement,FR,2025-06-15 14:05:02
C00001,140.76,paiement,ES,2025-05-23 14:05:02
C00001,150.0,versement,ES,2025-06-07 14:05:02
C00001,1332.14,achat,DE,2025-06-08 14:05:02
C00540,1594.08,paiement,FR,2025-06-07 14:05:02
C00002,1975.87,virement,IT,2025-05-21 14:05:02
C00851,332.06,virement,DE,2025-05-19 14:05:02
C00001,1626.58,paiement,IT,2025-06-16 14:05:02
C00001,1635.24,paiement,DE,2025-05-29 14:05:02
C00001,540.23,retrait,ES,2025-06-02 14:05:02
C00972,407.41,virement,ES,2025-05-25 14:05:02
C00001,165.22,virement,IT,2025-06-05 14:05:02
C00002,1970.23,achat,DE,2025-05-18 14:05:02
C00001,1835.34,versement,IT,2025-05-20 14:05:02
C00923,144.94,versement,DE,2025-05-26 14:05:02
C00002,1949.41,versement,FR,2025-05-18 14:05:02
C00002,217.35,versement,DE,2025-06-02 14:05:02
C00002,1022.94,retrait,FR,2025-05-21 14:05:02
C00002,1556.25,virement,ES,2025-05-24 14:05:02
C00001,1753.42,achat,FR,2025-06-15 14:05:02
C00001,833.07,achat,FR,2025-06-10 14:05:02
C00914,19.86,retrait,DE,2025-06-02 14:05:02
C00001,173.18,versement,DE,2025-06-08 14:05:02
C00001,1188.15,paiement,IT,2025-05-31 14:05:02
C00002,1969.08,retrait,ES,2025-05-31 14:05:02
C00001,779.56,achat,IT,2025-05-30 14:05:02
C00001,1465.96,achat,ES,2025-06-05 14:05:02
C00002,1194.5,virement,FR,2025-06-16 14:05:02
C00414,1118.69,retrait,FR,2025-06-13 14:05:02
C00001,1660.02,retrait,ES,2025-06-06 14:05:02
C00002,1266.25,paiement,DE,2025-05-24 14:05:02
C00002,919.25,achat,DE,2025-06-01 14:05:02
C00840,1718.62,retrait,DE,2025-05-26 14:05:02
C00001,45.25,versement,ES,2025-06-06 14:05:02
C00001,1047.52,retrait,FR,2025-06-05 14:05:02
C00001,959.35,achat,FR,2025-06-03 14:05:02
C00687,1368.19,virement,DE,2025-06-03 14:05:02
C00001,87.48,versement,ES,2025-05-29 14:05:02
C00001,1085.17,achat,FR,2025-05-20 14:05:02
C00001,500.94,achat,ES,2025-06-11 14:05:02
C00002,121.13,paiement,IT,2025-06-10 14:05:02
C00002,1471.9,paiement,FR,2025-05-21 14:05:02
C00002,414.32,versement,FR,2025-06-15 14:05:02
C00002,1155.81,retrait,IT,2025-06-06 14:05:02
C00001,474.37,achat,FR,2025-06-08 14:05:02
C00117,1898.62,achat,DE,2025-06-12 14:05:02
C00001,1472.4,retrait,FR,2025-06-05 14:05:02
C00002,413.12,versement,DE,2025-06-08 14:05:02
C00001,1141.28,paiement,ES,2025-06-14 14:05:02
C00002,169.1,versement,ES,2025-05-30 14:05:02
C00002,1608.53,versement,DE,2025-06-06 14:05:02
C00089,1480.45,retrait,IT,2025-05-21 14:05:02
C00002,1288.0,retrait,IT,2025-05-30 14:05:02
C00002,1616.07,retrait,IT,2025-05-31 14:05:02
C00002,1217.08,retrait,DE,2025-05-31 14:05:02
C00002,850.48,paiement,DE,2025-06-02 14:05:02
C00001,460.54,virement,FR,2025-05-22 14:05:02
C00001,321.61,achat,DE,2025-05-30 14:05:02
C00001,92.68,virement,FR,2025-06-04 14:05:02
C00001,49.48,virement,DE,2025-06-16 14:05:02
C00002,548.54,virement,FR,2025-05-30 14:05:02
C00001,1222.05,paiement,ES,2025-06-15 14:05:02
C00002,1731.2,paiement,FR,2025-06-15 14:05:02
C00002,880.05,versement,DE,2025-06-01 14:05:02
C00001,1417.96,virement,ES,2025-05-26 14:05:02
C00002,1719.68,achat,FR,2025-06-11 14:05:02
C00001,644.4,paiement,DE,2025-05-21 14:05:02
C00001,186.38,retrait,FR,2025-05-21 14:05:02
C00001,1268.86,virement,ES,2025-06-04 14:05:02
C00334,798.24,virement,FR,2025-05-23 14:05:02
C00825,1859.55,paiement,DE,2025-05-27 14:05:02
C00001,681.54,versement,IT,2025-05-19 14:05:02
C00001,1319.39,paiement,IT,2025-06-04 14:05:02
C00001,929.11,retrait,ES,2025-05-25 14:05:02
C00001,437.09,retrait,ES,2025-06-04 14:05:02
C00001,889.97,paiement,FR,2025-06-07 14:05:02
C00791,18.05,virement,ES,2025-05-28 14:05:02
C00001,1389.6,versement,ES,2025-05-26 14:05:02
C00001,319.64,versement,DE,2025-05-19 14:05:02
C00001,450.68,paiement,FR,2025-05-26 14:05:02
C00002,953.71,versement,FR,2025-06-10 14:05:02
C00002,1935.87,achat,IT,2025-06-13 14:05:02
C00001,1321.19,versement,DE,2025-06-14 14:05:02
C00001,583.06,versement,FR,2025-05-27 14:05:02
C00786,1879.32,paiement,DE,2025-06-01 14:05:02
C00002,1970.22,paiement,IT,2025-06-13 14:05:02
C00001,384.75,retrait,DE,2025-05-30 14:05:02
C00002,445.06,paiement,IT,2025-06-08 14:05:02
C00001,1982.58,achat,IT,2025-05-24 14:05:02
C00002,262.44,achat,IT,2025-05-31 14:05:02
C00001,982.3,retrait,DE,2025-06-02 14:05:02
C00002,1590.84,virement,IT,2025-05-21 14:05:02
C00002,1568.53,paiement,IT,2025-06-15 14:05:02
C00001,533.88,paiement,DE,2025-06-09 14:05:02
C00002,137.72,paiement,DE,2025-05-26 14:05:02
C00002,158.23,versement,FR,2025-06-11 14:05:02
C00002,882.81,retrait,IT,2025-06-17 14:05:02
C00001,1378.07,versement,IT,2025-06-08 14:05:02
C00001,1775.59,paiement,DE,2025-05-28 14:05:02
C00002,215.14,retrait,IT,2025-06-06 14:05:02
C00001,65.8,virement,FR,2025-05-25 14:05:02
C00806,544.13,paiement,ES,2025-05-30 14:05:02
C00875,463.26,paiement,IT,2025-06-08 14:05:02
C00525,822.24,achat,DE,2025-06-09 14:05:02
C00243,1557.43,paiement,DE,2025-06-17 14:05:02
C00002,1555.18,paiement,ES,2025-05-29 14:05:02
C00001,1367.36,retrait,IT,2025-06-03 14:05:02
C00002,304.64,retrait,FR,2025-05-28 14:05:02
C00707,1668.52,achat,IT,2025-06-08 14:05:02
C00001,1733.53,achat,IT,2025-05-26 14:05:02
C00001,369.88,paiement,IT,2025-06-08 14:05:02
C00001,688.81,achat,DE,2025-05-29 14:05:02
C00001,1629.2,versement,DE,2025-06-12 14:05:02
C00001,65.92,versement,IT,2025-05-30 14:05:02
C00001,1462.52,achat,ES,2025-05-27 14:05:02
C00002,690.93,achat,IT,2025-06-14 14:05:02
C00001,186.72,virement,DE,2025-05-28 14:05:02
C00001,87.68,retrait,ES,2025-05-26 14:05:02
C00001,1079.26,versement,IT,2025-05-24 14:05:02
C00002,1007.49,achat,IT,2025-06-03 14:05:02
C00547,792.84,retrait,ES,2025-05-20 14:05:02
C00763,1824.15,achat,ES,2025-05-31 14:05:02
C00097,1974.67,achat,DE,2025-06-07 14:05:02
C00002,627.64,virement,FR,2025-05-27 14:05:02
C00002,523.25,paiement,ES,2025-05-29 14:05:02
C00085,1224.65,versement,FR,2025-05-20 14:05:02
C00001,1797.42,paiement,FR,2025-06-15 14:05:02
C00330,1478.68,paiement,ES,2025-06-08 14:05:02
C00001,902.31,virement,DE,2025-05-29 14:05:02
C00001,1797.09,achat,ES,2025-06-04 14:05:02
C00002,1518.21,versement,FR,2025-05-30 14:05:02
C00001,64.28,retrait,DE,2025-05-26 14:05:02
C00002,1205.92,paiement,IT,2025-06-02 14:05:02
C00581,1626.76,paiement,IT,2025-06-13 14:05:02
C00628,412.46,achat,FR,2025-06-08 14:05:02
C00001,745.0,achat,FR,2025-06-16 14:05:02
C00001,339.31,virement,FR,2025-05-28 14:05:02
C00001,942.94,virement,DE,2025-06-10 14:05:02
C00002,338.23,retrait,DE,2025-05-29 14:05:02
C00001,1374.27,versement,IT,2025-05-19 14:05:02
C00001,178.6,virement,ES,2025-06-15 14:05:02
C00001,247.98,retrait,ES,2025-06-02 14:05:02
C00874,1512.88,paiement,FR,2025-05-31 14:05:02
C00002,1349.83,retrait,DE,2025-05-18 14:05:02
C00002,657.87,versement,IT,2025-06-15 14:05:02
C00001,792.61,virement,DE,2025-05-21 14:05:02
C00002,1302.05,virement,FR,2025-06-02 14:05:02
C00002,602.21,paiement,FR,2025-05-30 14:05:02
C00002,1906.08,retrait,ES,2025-06-14 14:05:02
C00001,1008.09,virement,FR,2025-06-10 14:05:02
C00002,57.81,achat,IT,2025-06-05 14:05:02
C00001,1566.03,versement,FR,2025-05-22 14:05:02
C00406,1709.94,virement,FR,2025-06-15 14:05:02
C00002,1579.21,versement,FR,2025-05-18 14:05:02
C00988,1956.64,versement,DE,2025-05-21 14:05:02
C00002,347.96,retrait,DE,2025-05-31 14:05:02
C00001,786.47,versement,DE,2025-05-27 14:05:02
C00001,539.32,paiement,IT,2025-06-14 14:05:02
C00001,1148.75,paiement,DE,2025-06-01 14:05:02
C00884,1952.79,virement,IT,2025-05-20 14:05:02
C00001,1797.41,paiement,FR,2025-06-17 14:05:02
C00001,542.63,virement,DE,2025-05-27 14:05:02
C00706,1161.2,achat,FR,2025-06-01 14:05:02
C00001,749.27,retrait,ES,2025-05-25 14:05:02
C00001,522.28,paiement,ES,2025-05-24 14:05:02
C00001,1081.77,paiement,ES,2025-06-13 14:05:02
C00002,46.18,achat,FR,2025-05-18 14:05:02
C00002,304.68,virement,IT,2025-06-16 14:05:02
C00053,1077.71,achat,ES,2025-05-30 14:05:02
C00002,1357.95,versement,ES,2025-06-12 14:05:02
C00001,1800.31,achat,ES,2025-05-26 14:05:02
C00001,1069.56,achat,DE,2025-05-30 14:05:02
C00002,1858.62,achat,IT,2025-05-18 14:05:02
C00002,700.95,achat,IT,2025-06-16 14:05:02
C00641,250.28,retrait,IT,2025-05-26 14:05:02
C00002,1194.49,versement,DE,2025-05-22 14:05:02
C00002,1075.78,achat,FR,2025-05-30 14:05:02
C00001,1819.74,versement,IT,2025-05-19 14:05:02
C00021,373.21,paiement,FR,2025-05-29 14:05:02
C00215,785.1,versement,FR,2025-05-21 14:05:02
C00001,1214.62,achat,FR,2025-06-03 14:05:02
C00002,839.72,versement,FR,2025-06-02 14:05:02
C00001,1220.45,achat,ES,2025-05-30 14:05:02
C00001,811.64,virement,FR,2025-06-14 14:05:02
C00002,895.0,paiement,IT,2025-05-25 14:05:02
C00002,1103.95,versement,IT,2025-05-20 14:05:02
C00002,230.3,achat,FR,2025-05-27 14:05:02
C00001,233.06,achat,DE,2025-06-17 14:05:02
C00002,1985.99,achat,IT,2025-06-06 14:05:02
C00002,101.56,virement,DE,2025-05-22 14:05:02
C00001,533.89,versement,IT,2025-05-18 14:05:02
C00002,783.32,achat,IT,2025-06-09 14:05:02
C00002,1778.22,achat,FR,2025-06-08 14:05:02
C00107,404.21,versement,DE,2025-06-07 14:05:02
C00001,399.29,versement,DE,2025-06-13 14:05:02
C00001,10.41,achat,FR,2025-06-09 14:05:02
C00001,1662.25,virement,DE,2025-05-27 14:05:02
C00001,1489.48,paiement,FR,2025-06-15 14:05:02
C00002,1192.85,versement,IT,2025-06-12 14:05:02
C00002,1482.38,retrait,IT,2025-05-27 14:05:02
C00002,1447.76,paiement,IT,2025-05-30 14:05:02
C00002,342.38,paiement,ES,2025-05-22 14:05:02
C00001,1790.57,versement,IT,2025-06-08 14:05:02
C00001,1453.37,achat,IT,2025-06-11 14:05:02
C00001,984.14,achat,FR,2025-06-17 14:05:02
C00002,1043.67,achat,ES,2025-06-15 14:05:02
C00001,1878.92,retrait,FR,2025-06-16 14:05:02
C00065,1941.22,achat,DE,2025-06-11 14:05:02
C00001,1283.92,achat,DE,2025-05-22 14:05:02
C00001,1518.43,achat,DE,2025-05-28 14:05:02
C00001,1217.18,achat,IT,2025-05-31 14:05:02
C00002,1133.62,retrait,ES,2025-06-08 14:05:02
C00001,1415.0,achat,FR,2025-06-14 14:05:02
C00002,1287.14,paiement,DE,2025-06-11 14:05:02
C00001,1430.1,achat,ES,2025-06-05 14:05:02
C00729,216.35,paiement,ES,2025-05-29 14:05:02
C00002,655.79,achat,ES,2025-06-05 14:05:02
C00001,1169.47,achat,DE,2025-06-04 14:05:02
C00002,736.83,virement,IT,2025-06-08 14:05:02
C00001,579.8,versement,DE,2025-05-31 14:05:02
C00001,771.19,retrait,DE,2025-06-07 14:05:02
C00962,1837.12,achat,FR,2025-06-09 14:05:02
C00001,1115.5,retrait,DE,2025-06-12 14:05:02
C00002,450.16,retrait,DE,2025-05-26 14:05:02
C00001,534.65,versement,FR,2025-06-16 14:05:02
C00001,1191.1,achat,IT,2025-05-21 14:05:02
C00002,1120.98,retrait,DE,2025-06-04 14:05:02
C00001,1638.34,virement,FR,2025-05-23 14:05:02
C00001,1292.87,versement,IT,2025-06-07 14:05:02
C00227,1230.31,versement,FR,2025-05-25 14:05:02
C00001,1451.12,virement,IT,2025-05-25 14:05:02
C00001,1294.27,paiement,ES,2025-05-23 14:05:02
C00553,956.31,paiement,ES,2025-05-18 14:05:02
C00002,1018.99,achat,IT,2025-06-09 14:05:02
C00001,699.69,virement,IT,2025-06-03 14:05:02
C00001,1799.29,achat,FR,2025-05-30 14:05:02
C00408,668.23,paiement,DE,2025-06-17 14:05:02
C00001,1620.77,paiement,ES,2025-05-28 14:05:02
C00001,571.69,retrait,DE,2025-05-24 14:05:02
C00371,1099.44,achat,ES,2025-05-23 14:05:02
C00001,55.79,versement,FR,2025-05-26 14:05:02
C00369,1999.32,achat,DE,2025-06-13 14:05:02
C00002,697.61,paiement,IT,2025-06-04 14:05:02
C00002,655.93,retrait,ES,2025-06-01 14:05:02
C00001,168.22,versement,FR,2025-05-24 14:05:02
C00002,859.41,versement,FR,2025-05-19 14:05:02
C00002,1173.95,paiement,ES,2025-05-28 14:05:02
C00002,1582.63,retrait,DE,2025-05-23 14:05:02
C00001,1555.74,retrait,IT,2025-06-12 14:05:02
C00001,549.99,paiement,DE,2025-05-31 14:05:02
C00001,449.37,achat,FR,2025-06-12 14:05:02
C00013,781.16,paiement,ES,2025-06-11 14:05:02
C00444,1529.92,versement,DE,2025-05-29 14:05:02
C00002,1499.21,retrait,FR,2025-05-25 14:05:02
C00001,771.81,virement,IT,2025-06-14 14:05:02
C00626,961.23,retrait,IT,2025-06-16 14:05:02
C00059,1793.8,paiement,ES,2025-05-27 14:05:02
C00725,1861.75,paiement,IT,2025-05-26 14:05:02
C00002,161.25,retrait,IT,2025-05-28 14:05:02
C00002,1406.74,achat,FR,2025-06-06 14:05:02
C00001,1663.89,paiement,FR,2025-06-06 14:05:02
C00002,85.42,achat,DE,2025-05-22 14:05:02
C00001,389.45,virement,FR,2025-06-10 14:05:02
C00002,697.52,virement,IT,2025-06-11 14:05:02
C00002,1696.92,versement,DE,2025-05-25 14:05:02
C00001,1982.39,achat,FR,2025-06-13 14:05:02
C00001,1855.17,retrait,ES,2025-05-19 14:05:02
C00001,200.28,virement,FR,2025-05-19 14:05:02
C00001,1248.75,paiement,ES,2025-05-30 14:05:02
C00002,1346.85,versement,FR,2025-05-31 14:05:02
C00002,1900.96,versement,ES,2025-05-27 14:05:02
C00491,1244.11,retrait,IT,2025-05-28 14:05:02
C00002,962.1,virement,DE,2025-06-01 14:05:02
C00002,1771.55,virement,DE,2025-06-13 14:05:02
C00001,223.53,versement,ES,2025-05-28 14:05:02
C00002,572.16,paiement,FR,2025-06-05 14:05:02
C00001,1666.43,retrait,IT,2025-05-22 14:05:02
C00002,1579.03,paiement,IT,2025-06-06 14:05:02
C00002,1246.22,achat,ES,2025-05-27 14:05:02
C00001,1427.78,achat,IT,2025-05-30 14:05:02
C00001,1263.96,paiement,DE,2025-05-18 14:05:02
C00002,402.27,retrait,FR,2025-05-27 14:05:02
C00001,1261.96,paiement,DE,2025-06-04 14:05:02
C00001,1906.92,virement,FR,2025-06-05 14:05:02
C00002,224.08,achat,IT,2025-05-25 14:05:02
C00001,474.64,retrait,FR,2025-06-17 14:05:02
C00001,165.3,virement,IT,2025-05-31 14:05:02
C00001,1604.74,achat,IT,2025-06-17 14:05:02
C00001,1458.22,versement,ES,2025-05-29 14:05:02
C00055,1841.75,retrait,DE,2025-06-15 14:05:02
C00001,735.29,virement,ES,2025-06-08 14:05:02
C00707,814.56,paiement,IT,2025-06-11 14:05:02
C00002,1294.75,retrait,DE,2025-05-31 14:05:02
C00001,1042.2,paiement,IT,2025-06-04 14:05:02
C00001,1657.36,retrait,FR,2025-05-23 14:05:02
C00001,1832.51,versement,DE,2025-06-02 14:05:02
C00001,1382.11,virement,IT,2025-06-09 14:05:02
C00404,1922.06,retrait,ES,2025-06-09 14:05:02
C00026,1015.64,virement,IT,2025-05-20 14:05:02
C00001,1779.18,versement,ES,2025-06-12 14:05:02
C00002,1586.89,virement,IT,2025-06-06 14:05:02
C00001,1911.94,achat,ES,2025-05-24 14:05:02
C00002,748.84,paiement,IT,2025-05-30 14:05:02
C00426,1515.5,paiement,DE,2025-06-10 14:05:02
C00002,848.13,paiement,DE,2025-05-20 14:05:02
C00001,1130.95,virement,FR,2025-06-05 14:05:02
C00001,1685.51,paiement,IT,2025-06-03 14:05:02
C00755,636.41,achat,FR,2025-05-30 14:05:02
C00001,457.57,virement,FR,2025-06-14 14:05:02
C00001,460.84,versement,DE,2025-06-04 14:05:02
C00002,980.16,achat,IT,2025-05-22 14:05:02
C00002,524.94,achat,ES,2025-06-15 14:05:02
C00001,622.62,achat,IT,2025-05-30 14:05:02
C00001,1127.71,retrait,ES,2025-06-02 14:05:02
C00002,360.52,retrait,FR,2025-06-14 14:05:02
C00002,1487.26,versement,IT,2025-05-23 14:05:02
C00209,1088.45,paiement,FR,2025-05-31 14:05:02
C00002,899.12,virement,ES,2025-06-07 14:05:02
C00001,1258.74,achat,ES,2025-05-23 14:05:02
C00002,846.34,retrait,ES,2025-06-14 14:05:02
C00001,661.85,retrait,DE,2025-05-23 14:05:02
C00001,1001.94,achat,IT,2025-06-08 14:05:02
C00002,1103.08,virement,IT,2025-05-23 14:05:02
C00735,984.9,virement,FR,2025-05-22 14:05:02
C00001,1174.91,achat,FR,2025-06-14 14:05:02
C00001,1534.21,paiement,ES,2025-06-10 14:05:02
C00001,1433.79,virement,DE,2025-05-18 14:05:02
C00001,26.56,retrait,FR,2025-06-17 14:05:02
C00002,1563.07,virement,DE,2025-05-27 14:05:02
C00002,260.78,retrait,FR,2025-05-23 14:05:02
C00001,1693.1,achat,ES,2025-06-14 14:05:02
C00002,66.0,achat,IT,2025-05-23 14:05:02
C00001,488.5,versement,ES,2025-06-06 14:05:02
C00349,712.03,retrait,ES,2025-06-03 14:05:02
C00002,1643.89,versement,FR,2025-06-08 14:05:02
C00002,442.05,paiement,FR,2025-05-19 14:05:02
C00001,123.4,paiement,FR,2025-05-31 14:05:02
C00869,541.54,versement,IT,2025-06-12 14:05:02
C00001,1609.18,retrait,ES,2025-05-25 14:05:02
C00002,1011.91,retrait,FR,2025-06-05 14:05:02
C00577,1002.0,virement,IT,2025-06-06 14:05:02
C00001,141.25,paiement,IT,2025-05-24 14:05:02
C00001,1670.99,versement,IT,2025-06-03 14:05:02
C00393,1762.01,virement,IT,2025-05-30 14:05:02
C00001,381.41,achat,DE,2025-06-15 14:05:02
C00002,1484.52,virement,FR,2025-05-31 14:05:02
C00001,1083.62,virement,DE,2025-06-13 14:05:02
C00002,714.93,versement,FR,2025-06-03 14:05:02
C00917,64.09,paiement,DE,2025-06-07 14:05:02
C00001,922.64,retrait,ES,2025-05-23 14:05:02
C00001,1150.67,achat,IT,2025-05-19 14:05:02
C00002,586.06,virement,DE,2025-05-26 14:05:02
C00002,338.56,retrait,DE,2025-05-22 14:05:02
C00001,1909.85,paiement,IT,2025-05-24 14:05:02
C00001,705.87,retrait,FR,2025-06-16 14:05:02
C00002,1788.65,virement,FR,2025-06-12 14:05:02
C00001,1330.19,achat,ES,2025-05-21 14:05:02
C00001,1688.61,achat,FR,2025-06-03 14:05:02
C00001,1842.74,paiement,DE,2025-05-19 14:05:02
C00444,234.7,achat,ES,2025-05-18 14:05:02
C00001,469.01,retrait,DE,2025-06-02 14:05:02
C00002,643.08,versement,FR,2025-06-05 14:05:02
C00001,809.76,virement,IT,2025-06-02 14:05:02
C00001,1021.38,paiement,DE,2025-06-08 14:05:02
C00002,1297.93,achat,DE,2025-06-02 14:05:02
C00001,1796.81,paiement,DE,2025-05-20 14:05:02
C00002,1497.52,virement,FR,2025-05-26 14:05:02
C00001,150.09,virement,ES,2025-05-28 14:05:02
C00526,636.47,virement,FR,2025-06-16 14:05:02
C00340,384.34,achat,DE,2025-06-10 14:05:02
C00681,522.23,retrait,IT,2025-06-02 14:05:02
C00001,1331.49,paiement,ES,2025-05-25 14:05:02
C00002,1731.12,retrait,ES,2025-05-27 14:05:02
C00657,1457.42,virement,ES,2025-05-26 14:05:02
C00400,776.51,paiement,DE,2025-05-31 14:05:02
C00001,23.88,virement,FR,2025-05-18 14:05:02
C00492,1814.8,retrait,IT,2025-06-11 14:05:02
C00001,630.81,virement,ES,2025-05-24 14:05:02
C00001,1050.49,retrait,DE,2025-05-19 14:05:02
C00002,716.05,paiement,FR,2025-06-02 14:05:02
C00434,1464.68,achat,IT,2025-06-05 14:05:02
C00002,970.73,retrait,DE,2025-06-05 14:05:02
C00002,961.21,retrait,IT,2025-06-04 14:05:02
C00001,1211.19,retrait,FR,2025-06-03 14:05:02
C00001,486.84,virement,ES,2025-05-24 14:05:02
C00001,364.52,paiement,ES,2025-05-23 14:05:02
C00002,1064.3,retrait,ES,2025-05-27 14:05:02
C00001,930.36,paiement,ES,2025-05-29 14:05:02
C00001,598.69,virement,DE,2025-06-15 14:05:02
C00002,1555.38,versement,ES,2025-06-08 14:05:02
C00324,1271.21,versement,DE,2025-06-09 14:05:02
C00001,1820.9,versement,DE,2025-05-29 14:05:02
C00002,204.14,versement,IT,2025-06-15 14:05:02
C00002,808.49,retrait,ES,2025-05-19 14:05:02
C01000,983.44,paiement,ES,2025-05-22 14:05:02
C00002,166.6,versement,FR,2025-06-05 14:05:02
C00001,304.61,retrait,DE,2025-06-17 14:05:02
C00001,1476.89,paiement,DE,2025-06-05 14:05:02
C00001,581.62,virement,IT,2025-06-10 14:05:02
C00001,509.18,retrait,ES,2025-06-03 14:05:02
C00002,1346.95,paiement,ES,2025-05-22 14:05:02
C00002,1198.64,achat,FR,2025-06-15 14:05:02
C00649,1372.88,versement,FR,2025-06-03 14:05:02
C00002,1852.18,achat,DE,2025-05-20 14:05:02
C00001,1281.02,versement,IT,2025-05-29 14:05:02
C00002,227.63,versement,ES,2025-06-17 14:05:02
C00001,203.33,virement,DE,2025-06-02 14:05:02
C00002,1437.21,retrait,FR,2025-05-27 14:05:02
C00912,40.21,versement,ES,2025-06-05 14:05:02
C00001,1706.48,paiement,DE,2025-06-06 14:05:02
C00002,1598.27,paiement,DE,2025-05-19 14:05:02
C00001,1073.03,versement,DE,2025-06-12 14:05:02
C00002,1723.35,versement,DE,2025-06-12 14:05:02
C00002,1612.84,paiement,ES,2025-05-30 14:05:02
C00002,1979.51,paiement,DE,2025-05-19 14:05:02
C00001,1641.06,virement,DE,2025-06-13 14:05:02
C00616,1378.76,retrait,IT,2025-06-06 14:05:02
C00001,1150.49,paiement,DE,2025-05-22 14:05:02
C00001,885.25,versement,FR,2025-05-30 14:05:02
C00001,1112.48,virement,FR,2025-06-04 14:05:02
C00002,70.43,versement,IT,2025-05-18 14:05:02
C00001,1333.27,retrait,FR,2025-06-06 14:05:02
C00002,774.27,achat,FR,2025-06-08 14:05:02
C00904,667.44,achat,IT,2025-06-03 14:05:02
C00002,1182.03,achat,IT,2025-06-10 14:05:02
C00001,1195.07,paiement,ES,2025-06-07 14:05:02
C00586,1668.74,versement,IT,2025-06-04 14:05:02
C00001,1593.23,versement,ES,2025-06-09 14:05:02
C00816,391.13,achat,IT,2025-05-26 14:05:02
C00001,1067.57,retrait,ES,2025-05-21 14:05:02
C00002,1457.51,paiement,FR,2025-05-23 14:05:02
C00003,141.9,retrait,ES,2025-06-03 14:05:02
C00001,1283.72,virement,DE,2025-05-19 14:05:02
C00002,98.56,achat,ES,2025-06-08 14:05:02
C00001,983.42,achat,FR,2025-06-16 14:05:02
C00002,761.99,versement,IT,2025-06-05 14:05:02
C00994,1187.04,achat,DE,2025-06-05 14:05:02
C00001,1218.4,achat,ES,2025-06-04 14:05:02
C00002,249.62,retrait,IT,2025-06-04 14:05:02
C00002,1183.64,versement,DE,2025-06-10 14:05:02
C00001,1438.31,versement,ES,2025-06-17 14:05:02
C00001,907.93,achat,FR,2025-06-12 14:05:02
C00002,345.93,paiement,ES,2025-06-03 14:05:02
C00002,1710.06,achat,FR,2025-05-21 14:05:02
C00434,867.49,retrait,ES,2025-06-16 14:05:02
C00002,548.73,virement,FR,2025-06-15 14:05:02
C00001,1830.16,achat,IT,2025-06-13 14:05:02
C00001,1516.46,virement,IT,2025-05-29 14:05:02
C00001,95.38,versement,IT,2025-06-14 14:05:02
C00002,1288.03,retrait,FR,2025-06-07 14:05:02
C00001,1024.69,retrait,DE,2025-05-29 14:05:02
C00112,1038.71,virement,FR,2025-06-05 14:05:02
C00002,1235.22,paiement,IT,2025-06-06 14:05:02
C00002,259.19,paiement,FR,2025-05-26 14:05:02
C00001,696.0,versement,ES,2025-06-07 14:05:02
C00001,1863.85,versement,ES,2025-05-19 14:05:02
C00002,1002.77,paiement,IT,2025-06-06 14:05:02
C00001,1357.37,achat,DE,2025-05-28 14:05:02
C00001,1125.16,retrait,IT,2025-05-27 14:05:02
C00655,502.11,achat,ES,2025-05-28 14:05:02
C00239,446.46,virement,FR,2025-05-27 14:05:02
C00139,1131.0,paiement,FR,2025-05-26 14:05:02
C00055,1455.84,achat,ES,2025-06-15 14:05:02
C00001,298.08,paiement,ES,2025-05-20 14:05:02
C00001,318.7,achat,DE,2025-06-14 14:05:02
C00002,842.23,versement,FR,2025-05-26 14:05:02
C00002,876.19,virement,DE,2025-05-20 14:05:02
C00028,650.72,achat,FR,2025-05-28 14:05:02
C00002,333.23,virement,ES,2025-06-14 14:05:02
C00001,335.77,virement,FR,2025-06-04 14:05:02
C00002,1461.82,paiement,DE,2025-06-05 14:05:02
C00001,703.28,retrait,FR,2025-05-18 14:05:02
C00002,1323.41,paiement,ES,2025-06-09 14:05:02
C00001,1339.33,achat,IT,2025-05-30 14:05:02
C00001,317.73,paiement,ES,2025-05-24 14:05:02
C00002,192.05,retrait,ES,2025-05-23 14:05:02
C00181,1798.64,achat,ES,2025-06-06 14:05:02
C00002,1996.48,achat,DE,2025-05-23 14:05:02
C00001,246.89,achat,FR,2025-06-04 14:05:02
C00002,585.16,virement,ES,2025-06-06 14:05:02
C00002,48.19,retrait,ES,2025-06-14 14:05:02
C00001,95.15,virement,IT,2025-05-23 14:05:02
C00001,986.55,achat,DE,2025-06-05 14:05:02
C00001,1154.96,paiement,ES,2025-05-23 14:05:02
C00001,1003.98,versement,FR,2025-05-27 14:05:02
C00002,1497.5,virement,IT,2025-06-12 14:05:02
C00194,1834.54,achat,IT,2025-05-31 14:05:02
C00001,1338.44,retrait,ES,2025-05-28 14:05:02
C00001,760.53,versement,FR,2025-05-19 14:05:02
C00661,1007.12,versement,ES,2025-06-15 14:05:02
C00999,1895.48,achat,IT,2025-05-22 14:05:02
C00001,490.71,virement,DE,2025-06-02 14:05:02
C00002,539.46,achat,DE,2025-06-04 14:05:02
C00002,1758.85,virement,FR,2025-06-07 14:05:02
C00001,353.08,virement,ES,2025-06-13 14:05:02
C00001,1173.49,virement,DE,2025-05-28 14:05:02
C00001,208.95,retrait,IT,2025-06-13 14:05:02
C00001,1295.08,achat,DE,2025-06-05 14:05:02
C00002,1629.69,retrait,FR,2025-06-04 14:05:02
C00002,701.01,achat,IT,2025-06-03 14:05:02
C00002,585.14,achat,ES,2025-05-25 14:05:02
C00001,191.39,achat,ES,2025-06-07 14:05:02
C00029,1235.2,achat,FR,2025-05-24 14:05:02
C00001,1584.51,retrait,ES,2025-06-10 14:05:02
C00001,854.97,paiement,ES,2025-06-12 14:05:02
C00081,1703.62,paiement,IT,2025-06-06 14:05:02
C00001,1217.75,paiement,FR,2025-06-10 14:05:02
C00134,1654.5,virement,ES,2025-05-24 14:05:02
C00001,784.48,paiement,IT,2025-05-21 14:05:02
C00837,283.07,versement,FR,2025-06-07 14:05:02
C00002,1095.2,retrait,IT,2025-05-31 14:05:02
C00001,1884.3,virement,DE,2025-05-24 14:05:02
C00246,137.72,retrait,ES,2025-06-15 14:05:02
C00002,1706.19,retrait,DE,2025-06-08 14:05:02
C00001,1827.95,versement,FR,2025-06-06 14:05:02
C00002,435.63,paiement,ES,2025-06-01 14:05:02
C00001,1540.66,retrait,ES,2025-05-24 14:05:02
C00472,1317.54,achat,FR,2025-06-03 14:05:02
C00974,821.92,achat,DE,2025-05-19 14:05:02
C00002,775.9,virement,FR,2025-06-17 14:05:02
C00002,712.84,achat,FR,2025-05-18 14:05:02
C00001,1608.58,retrait,FR,2025-06-06 14:05:02
C00002,1831.95,versement,FR,2025-05-28 14:05:02
C00002,1434.64,achat,IT,2025-06-16 14:05:02
C00001,1809.33,achat,DE,2025-05-28 14:05:02
C00002,29.98,retrait,DE,2025-05-30 14:05:02
C00002,1266.51,retrait,DE,2025-05-26 14:05:02
C00001,1657.87,paiement,IT,2025-05-25 14:05:02
C00002,320.63,achat,ES,2025-06-11 14:05:02
C00850,1538.45,virement,FR,2025-06-11 14:05:02
C00001,1687.2,paiement,FR,2025-06-06 14:05:02
C00002,84.4,retrait,DE,2025-05-23 14:05:02
C00220,467.32,achat,ES,2025-06-16 14:05:02
C00001,516.32,achat,ES,2025-06-05 14:05:02
C00001,1021.75,achat,FR,2025-05-19 14:05:02
C00533,580.28,achat,IT,2025-05-19 14:05:02
C00936,1540.46,achat,FR,2025-06-15 14:05:02
C00001,1572.15,achat,DE,2025-06-15 14:05:02
C00001,127.72,retrait,FR,2025-05-31 14:05:02
C00002,1041.4,virement,FR,2025-06-09 14:05:02
C00001,153.96,virement,IT,2025-06-02 14:05:02
C00001,108.13,paiement,ES,2025-05-23 14:05:02
C00002,1643.29,retrait,DE,2025-06-03 14:05:02
C00002,389.09,versement,ES,2025-06-13 14:05:02
C00751,1147.67,virement,DE,2025-05-21 14:05:02
C00001,164.82,virement,DE,2025-06-06 14:05:02
C00001,525.43,versement,DE,2025-06-17 14:05:02
C00775,825.36,versement,ES,2025-05-20 14:05:02
C00001,367.44,retrait,FR,2025-06-13 14:05:02
C00001,723.44,versement,ES,2025-06-16 14:05:02
C00001,765.51,virement,IT,2025-06-08 14:05:02
C00001,490.0,retrait,IT,2025-05-21 14:05:02
C00001,1553.97,retrait,DE,2025-05-24 14:05:02
C00001,1933.14,retrait,DE,2025-06-02 14:05:02
C00001,1702.7,achat,DE,2025-06-07 14:05:02
C00001,1608.39,paiement,IT,2025-05-26 14:05:02
C00002,273.87,paiement,ES,2025-06-10 14:05:02
C00087,748.55,paiement,IT,2025-06-03 14:05:02
C00001,1497.25,achat,IT,2025-06-09 14:05:02
C00001,1635.51,achat,ES,2025-05-21 14:05:02
C00001,1276.78,retrait,ES,2025-06-15 14:05:02
C00027,198.12,versement,IT,2025-05-24 14:05:02
C00001,222.5,achat,ES,2025-05-22 14:05:02
C00001,494.73,achat,FR,2025-05-24 14:05:02
C00002,727.5,versement,IT,2025-05-31 14:05:02
C00076,1427.24,retrait,IT,2025-06-03 14:05:02
C00002,600.49,versement,DE,2025-05-18 14:05:02
C00001,1308.09,paiement,DE,2025-06-02 14:05:02
C00002,132.94,paiement,IT,2025-06-05 14:05:02
C00001,814.7,versement,DE,2025-06-08 14:05:02
C00001,1573.27,paiement,FR,2025-05-21 14:05:02
C00001,1774.76,retrait,DE,2025-05-31 14:05:02
C00002,285.02,achat,ES,2025-06-04 14:05:02
C00164,420.8,retrait,FR,2025-06-14 14:05:02
C00432,134.91,versement,IT,2025-06-12 14:05:02
C00002,1249.33,versement,ES,2025-06-12 14:05:02
C00001,1465.86,versement,IT,2025-05-30 14:05:02
C00001,658.66,achat,ES,2025-05-28 14:05:02
C00001,133.93,retrait,FR,2025-05-18 14:05:02
C00002,1027.69,versement,FR,2025-06-07 14:05:02
C00989,142.29,retrait,FR,2025-05-30 14:05:02
C00001,727.38,paiement,ES,2025-06-03 14:05:02
C00001,1680.06,achat,DE,2025-06-14 14:05:02
C00001,1788.76,virement,DE,2025-06-13 14:05:02
C00001,1980.74,retrait,FR,2025-05-26 14:05:02
C00001,1649.33,paiement,DE,2025-05-29 14:05:02
C00001,1633.19,paiement,FR,2025-06-10 14:05:02
C00002,1336.81,achat,FR,2025-06-06 14:05:02
C00001,42.19,paiement,DE,2025-05-28 14:05:02
C00001,1591.4,virement,IT,2025-05-23 14:05:02
C00482,1795.2,retrait,ES,2025-05-27 14:05:02
C00279,587.43,achat,ES,2025-05-30 14:05:02
C00001,1151.93,paiement,ES,2025-05-29 14:05:02
C00001,1997.41,achat,IT,2025-06-11 14:05:02
C00002,1727.16,virement,ES,2025-06-10 14:05:02
C00002,130.26,versement,IT,2025-06-10 14:05:02
C00002,1891.46,retrait,ES,2025-06-02 14:05:02
C00001,1348.32,paiement,IT,2025-05-27 14:05:02
C00002,544.27,achat,DE,2025-05-23 14:05:02
C00140,516.89,versement,ES,2025-05-19 14:05:02
C00001,962.37,virement,FR,2025-06-06 14:05:02
C00001,1828.26,versement,ES,2025-05-19 14:05:02
C00136,1807.04,retrait,IT,2025-05-25 14:05:02
C00793,1421.23,achat,IT,2025-05-31 14:05:02
C00142,816.49,retrait,ES,2025-06-02 14:05:02
C00001,1019.04,retrait,IT,2025-05-27 14:05:02
C00002,12.34,achat,IT,2025-06-03 14:05:02
C00002,1329.54,virement,FR,2025-06-04 14:05:02
C00001,746.62,versement,ES,2025-05-30 14:05:02
C00002,1022.04,retrait,DE,2025-05-23 14:05:02
C00001,1760.82,virement,IT,2025-05-30 14:05:02
C00001,1517.4,achat,FR,2025-05-20 14:05:02
C00002,656.94,virement,DE,2025-05-28 14:05:02
C00001,1967.96,paiement,DE,2025-06-11 14:05:02
C00002,732.95,versement,DE,2025-06-15 14:05:02
C00001,501.99,retrait,IT,2025-06-02 14:05:02
C00001,1789.18,achat,DE,2025-05-22 14:05:02
C00002,1289.29,versement,IT,2025-06-01 14:05:02
C00900,787.12,virement,ES,2025-05-23 14:05:02
C00001,1677.26,paiement,FR,2025-06-07 14:05:02
C00002,253.6,paiement,DE,2025-06-06 14:05:02
C00001,612.76,achat,DE,2025-06-13 14:05:02
C00002,1166.42,achat,FR,2025-06-13 14:05:02
C00002,703.87,achat,FR,2025-06-03 14:05:02
C00002,1982.03,achat,FR,2025-05-28 14:05:02
C00002,1749.76,versement,DE,2025-05-26 14:05:02
C00001,842.71,versement,DE,2025-06-02 14:05:02
C00001,689.31,retrait,DE,2025-06-16 14:05:02
C00001,949.22,achat,ES,2025-05-25 14:05:02
C00002,1165.13,paiement,IT,2025-06-08 14:05:02
C00001,852.28,retrait,FR,2025-06-02 14:05:02
C00001,1838.53,achat,IT,2025-05-26 14:05:02
C00002,110.67,achat,FR,2025-05-20 14:05:02
C00001,280.09,achat,ES,2025-06-16 14:05:02
C00001,1952.8,achat,DE,2025-05-30 14:05:02
C00002,1868.99,virement,DE,2025-06-04 14:05:02
C00001,794.93,paiement,ES,2025-06-16 14:05:02
C00002,313.59,paiement,DE,2025-05-30 14:05:02
C00001,1586.57,paiement,IT,2025-06-07 14:05:02
C00452,1061.08,achat,ES,2025-05-24 14:05:02
C00001,794.23,achat,ES,2025-05-18 14:05:02
C00002,797.1,versement,IT,2025-06-05 14:05:02
C00001,1511.73,retrait,FR,2025-06-17 14:05:02
C00001,1112.56,retrait,IT,2025-05-25 14:05:02
C00001,509.27,retrait,FR,2025-06-15 14:05:02
C00246,177.81,retrait,FR,2025-06-09 14:05:02
C00001,1240.65,paiement,IT,2025-06-09 14:05:02
C00002,126.01,paiement,FR,2025-06-09 14:05:02
C00001,913.57,achat,DE,2025-06-13 14:05:02
C00001,1216.54,achat,IT,2025-06-17 14:05:02
C00001,788.03,virement,DE,2025-05-26 14:05:02
C00120,576.08,paiement,IT,2025-06-16 14:05:02
C00002,961.88,retrait,IT,2025-05-24 14:05:02
C00001,602.87,versement,FR,2025-06-13 14:05:02
C00002,120.3,paiement,DE,2025-05-28 14:05:02
C00001,1463.33,versement,IT,2025-05-25 14:05:02
C00001,1761.92,versement,ES,2025-05-29 14:05:02
C00001,1313.4,virement,FR,2025-06-05 14:05:02
C00002,1927.58,versement,DE,2025-05-21 14:05:02
C00002,1212.76,achat,IT,2025-05-19 14:05:02
C00714,1654.02,virement,IT,2025-06-03 14:05:02
C00001,83.68,achat,ES,2025-06-07 14:05:02
C00002,854.09,retrait,DE,2025-05-19 14:05:02
C00001,1043.99,achat,IT,2025-05-21 14:05:02
C00002,648.01,achat,FR,2025-05-18 14:05:02
C00001,1681.08,achat,FR,2025-06-06 14:05:02
C00002,595.97,retrait,IT,2025-06-06 14:05:02
C00002,1027.39,achat,DE,2025-06-12 14:05:02
C00001,1358.2,retrait,DE,2025-06-08 14:05:02
C00002,682.03,virement,DE,2025-05-19 14:05:02
C00001,1199.34,versement,FR,2025-06-16 14:05:02
C00002,1960.37,versement,ES,2025-05-18 14:05:02
C00001,912.9,achat,IT,2025-06-16 14:05:02
C00002,419.9,paiement,IT,2025-06-17 14:05:02
C00002,655.02,achat,IT,2025-06-17 14:05:02
C00001,998.42,achat,DE,2025-06-03 14:05:02
C00001,269.85,virement,DE,2025-06-15 14:05:02
C00001,482.98,versement,FR,2025-06-04 14:05:02
C00001,418.4,virement,DE,2025-05-23 14:05:02
C00001,1522.75,versement,FR,2025-05-25 14:05:02
C00001,1797.86,paiement,IT,2025-05-30 14:05:02
C00002,1150.91,paiement,FR,2025-05-23 14:05:02
C00186,139.33,retrait,FR,2025-05-25 14:05:02
C00001,757.29,achat,ES,2025-06-08 14:05:02
C00002,1380.33,achat,DE,2025-05-23 14:05:02
C00001,1289.1,virement,FR,2025-06-15 14:05:02
C00001,1319.82,paiement,FR,2025-05-30 14:05:02
C00002,1651.24,versement,ES,2025-06-12 14:05:02
C00001,716.79,paiement,IT,2025-05-24 14:05:02
C00002,989.1,retrait,IT,2025-06-09 14:05:02
C00001,161.03,paiement,IT,2025-06-10 14:05:02
C00322,791.64,retrait,DE,2025-05-18 14:05:02
C00001,1511.27,achat,ES,2025-05-25 14:05:02
C00001,1688.11,versement,ES,2025-05-23 14:05:02
C00002,1002.06,paiement,FR,2025-05-20 14:05:02
C00001,531.7,retrait,FR,2025-06-05 14:05:02
C00002,382.81,versement,ES,2025-05-22 14:05:02
C00002,1329.08,paiement,DE,2025-06-07 14:05:02
C00002,1800.9,virement,FR,2025-05-19 14:05:02
C00002,1287.21,retrait,IT,2025-05-27 14:05:02
C00001,1169.41,versement,ES,2025-05-19 14:05:02
C00001,1202.84,retrait,DE,2025-06-14 14:05:02
C00002,197.65,versement,ES,2025-05-31 14:05:02
C00001,1463.22,retrait,ES,2025-05-31 14:05:02
C00002,523.11,virement,FR,2025-06-16 14:05:02
C00470,1473.53,versement,ES,2025-05-23 14:05:02
C00001,1893.17,versement,FR,2025-05-29 14:05:02
C00152,1506.09,paiement,ES,2025-05-21 14:05:02
C00002,1110.94,virement,DE,2025-06-15 14:05:02
C00001,1906.95,versement,IT,2025-05-28 14:05:02
C00002,765.74,paiement,IT,2025-05-29 14:05:02
C00001,158.64,achat,FR,2025-06-14 14:05:02
C00001,623.33,retrait,IT,2025-05-19 14:05:02
C00001,1990.34,paiement,DE,2025-06-05 14:05:02
C00001,754.34,achat,ES,2025-06-01 14:05:02
C00001,926.67,paiement,DE,2025-05-21 14:05:02
C00002,561.02,retrait,IT,2025-06-05 14:05:02
C00468,646.47,retrait,FR,2025-06-17 14:05:02
C00001,1394.74,achat,FR,2025-05-19 14:05:02
C00761,1942.49,paiement,DE,2025-05-26 14:05:02
C00002,167.62,paiement,IT,2025-05-26 14:05:02
C00002,1161.64,retrait,IT,2025-06-12 14:05:02
C00002,1131.49,paiement,DE,2025-05-19 14:05:02
C00002,1590.67,paiement,DE,2025-05-30 14:05:02
C00002,861.32,achat,FR,2025-06-13 14:05:02
C00001,1395.66,retrait,IT,2025-05-21 14:05:02
C00001,786.57,achat,FR,2025-05-30 14:05:02
C00002,1746.1,retrait,ES,2025-06-09 14:05:02
C00002,522.74,paiement,ES,2025-05-20 14:05:02
C00475,649.88,versement,ES,2025-05-20 14:05:02
C01000,1366.37,virement,FR,2025-05-29 14:05:02
C00001,1977.24,retrait,DE,2025-05-18 14:05:02
C00001,328.34,retrait,IT,2025-06-01 14:05:02
C00001,233.95,paiement,FR,2025-06-02 14:05:02
C00001,1923.5,versement,IT,2025-05-31 14:05:02
C00001,131.45,paiement,IT,2025-05-27 14:05:02
C00001,1071.58,paiement,IT,2025-05-20 14:05:02
C00001,1505.98,paiement,IT,2025-06-07 14:05:02
C00275,1591.28,virement,DE,2025-06-06 14:05:02
C00002,1939.51,retrait,ES,2025-06-17 14:05:02
C00001,187.91,retrait,IT,2025-06-08 14:05:02
C00001,189.03,versement,ES,2025-05-19 14:05:02
C00001,1212.58,achat,FR,2025-06-02 14:05:02
C00001,781.31,achat,ES,2025-06-12 14:05:02
C00001,760.74,achat,IT,2025-06-04 14:05:02
C00001,1756.76,virement,DE,2025-06-09 14:05:02
C00001,951.33,paiement,DE,2025-06-15 14:05:02
C00001,162.42,paiement,ES,2025-05-26 14:05:02
C00002,1715.64,virement,ES,2025-05-30 14:05:02
C00001,699.68,achat,FR,2025-05-20 14:05:02
C00078,1505.91,virement,ES,2025-05-28 14:05:02
C00001,438.8,paiement,DE,2025-06-13 14:05:02
C00002,1228.33,versement,DE,2025-06-11 14:05:02
C00001,448.1,virement,IT,2025-06-14 14:05:02
C00002,39.11,retrait,IT,2025-05-31 14:05:02
C00605,1329.69,retrait,DE,2025-06-08 14:05:02
C00002,18.39,achat,FR,2025-05-27 14:05:02
C00438,1456.22,virement,ES,2025-05-25 14:05:02
C00001,472.3,achat,FR,2025-06-07 14:05:02
C00001,482.55,retrait,IT,2025-06-02 14:05:02
C00002,1713.54,versement,DE,2025-05-20 14:05:02
C00001,138.96,achat,ES,2025-06-03 14:05:02
C00001,247.29,virement,ES,2025-06-11 14:05:02
C00419,1871.46,paiement,DE,2025-06-14 14:05:02
C00001,1448.01,achat,IT,2025-06-12 14:05:02
C00789,555.07,achat,FR,2025-06-07 14:05:02
C00886,1738.8,paiement,FR,2025-06-05 14:05:02
C00212,1061.68,versement,FR,2025-06-05 14:05:02
C00002,157.29,achat,ES,2025-05-24 14:05:02
C00465,244.78,achat,ES,2025-05-23 14:05:02
C00001,1810.03,virement,IT,2025-05-21 14:05:02
C00562,829.08,versement,DE,2025-06-08 14:05:02
C00001,338.23,paiement,IT,2025-05-24 14:05:02
C00002,1270.42,retrait,FR,2025-05-23 14:05:02
C00001,562.41,versement,ES,2025-05-24 14:05:02
C00001,258.75,achat,DE,2025-06-05 14:05:02
C00001,1533.55,retrait,IT,2025-05-25 14:05:02
C00001,1434.76,paiement,DE,2025-05-29 14:05:02
C00002,1576.42,retrait,IT,2025-06-02 14:05:02
C00002,378.25,retrait,ES,2025-06-17 14:05:02
C00001,1399.0,virement,DE,2025-05-21 14:05:02
C00001,622.54,virement,DE,2025-05-18 14:05:02
C00002,1679.21,retrait,FR,2025-05-28 14:05:02
C00001,930.54,paiement,FR,2025-06-03 14:05:02
C00087,1042.81,versement,ES,2025-06-08 14:05:02
C00001,739.71,virement,FR,2025-06-12 14:05:02
C00002,1135.08,retrait,IT,2025-05-20 14:05:02
C00001,30.25,achat,ES,2025-06-03 14:05:02
C00001,968.6,achat,IT,2025-06-16 14:05:02
C00001,951.14,versement,FR,2025-06-11 14:05:02
C00001,380.28,virement,IT,2025-06-02 14:05:02
C00848,287.74,achat,ES,2025-06-06 14:05:02
C00001,1935.93,versement,IT,2025-05-26 14:05:02
C00002,1024.35,versement,IT,2025-05-22 14:05:02
C00001,1733.06,retrait,IT,2025-06-10 14:05:02
C00001,1974.84,versement,IT,2025-06-11 14:05:02
C00600,664.32,retrait,IT,2025-05-24 14:05:02
C00002,1437.75,virement,FR,2025-05-23 14:05:02
C00002,57.07,paiement,IT,2025-05-30 14:05:02
C00002,1552.08,achat,FR,2025-05-22 14:05:02
C00001,678.89,versement,ES,2025-06-01 14:05:02
C00002,709.57,virement,IT,2025-05-20 14:05:02
C00001,107.82,achat,FR,2025-06-07 14:05:02
C00001,401.26,virement,ES,2025-05-18 14:05:02
C00002,201.92,retrait,DE,2025-06-16 14:05:02
C00001,1524.3,versement,DE,2025-05-30 14:05:02
C00930,1250.93,versement,DE,2025-05-25 14:05:02
C00316,1527.37,versement,FR,2025-06-08 14:05:02
C00002,1289.24,achat,ES,2025-06-07 14:05:02
C00001,779.19,achat,IT,2025-06-04 14:05:02
C00461,1765.74,virement,IT,2025-06-14 14:05:02
C00001,149.23,versement,FR,2025-05-31 14:05:02
C00002,1178.31,retrait,DE,2025-06-02 14:05:02
C00979,482.13,paiement,FR,2025-05-28 14:05:02
C00001,812.63,virement,ES,2025-05-19 14:05:02
C00501,1020.3,achat,FR,2025-06-06 14:05:02
C00807,847.16,retrait,ES,2025-06-06 14:05:02
C00001,965.62,paiement,IT,2025-06-10 14:05:02
C00893,1985.47,virement,ES,2025-05-29 14:05:02
C00001,1181.9,retrait,DE,2025-06-15 14:05:02
C00624,1056.61,paiement,IT,2025-05-21 14:05:02
C00002,444.09,virement,FR,2025-05-18 14:05:02
C00001,999.52,paiement,FR,2025-05-24 14:05:02
C00002,349.51,retrait,ES,2025-06-12 14:05:02
C00001,690.42,paiement,IT,2025-05-27 14:05:02
C00724,1089.3,retrait,FR,2025-05-31 14:05:02
C00001,1464.38,paiement,FR,2025-05-24 14:05:02
C00001,850.1,paiement,FR,2025-06-11 14:05:02
C00827,1751.93,versement,IT,2025-05-21 14:05:02
C00001,1034.06,paiement,IT,2025-06-14 14:05:02
C00001,914.33,virement,DE,2025-05-21 14:05:02
C00362,1614.81,paiement,IT,2025-06-12 14:05:02
C00001,342.11,versement,DE,2025-06-14 14:05:02
C00002,1360.22,virement,IT,2025-06-12 14:05:02
C00001,425.52,retrait,ES,2025-05-31 14:05:02
C00002,1950.08,versement,IT,2025-05-25 14:05:02
C00001,1605.19,virement,DE,2025-05-25 14:05:02
C00484,872.56,paiement,IT,2025-06-11 14:05:02
C00001,488.7,virement,DE,2025-05-27 14:05:02
C00002,795.84,paiement,IT,2025-05-26 14:05:02
C00002,736.83,retrait,ES,2025-06-08 14:05:02
C00002,1024.24,virement,ES,2025-05-19 14:05:02
C00001,512.97,retrait,IT,2025-06-04 14:05:02
C00001,78.47,achat,IT,2025-06-08 14:05:02
C00001,36.45,virement,FR,2025-05-18 14:05:02
C00001,1112.87,paiement,ES,2025-06-16 14:05:02
C00002,1877.68,achat,IT,2025-05-29 14:05:02
C00001,275.39,achat,ES,2025-06-03 14:05:02
C00001,932.97,achat,IT,2025-05-25 14:05:02
C00002,1558.91,achat,IT,2025-06-06 14:05:02
C00186,997.65,virement,ES,2025-05-28 14:05:02
C00001,1588.13,retrait,ES,2025-05-30 14:05:02
C00002,1579.63,retrait,IT,2025-05-30 14:05:02
C00001,698.26,versement,DE,2025-05-27 14:05:02
C00002,1750.71,achat,FR,2025-06-12 14:05:02
C00001,1536.18,achat,DE,2025-06-15 14:05:02
C00001,891.96,paiement,IT,2025-06-14 14:05:02
C00637,311.33,paiement,IT,2025-05-20 14:05:02
C00002,1039.93,paiement,FR,2025-05-23 14:05:02
C00983,129.23,achat,FR,2025-06-16 14:05:02
C00002,1757.78,paiement,FR,2025-05-29 14:05:02
C00001,1137.81,retrait,ES,2025-06-17 14:05:02
C00702,1893.93,virement,IT,2025-05-24 14:05:02
C00002,132.92,versement,DE,2025-06-14 14:05:02
C00682,1173.08,achat,FR,2025-06-17 14:05:02
C00002,1892.28,virement,FR,2025-05-25 14:05:02
C00002,836.03,retrait,ES,2025-05-27 14:05:02
C00787,1618.63,retrait,DE,2025-05-28 14:05:02
C00001,731.97,virement,FR,2025-05-24 14:05:02
C00610,1986.97,versement,DE,2025-06-15 14:05:02
C00002,1277.46,achat,DE,2025-06-10 14:05:02
C00002,293.46,versement,DE,2025-05-21 14:05:02
C00096,1947.99,virement,FR,2025-06-10 14:05:02
C00001,949.94,retrait,DE,2025-05-31 14:05:02
C00002,114.83,virement,DE,2025-06-14 14:05:02
C00001,1892.92,virement,ES,2025-05-19 14:05:02
C00001,41.67,retrait,DE,2025-05-28 14:05:02
C00002,404.79,virement,IT,2025-05-19 14:05:02
C00002,928.94,achat,ES,2025-05-25 14:05:02
C00001,605.93,paiement,IT,2025-06-03 14:05:02
C00590,1506.54,achat,IT,2025-06-15 14:05:02
C00001,812.89,paiement,ES,2025-06-10 14:05:02
C00693,1241.22,achat,DE,2025-06-02 14:05:02
C00001,1989.68,achat,ES,2025-05-27 14:05:02
C00001,1385.93,versement,IT,2025-06-17 14:05:02
C00001,311.19,virement,FR,2025-06-03 14:05:02
C00529,147.42,achat,DE,2025-05-28 14:05:02
C00001,1642.04,paiement,FR,2025-06-05 14:05:02
C00002,84.05,retrait,ES,2025-06-12 14:05:02
C00076,1800.68,virement,IT,2025-06-16 14:05:02
C00002,1057.9,virement,FR,2025-05-27 14:05:02
C00001,1854.57,paiement,FR,2025-05-25 14:05:02
C00584,1978.41,versement,ES,2025-06-04 14:05:02
C00002,1429.04,virement,IT,2025-05-22 14:05:02
C00001,95.5,achat,ES,2025-05-22 14:05:02
C00002,198.3,versement,ES,2025-06-10 14:05:02
C00002,408.58,versement,ES,2025-06-05 14:05:02
C00002,1601.7,versement,FR,2025-06-10 14:05:02
C00002,1649.79,paiement,ES,2025-06-14 14:05:02
C00002,1945.44,paiement,IT,2025-05-20 14:05:02
C00001,123.08,versement,ES,2025-05-31 14:05:02
C00001,1902.63,versement,ES,2025-06-15 14:05:02
C00002,916.65,paiement,IT,2025-05-25 14:05:02
C00001,786.31,achat,FR,2025-05-28 14:05:02
C00230,335.93,achat,IT,2025-05-24 14:05:02
C00001,598.1,retrait,DE,2025-06-04 14:05:02
C00002,1155.98,achat,ES,2025-06-04 14:05:02
C00283,1582.33,achat,DE,2025-05-31 14:05:02
C00002,1350.27,virement,DE,2025-06-10 14:05:02
C00002,877.57,retrait,DE,2025-05-24 14:05:02
C00001,1346.73,versement,FR,2025-05-28 14:05:02
C00682,1598.03,achat,IT,2025-06-13 14:05:02
C00164,1140.88,paiement,IT,2025-05-30 14:05:02
C00001,369.51,virement,DE,2025-05-26 14:05:02
C00001,637.23,retrait,FR,2025-05-27 14:05:02
C00002,1607.43,retrait,FR,2025-06-05 14:05:02
C00002,102.04,retrait,DE,2025-05-25 14:05:02
C00905,1095.87,achat,FR,2025-06-08 14:05:02
C00002,1368.76,versement,ES,2025-05-31 14:05:02
C00001,369.85,achat,DE,2025-06-09 14:05:02
C00002,1605.73,versement,DE,2025-06-12 14:05:02
C00002,1361.34,virement,IT,2025-06-11 14:05:02
C00001,599.34,achat,DE,2025-05-24 14:05:02
C00002,937.4,versement,DE,2025-06-05 14:05:02
C00001,566.53,achat,IT,2025-06-14 14:05:02
C00001,701.73,versement,IT,2025-06-11 14:05:02
C00002,203.22,paiement,IT,2025-06-09 14:05:02
C00002,1551.58,versement,DE,2025-05-31 14:05:02
C00002,152.2,virement,ES,2025-06-09 14:05:02
C00001,233.69,virement,DE,2025-06-13 14:05:02
C00002,922.86,virement,FR,2025-06-10 14:05:02
C00001,107.46,paiement,DE,2025-06-02 14:05:02
C00001,1875.19,achat,IT,2025-06-04 14:05:02
C00001,1854.31,retrait,ES,2025-06-12 14:05:02
C00001,956.53,retrait,DE,2025-06-16 14:05:02
C00076,1990.38,paiement,FR,2025-06-15 14:05:02
C00001,1411.34,paiement,IT,2025-05-22 14:05:02
C00001,436.84,versement,FR,2025-06-13 14:05:02
C00001,1049.73,retrait,DE,2025-06-14 14:05:02
C00002,617.33,paiement,ES,2025-06-16 14:05:02
C00001,1992.93,retrait,DE,2025-05-22 14:05:02
C00001,1492.78,achat,FR,2025-05-26 14:05:02
C00002,1240.28,retrait,FR,2025-06-15 14:05:02
C00001,296.65,paiement,IT,2025-06-16 14:05:02
C00002,1293.43,paiement,FR,2025-06-08 14:05:02
C00992,830.08,virement,IT,2025-06-12 14:05:02
C00001,671.45,achat,FR,2025-05-30 14:05:02
C00001,481.25,versement,IT,2025-05-28 14:05:02
C00002,379.12,achat,ES,2025-06-17 14:05:02
C00189,1548.96,retrait,IT,2025-05-18 14:05:02
C00001,1695.6,achat,DE,2025-06-13 14:05:02
C00002,1783.25,retrait,DE,2025-06-14 14:05:02
C00001,928.82,virement,DE,2025-06-17 14:05:02
C00001,1663.21,achat,ES,2025-05-19 14:05:02
C00001,1488.74,retrait,DE,2025-05-18 14:05:02
C00001,1548.38,achat,IT,2025-05-23 14:05:02
C00001,1132.12,virement,FR,2025-06-11 14:05:02
C00893,639.03,versement,ES,2025-06-04 14:05:02
C00002,1989.67,versement,DE,2025-06-08 14:05:02
C00001,401.9,virement,ES,2025-06-13 14:05:02
C00877,492.03,retrait,ES,2025-06-08 14:05:02
C00002,1886.72,versement,ES,2025-06-08 14:05:02
C00254,1443.91,retrait,IT,2025-05-23 14:05:02
C00001,653.03,virement,ES,2025-06-12 14:05:02
C00002,1135.74,paiement,FR,2025-06-04 14:05:02
C00001,677.17,versement,ES,2025-06-14 14:05:02
C00002,1076.05,versement,FR,2025-06-04 14:05:02
C00002,1464.08,retrait,ES,2025-06-02 14:05:02
C00001,404.37,paiement,IT,2025-05-24 14:05:02
C00002,1782.48,retrait,FR,2025-06-07 14:05:02
C00001,1361.75,versement,FR,2025-06-04 14:05:02
C00880,1455.97,retrait,IT,2025-05-30 14:05:02
C00001,1017.08,paiement,DE,2025-06-13 14:05:02
C00002,503.15,achat,IT,2025-05-19 14:05:02
C00001,510.98,paiement,ES,2025-05-26 14:05:02
C00002,336.21,versement,IT,2025-06-15 14:05:02
C00494,680.43,virement,FR,2025-05-27 14:05:02
C00951,307.99,retrait,FR,2025-05-27 14:05:02
C00002,995.76,achat,IT,2025-06-15 14:05:02
C00001,760.96,versement,ES,2025-06-10 14:05:02
C00726,645.95,versement,ES,2025-06-09 14:05:02
C00002,905.01,retrait,IT,2025-05-25 14:05:02
C00001,1769.26,achat,DE,2025-06-11 14:05:02
C00002,873.51,retrait,IT,2025-06-08 14:05:02
C00333,1348.31,virement,DE,2025-06-04 14:05:02
C00001,1877.34,paiement,FR,2025-05-22 14:05:02
C00002,1042.56,paiement,IT,2025-06-11 14:05:02
C00002,43.52,paiement,IT,2025-06-16 14:05:02
C00023,1644.74,versement,FR,2025-06-05 14:05:02
C00002,942.2,paiement,ES,2025-06-07 14:05:02
C00001,1710.38,paiement,ES,2025-06-02 14:05:02
C00001,276.72,versement,DE,2025-06-13 14:05:02
C00001,1628.99,paiement,IT,2025-05-20 14:05:02
C00115,179.76,paiement,FR,2025-05-18 14:05:02
C00002,78.38,paiement,ES,2025-06-15 14:05:02
C00001,1562.63,versement,DE,2025-06-15 14:05:02
C00001,544.3,virement,IT,2025-05-31 14:05:02
C00001,953.51,retrait,FR,2025-06-03 14:05:02
C00002,954.2,paiement,ES,2025-06-13 14:05:02
C00001,378.49,achat,IT,2025-06-16 14:05:02
C00002,1032.47,achat,FR,2025-06-10 14:05:02
C00721,663.91,retrait,FR,2025-06-08 14:05:02
C00002,169.54,retrait,FR,2025-05-22 14:05:02
C00001,504.13,achat,FR,2025-05-19 14:05:02
C00001,700.02,retrait,ES,2025-05-22 14:05:02
C00001,574.12,retrait,IT,2025-05-18 14:05:02
C00001,1147.0,versement,FR,2025-05-31 14:05:02
C00002,1955.37,retrait,FR,2025-05-19 14:05:02
C00328,926.57,paiement,IT,2025-05-29 14:05:02
C00002,745.87,versement,ES,2025-05-23 14:05:02
C00002,438.18,versement,ES,2025-06-15 14:05:02
C00001,1500.06,versement,FR,2025-05-28 14:05:02
C00786,1773.65,retrait,FR,2025-06-02 14:05:02
C00002,628.96,achat,DE,2025-06-11 14:05:02
C00002,1035.4,versement,FR,2025-05-30 14:05:02
C00561,1791.37,paiement,FR,2025-06-04 14:05:02
C00001,1400.35,versement,IT,2025-05-21 14:05:02
C00346,447.77,virement,IT,2025-05-22 14:05:02
C00638,1823.51,virement,ES,2025-05-18 14:05:02
C00408,24.33,virement,FR,2025-05-25 14:05:02
C00001,39.28,retrait,IT,2025-05-25 14:05:02
C00532,509.21,retrait,ES,2025-05-22 14:05:02
C00349,961.53,versement,ES,2025-05-28 14:05:02
C00001,919.24,virement,FR,2025-05-21 14:05:02
C00840,1969.71,achat,IT,2025-06-16 14:05:02
C00001,895.94,retrait,IT,2025-06-05 14:05:02
C00002,1467.89,achat,FR,2025-06-12 14:05:02
C00001,450.24,versement,ES,2025-06-08 14:05:02
C00001,946.64,paiement,ES,2025-06-15 14:05:02
C00001,1732.65,achat,FR,2025-05-23 14:05:02
C00002,1764.91,paiement,IT,2025-06-08 14:05:02
C00002,1423.29,retrait,DE,2025-05-21 14:05:02
C00001,716.98,versement,FR,2025-05-19 14:05:02
C00001,740.05,paiement,FR,2025-05-31 14:05:02
C00001,321.28,achat,IT,2025-06-07 14:05:02
C00472,443.89,retrait,IT,2025-05-30 14:05:02
C00001,1068.23,versement,DE,2025-06-07 14:05:02
C00297,402.85,retrait,ES,2025-05-18 14:05:02
C00001,1088.48,versement,IT,2025-06-12 14:05:02
C00001,1442.53,retrait,DE,2025-05-30 14:05:02
C00002,77.85,achat,IT,2025-05-26 14:05:02
C00889,194.39,paiement,DE,2025-06-07 14:05:02
C00001,668.65,versement,DE,2025-05-23 14:05:02
C00002,119.35,achat,ES,2025-06-05 14:05:02
C00001,1768.88,achat,IT,2025-05-23 14:05:02
C00002,554.45,versement,FR,2025-05-19 14:05:02
C00002,998.13,paiement,IT,2025-06-01 14:05:02
C00001,512.43,virement,FR,2025-06-05 14:05:02
C00002,1031.08,versement,IT,2025-05-25 14:05:02
C00001,556.85,achat,ES,2025-05-29 14:05:02
C00001,1030.0,virement,FR,2025-06-07 14:05:02
C00001,85.27,versement,FR,2025-05-22 14:05:02
C00001,1663.86,virement,DE,2025-06-11 14:05:02
C00001,951.71,retrait,FR,2025-06-12 14:05:02
C00002,1756.33,achat,DE,2025-06-04 14:05:02
C00001,771.21,virement,ES,2025-06-07 14:05:02
C00002,1992.59,versement,IT,2025-05-25 14:05:02
C00002,1198.26,retrait,FR,2025-06-04 14:05:02
C00016,664.53,achat,IT,2025-05-21 14:05:02
C00002,709.23,achat,DE,2025-06-09 14:05:02
C00001,929.6,achat,DE,2025-06-11 14:05:02
C00002,401.43,versement,DE,2025-06-02 14:05:02
C00001,412.57,achat,ES,2025-05-21 14:05:02
C00001,544.92,virement,IT,2025-06-13 14:05:02
C00001,699.25,retrait,ES,2025-06-16 14:05:02
C00001,626.3,virement,DE,2025-06-06 14:05:02
C00001,53.32,retrait,ES,2025-05-18 14:05:02
C00002,1379.27,versement,DE,2025-06-10 14:05:02
C00001,327.19,versement,ES,2025-06-13 14:05:02
C00001,1469.01,versement,DE,2025-06-02 14:05:02
C00002,893.8,versement,IT,2025-05-30 14:05:02
C00001,373.07,versement,FR,2025-05-28 14:05:02
C00001,398.93,paiement,IT,2025-05-28 14:05:02
C00001,229.22,versement,DE,2025-06-01 14:05:02
C00001,1500.44,virement,FR,2025-05-29 14:05:02
C00002,1409.81,versement,DE,2025-06-04 14:05:02
C00001,1616.52,paiement,DE,2025-06-08 14:05:02
C00001,1432.25,retrait,DE,2025-06-01 14:05:02
C00001,803.29,virement,FR,2025-05-27 14:05:02
C00001,508.57,paiement,IT,2025-06-09 14:05:02
C00079,1804.87,achat,IT,2025-05-24 14:05:02
C00858,1404.05,achat,ES,2025-05-25 14:05:02
C00002,1475.8,virement,FR,2025-05-19 14:05:02
C00001,1734.4,paiement,IT,2025-06-02 14:05:02
C00402,505.49,achat,DE,2025-05-28 14:05:02
C00617,1441.81,versement,ES,2025-06-05 14:05:02
C00001,1949.54,retrait,DE,2025-05-21 14:05:02
C00001,1049.79,virement,FR,2025-05-18 14:05:02
C00509,1269.73,retrait,ES,2025-05-29 14:05:02
C00001,388.46,achat,DE,2025-05-24 14:05:02
C00002,1689.52,paiement,FR,2025-05-20 14:05:02
C00773,1146.97,versement,IT,2025-06-14 14:05:02
C00002,1423.43,achat,IT,2025-05-20 14:05:02
C00001,828.06,versement,FR,2025-05-27 14:05:02
C00001,320.15,versement,ES,2025-05-24 14:05:02
C00804,1190.89,virement,IT,2025-05-25 14:05:02
C00001,1917.27,versement,FR,2025-06-02 14:05:02
C00001,1551.98,retrait,IT,2025-05-18 14:05:02
C00002,1641.41,retrait,DE,2025-05-27 14:05:02
C00001,813.93,retrait,IT,2025-06-16 14:05:02
C00001,1007.12,achat,IT,2025-06-08 14:05:02
C00002,1459.68,virement,DE,2025-06-14 14:05:02
C00001,691.07,paiement,DE,2025-06-02 14:05:02
C00794,977.25,achat,DE,2025-05-18 14:05:02
C00002,1469.26,paiement,DE,2025-05-29 14:05:02
C00002,1561.14,retrait,ES,2025-05-21 14:05:02
C00001,414.95,retrait,IT,2025-06-16 14:05:02
C00002,466.71,virement,ES,2025-05-23 14:05:02
C00001,1470.91,paiement,ES,2025-05-29 14:05:02
C00001,1173.48,versement,DE,2025-06-11 14:05:02
C00001,1794.2,retrait,IT,2025-06-05 14:05:02
C00382,1102.26,retrait,FR,2025-06-17 14:05:02
C00002,803.57,paiement,FR,2025-05-20 14:05:02
C00001,1621.16,achat,ES,2025-05-29 14:05:02
C00001,616.33,retrait,DE,2025-05-28 14:05:02
C00564,1713.65,versement,ES,2025-05-30 14:05:02
C00002,1826.9,versement,DE,2025-06-01 14:05:02
C00001,398.41,versement,IT,2025-06-10 14:05:02
C00001,1722.57,paiement,ES,2025-06-16 14:05:02
C00002,1782.53,paiement,ES,2025-06-09 14:05:02
C00001,520.05,retrait,FR,2025-06-04 14:05:02
C00001,329.24,virement,IT,2025-06-06 14:05:02
C00001,1852.96,retrait,ES,2025-06-12 14:05:02
C00002,198.04,virement,IT,2025-05-21 14:05:02
C00001,551.98,achat,DE,2025-05-27 14:05:02
C00002,581.81,versement,FR,2025-05-27 14:05:02
C00002,239.93,virement,IT,2025-06-09 14:05:02
C00001,1424.92,achat,ES,2025-06-12 14:05:02
C00517,1299.97,virement,ES,2025-06-03 14:05:02
C00997,443.59,virement,DE,2025-05-31 14:05:02
C00001,499.76,retrait,DE,2025-06-16 14:05:02
C00002,277.23,virement,DE,2025-06-17 14:05:02
C00001,436.65,achat,ES,2025-05-25 14:05:02
C00625,1751.19,virement,FR,2025-06-03 14:05:02
C00001,779.84,versement,ES,2025-06-01 14:05:02
C00002,755.29,virement,IT,2025-06-13 14:05:02
C00001,738.52,achat,FR,2025-06-01 14:05:02
C00001,1911.24,versement,ES,2025-06-03 14:05:02
C00001,135.71,virement,ES,2025-06-04 14:05:02
C00002,691.9,versement,FR,2025-05-27 14:05:02
C00001,385.66,versement,DE,2025-06-08 14:05:02
C00002,385.51,retrait,DE,2025-06-17 14:05:02
C00140,1968.15,virement,IT,2025-05-19 14:05:02
C00002,211.9,versement,IT,2025-06-13 14:05:02
C00950,359.76,achat,IT,2025-06-06 14:05:02
C00957,753.3,achat,ES,2025-05-20 14:05:02
C00001,1997.72,versement,IT,2025-06-07 14:05:02
C00110,361.56,achat,IT,2025-05-27 14:05:02
C00002,1091.32,virement,FR,2025-06-04 14:05:02
C00002,1272.1,paiement,DE,2025-06-06 14:05:02
C00002,1116.62,paiement,IT,2025-05-21 14:05:02
C00002,709.25,versement,IT,2025-06-05 14:05:02
C00001,1658.26,paiement,ES,2025-06-14 14:05:02
C00002,1950.97,paiement,DE,2025-06-01 14:05:02
C00002,1473.78,virement,FR,2025-05-25 14:05:02
C00001,1199.71,versement,DE,2025-06-13 14:05:02
C00001,493.11,retrait,DE,2025-05-25 14:05:02
C00001,1002.77,versement,FR,2025-05-26 14:05:02
C00001,35.05,paiement,FR,2025-06-16 14:05:02
C00001,337.41,retrait,ES,2025-06-12 14:05:02
C00001,742.69,paiement,FR,2025-05-19 14:05:02
C00001,826.31,retrait,IT,2025-05-20 14:05:02
C00001,1690.4,paiement,ES,2025-06-06 14:05:02
C00001,906.04,retrait,DE,2025-06-16 14:05:02
C00001,1732.31,versement,FR,2025-05-29 14:05:02
C00302,1805.14,achat,FR,2025-06-10 14:05:02
C00001,1583.05,virement,ES,2025-05-25 14:05:02
C00001,1286.99,achat,IT,2025-06-03 14:05:02
C00001,160.73,retrait,ES,2025-06-05 14:05:02
C00001,1319.99,virement,FR,2025-05-25 14:05:02
C00001,1414.96,retrait,IT,2025-06-15 14:05:02
C00001,790.62,virement,DE,2025-05-24 14:05:02
C00121,197.38,paiement,FR,2025-05-24 14:05:02
C00001,631.67,paiement,FR,2025-06-08 14:05:02
C00001,1741.68,achat,ES,2025-06-08 14:05:02
C00001,335.33,achat,DE,2025-06-06 14:05:02
C00001,1142.34,paiement,FR,2025-05-22 14:05:02
C00002,1471.1,versement,IT,2025-06-11 14:05:02
C00002,1485.09,achat,IT,2025-06-17 14:05:02
C00002,1060.51,versement,DE,2025-05-19 14:05:02
C00001,589.09,retrait,IT,2025-05-29 14:05:02
C00847,440.39,virement,DE,2025-05-25 14:05:02
C00001,171.65,versement,ES,2025-06-10 14:05:02
C00001,329.33,paiement,FR,2025-05-31 14:05:02
C00153,634.93,retrait,FR,2025-06-01 14:05:02
C00002,726.51,virement,DE,2025-06-06 14:05:02
C00002,998.52,versement,DE,2025-06-08 14:05:02
C00001,1643.93,retrait,DE,2025-05-25 14:05:02
C00001,1345.09,virement,FR,2025-05-24 14:05:02
C00001,213.66,virement,FR,2025-05-28 14:05:02
C00467,355.5,achat,FR,2025-05-22 14:05:02
C00002,562.62,virement,FR,2025-06-01 14:05:02
C00001,1535.82,retrait,IT,2025-06-02 14:05:02
C00001,43.63,virement,IT,2025-06-07 14:05:02
C00002,1547.54,achat,FR,2025-05-23 14:05:02
C00001,114.88,retrait,DE,2025-06-14 14:05:02
C00002,130.96,paiement,FR,2025-05-21 14:05:02
C00002,51.73,virement,IT,2025-06-02 14:05:02
C00001,383.65,retrait,FR,2025-05-18 14:05:02
C00001,1918.2,virement,FR,2025-06-05 14:05:02
C00001,635.96,paiement,ES,2025-05-31 14:05:02
C00001,564.76,achat,FR,2025-05-23 14:05:02
C00574,236.03,paiement,ES,2025-06-12 14:05:02
C00857,259.34,virement,DE,2025-06-13 14:05:02
C00002,811.41,versement,IT,2025-06-03 14:05:02
C00001,1527.76,versement,IT,2025-05-18 14:05:02
C00002,1419.15,virement,FR,2025-06-02 14:05:02
C00001,1679.95,paiement,IT,2025-06-17 14:05:02
C00001,223.68,achat,DE,2025-05-27 14:05:02
C00001,971.4,paiement,IT,2025-05-25 14:05:02
C00002,995.72,virement,DE,2025-06-17 14:05:02
C00001,988.68,paiement,IT,2025-06-15 14:05:02
C00001,308.17,paiement,IT,2025-06-07 14:05:02
C00001,1358.27,versement,DE,2025-05-22 14:05:02
C00001,1503.53,paiement,FR,2025-05-28 14:05:02
C00001,1205.86,virement,IT,2025-06-04 14:05:02
C00001,1444.59,achat,DE,2025-06-07 14:05:02
C00001,102.17,retrait,ES,2025-05-20 14:05:02
C00001,70.62,virement,ES,2025-05-26 14:05:02
C00002,111.25,paiement,IT,2025-05-29 14:05:02
C00190,264.8,virement,ES,2025-06-04 14:05:02
C00002,1739.75,retrait,ES,2025-05-28 14:05:02
C00001,1778.45,achat,ES,2025-06-02 14:05:02
C00001,865.93,paiement,ES,2025-06-17 14:05:02
C00001,1630.25,paiement,IT,2025-06-08 14:05:02
C00002,1754.89,virement,IT,2025-05-26 14:05:02
C00001,1282.13,paiement,IT,2025-06-10 14:05:02
C00002,895.07,retrait,ES,2025-05-18 14:05:02
C00002,1121.69,achat,ES,2025-05-19 14:05:02
C00439,239.24,achat,DE,2025-05-23 14:05:02
C00002,718.75,versement,FR,2025-06-08 14:05:02
C00001,1076.4,retrait,DE,2025-06-10 14:05:02
C00001,1034.45,versement,ES,2025-06-01 14:05:02
C00002,140.11,virement,ES,2025-06-07 14:05:02
C00002,537.31,paiement,DE,2025-06-02 14:05:02
C00002,889.82,retrait,IT,2025-05-29 14:05:02
C00001,489.6,virement,IT,2025-06-05 14:05:02
C00001,269.96,retrait,IT,2025-05-29 14:05:02
C00002,190.93,paiement,FR,2025-05-20 14:05:02
C00002,1858.15,versement,DE,2025-05-22 14:05:02
C00001,1640.28,virement,IT,2025-06-09 14:05:02
C00002,640.59,retrait,DE,2025-06-07 14:05:02
C00001,381.88,paiement,IT,2025-05-27 14:05:02
C00812,188.46,versement,ES,2025-05-31 14:05:02
C00001,1160.72,paiement,IT,2025-06-05 14:05:02
C00002,1602.91,retrait,DE,2025-05-21 14:05:02
C00001,1786.22,achat,IT,2025-06-09 14:05:02
C00001,308.85,achat,IT,2025-05-27 14:05:02
C00002,610.68,retrait,ES,2025-06-01 14:05:02
C00001,396.79,achat,DE,2025-06-09 14:05:02
C00001,1228.93,paiement,IT,2025-05-21 14:05:02
C00002,379.57,paiement,DE,2025-05-29 14:05:02
C00002,1661.43,achat,FR,2025-06-02 14:05:02
C00001,864.72,versement,DE,2025-05-23 14:05:02
C00002,523.05,virement,IT,2025-05-20 14:05:02
C00002,560.32,achat,ES,2025-05-20 14:05:02
C00001,484.32,retrait,FR,2025-05-21 14:05:02
C00001,1310.88,retrait,DE,2025-05-25 14:05:02
C00001,1656.59,retrait,FR,2025-05-19 14:05:02
C00001,1717.66,versement,FR,2025-06-16 14:05:02
C00002,1044.06,retrait,IT,2025-06-02 14:05:02
C00001,171.25,versement,DE,2025-05-25 14:05:02
C00686,1981.75,paiement,IT,2025-05-22 14:05:02
C00632,1403.82,paiement,DE,2025-05-22 14:05:02
C00002,188.69,versement,DE,2025-05-24 14:05:02
C00478,102.99,achat,FR,2025-05-27 14:05:02
C00002,677.43,retrait,DE,2025-06-03 14:05:02
C00001,261.85,paiement,FR,2025-06-01 14:05:02
C00001,307.26,retrait,FR,2025-05-28 14:05:02
C00002,1919.26,retrait,FR,2025-06-07 14:05:02
C00001,310.31,versement,IT,2025-06-10 14:05:02
C00242,264.53,paiement,IT,2025-06-13 14:05:02
C00002,1022.86,paiement,DE,2025-06-02 14:05:02
C00002,1068.27,versement,FR,2025-05-20 14:05:02
C00002,1541.52,achat,IT,2025-05-20 14:05:02
C00002,1159.71,paiement,IT,2025-06-07 14:05:02
C00001,1608.58,paiement,FR,2025-05-28 14:05:02
C00266,1036.73,virement,ES,2025-05-21 14:05:02
C00001,1098.0,retrait,ES,2025-06-11 14:05:02
C00002,1334.48,retrait,FR,2025-06-16 14:05:02
C00002,1576.17,virement,IT,2025-05-24 14:05:02
C00001,169.96,versement,ES,2025-06-08 14:05:02
C00001,1150.2,versement,IT,2025-05-21 14:05:02
C00734,133.61,virement,FR,2025-06-01 14:05:02
C00002,721.07,versement,FR,2025-05-19 14:05:02
C00028,337.09,virement,IT,2025-06-06 14:05:02
C00982,330.53,paiement,IT,2025-06-10 14:05:02
C00001,1890.46,versement,ES,2025-05-19 14:05:02
C00614,1959.41,virement,ES,2025-06-05 14:05:02
C00001,1906.07,versement,DE,2025-05-24 14:05:02
C00001,1734.1,retrait,ES,2025-06-04 14:05:02
C00001,771.07,paiement,DE,2025-05-24 14:05:02
C00001,624.26,paiement,ES,2025-05-23 14:05:02
C00002,43.77,virement,DE,2025-05-20 14:05:02
C00544,273.13,paiement,DE,2025-06-07 14:05:02
C00001,1653.18,retrait,DE,2025-06-05 14:05:02
C00002,285.9,achat,IT,2025-06-12 14:05:02
C00002,759.07,paiement,DE,2025-06-13 14:05:02
C00001,943.13,achat,ES,2025-05-30 14:05:02
C00002,1297.1,versement,FR,2025-06-16 14:05:02
C00001,1122.99,retrait,IT,2025-05-21 14:05:02
C00001,1813.25,achat,IT,2025-05-25 14:05:02
C00002,1818.33,achat,IT,2025-06-16 14:05:02
C00341,709.26,virement,IT,2025-06-10 14:05:02
C00922,1642.13,paiement,FR,2025-06-12 14:05:02
C00002,1192.23,retrait,DE,2025-06-04 14:05:02
C00002,408.95,achat,DE,2025-06-14 14:05:02
C00482,1329.55,achat,FR,2025-05-21 14:05:02
C00001,1093.18,retrait,ES,2025-06-08 14:05:02
C00002,761.76,achat,ES,2025-06-17 14:05:02
C00001,583.81,paiement,DE,2025-06-08 14:05:02
C00797,371.09,paiement,DE,2025-06-11 14:05:02
C00002,1239.45,versement,IT,2025-06-09 14:05:02
C00001,268.45,versement,ES,2025-05-22 14:05:02
C00237,490.23,versement,IT,2025-06-15 14:05:02
C00239,1833.42,virement,IT,2025-06-08 14:05:02
C00001,1856.72,versement,IT,2025-06-01 14:05:02
C00986,98.19,versement,IT,2025-06-16 14:05:02
C00001,824.82,paiement,IT,2025-05-19 14:05:02
C00968,720.97,virement,DE,2025-06-15 14:05:02
C00001,1911.43,retrait,FR,2025-06-11 14:05:02
C00001,913.23,paiement,DE,2025-06-04 14:05:02
C00002,496.03,achat,FR,2025-06-14 14:05:02
C00002,910.45,retrait,DE,2025-05-25 14:05:02
C00001,1351.1,achat,ES,2025-06-06 14:05:02
C00001,1686.94,achat,FR,2025-05-26 14:05:02
C00002,1807.47,virement,ES,2025-06-04 14:05:02
C00001,1857.72,virement,FR,2025-06-03 14:05:02
C00001,1409.78,paiement,FR,2025-06-17 14:05:02
C00368,149.1,paiement,FR,2025-05-31 14:05:02
C00001,336.51,versement,FR,2025-06-08 14:05:02
C00002,1978.37,retrait,ES,2025-05-30 14:05:02
C00002,1403.01,paiement,FR,2025-06-02 14:05:02
C00001,1010.05,versement,DE,2025-06-10 14:05:02
C00002,126.95,retrait,ES,2025-06-05 14:05:02
C00002,1037.04,retrait,FR,2025-06-11 14:05:02
C00002,1410.85,virement,ES,2025-06-13 14:05:02
C00002,763.49,retrait,ES,2025-06-10 14:05:02
C00002,455.86,paiement,DE,2025-06-12 14:05:02
C00782,888.34,paiement,DE,2025-05-27 14:05:02
C00002,496.98,achat,ES,2025-06-14 14:05:02
C00001,1634.19,paiement,IT,2025-06-05 14:05:02
C00001,1498.38,retrait,FR,2025-06-06 14:05:02
C00002,916.82,retrait,ES,2025-06-05 14:05:02
C00002,1794.94,retrait,DE,2025-05-22 14:05:02
C00001,277.03,versement,IT,2025-06-05 14:05:02
C00001,600.63,achat,IT,2025-06-08 14:05:02
C00001,779.6,virement,FR,2025-05-26 14:05:02
C00001,1410.89,paiement,ES,2025-06-10 14:05:02
C00002,807.68,retrait,ES,2025-06-12 14:05:02
C00001,1839.4,paiement,IT,2025-06-16 14:05:02
C00001,58.28,retrait,DE,2025-06-06 14:05:02
C00001,848.7,virement,FR,2025-06-04 14:05:02
C00001,668.53,retrait,IT,2025-06-05 14:05:02
C00001,1155.2,retrait,FR,2025-06-16 14:05:02
C00002,1962.8,versement,DE,2025-05-21 14:05:02
C00002,701.79,paiement,DE,2025-05-27 14:05:02
C00097,1456.8,versement,DE,2025-05-20 14:05:02
C00001,133.28,retrait,FR,2025-06-10 14:05:02
C00001,1709.96,retrait,FR,2025-06-16 14:05:02
C00800,209.88,paiement,DE,2025-06-06 14:05:02
C00606,1249.57,retrait,IT,2025-05-25 14:05:02
C00001,1346.74,paiement,DE,2025-05-27 14:05:02
C00001,667.84,paiement,DE,2025-06-13 14:05:02
C00514,1064.05,versement,IT,2025-06-03 14:05:02
C00001,1708.49,retrait,IT,2025-06-06 14:05:02
C00002,712.32,retrait,DE,2025-05-22 14:05:02
C00002,1233.11,retrait,ES,2025-05-28 14:05:02
C00001,667.61,virement,FR,2025-05-28 14:05:02
C00001,1346.63,versement,DE,2025-05-26 14:05:02
C00002,149.25,virement,FR,2025-06-12 14:05:02
C00002,92.13,virement,DE,2025-06-01 14:05:02
C00969,1872.27,retrait,IT,2025-06-11 14:05:02
C00002,401.64,versement,IT,2025-06-09 14:05:02
C00972,1353.04,retrait,IT,2025-06-04 14:05:02
C00270,1806.15,versement,DE,2025-06-13 14:05:02
C00001,1795.16,paiement,FR,2025-05-22 14:05:02
C00708,1660.13,retrait,ES,2025-06-15 14:05:02
C00001,1250.26,versement,IT,2025-06-01 14:05:02
C00185,1127.38,paiement,DE,2025-06-02 14:05:02
C00002,265.31,paiement,FR,2025-06-14 14:05:02
C00001,1272.27,paiement,ES,2025-05-20 14:05:02
C00398,1575.93,versement,IT,2025-05-30 14:05:02
C00001,565.76,virement,DE,2025-06-06 14:05:02
C00002,631.58,paiement,FR,2025-05-20 14:05:02
C00756,1332.67,achat,IT,2025-06-17 14:05:02
C00001,959.44,virement,IT,2025-06-17 14:05:02
C00878,1054.71,retrait,FR,2025-06-01 14:05:02
C00002,1078.99,versement,IT,2025-06-10 14:05:02
C00001,1894.99,retrait,FR,2025-05-30 14:05:02
C00001,961.04,paiement,FR,2025-05-28 14:05:02
C00002,1126.16,paiement,ES,2025-06-07 14:05:02
C00001,1280.97,achat,ES,2025-06-05 14:05:02
C00001,1634.57,paiement,ES,2025-05-28 14:05:02
C00002,143.63,paiement,DE,2025-06-14 14:05:02
C00001,1459.97,virement,IT,2025-06-01 14:05:02
C00001,372.98,paiement,ES,2025-06-16 14:05:02
C00002,1858.48,retrait,FR,2025-06-12 14:05:02
C00001,1793.85,paiement,DE,2025-05-25 14:05:02
C00002,1000.92,retrait,IT,2025-06-08 14:05:02
C00002,1032.82,virement,FR,2025-05-20 14:05:02
C00446,780.42,paiement,IT,2025-06-09 14:05:02
C00002,102.68,retrait,DE,2025-05-21 14:05:02
C00178,1836.84,retrait,FR,2025-06-17 14:05:02
C00002,1394.76,achat,IT,2025-05-26 14:05:02
C00235,945.04,achat,DE,2025-05-27 14:05:02
C00002,1633.2,versement,DE,2025-05-31 14:05:02
C00001,1958.06,achat,ES,2025-06-12 14:05:02
C00001,1846.5,achat,FR,2025-05-26 14:05:02
C00001,1223.32,retrait,IT,2025-05-30 14:05:02
C00001,634.13,retrait,ES,2025-05-30 14:05:02
C00001,1752.76,achat,IT,2025-06-12 14:05:02
C00928,1977.3,achat,DE,2025-05-25 14:05:02
C00002,1357.59,versement,DE,2025-06-10 14:05:02
C00761,700.74,virement,DE,2025-05-23 14:05:02
C00743,1265.83,paiement,ES,2025-06-09 14:05:02
C00002,1015.89,paiement,IT,2025-06-13 14:05:02
C00001,82.7,versement,FR,2025-05-25 14:05:02
C00002,1956.92,retrait,DE,2025-05-18 14:05:02
C00001,1061.44,versement,DE,2025-05-29 14:05:02
C00848,290.11,paiement,IT,2025-06-12 14:05:02
C00001,1952.34,achat,ES,2025-06-13 14:05:02
C00002,1671.85,retrait,DE,2025-05-28 14:05:02
C00002,473.96,paiement,DE,2025-05-22 14:05:02
C00952,1266.03,versement,DE,2025-06-12 14:05:02
C00002,1849.7,versement,FR,2025-06-05 14:05:02
C00002,247.96,retrait,FR,2025-06-13 14:05:02
C00002,1020.91,versement,IT,2025-05-20 14:05:02
C00001,695.45,retrait,DE,2025-06-03 14:05:02
C00001,1779.81,virement,DE,2025-05-31 14:05:02
C00668,1231.71,virement,IT,2025-06-02 14:05:02
C00002,1109.91,versement,DE,2025-05-30 14:05:02
C00002,1572.38,virement,ES,2025-06-17 14:05:02
C00001,637.24,paiement,FR,2025-06-10 14:05:02
C00002,1283.87,paiement,DE,2025-06-05 14:05:02
C00001,65.59,retrait,IT,2025-05-28 14:05:02
C00001,435.74,versement,FR,2025-05-28 14:05:02
C00001,118.36,retrait,FR,2025-06-01 14:05:02
C00002,1595.01,versement,ES,2025-06-14 14:05:02
C00001,1825.09,paiement,IT,2025-06-04 14:05:02
C00001,1653.67,achat,IT,2025-06-10 14:05:02
C00001,719.55,retrait,DE,2025-06-02 14:05:02
C00001,1952.33,achat,FR,2025-06-09 14:05:02
C00001,1970.85,retrait,DE,2025-05-23 14:05:02
C00002,465.8,paiement,FR,2025-05-27 14:05:02
C00001,1144.59,achat,IT,2025-05-26 14:05:02
C00001,195.84,versement,IT,2025-05-26 14:05:02
C00001,122.41,paiement,IT,2025-06-10 14:05:02
C00001,1517.63,retrait,IT,2025-06-11 14:05:02
C00506,210.77,retrait,FR,2025-05-20 14:05:02
C00001,1472.82,virement,ES,2025-06-06 14:05:02
C00001,926.93,achat,ES,2025-06-16 14:05:02
C00001,1710.45,paiement,DE,2025-05-18 14:05:02
C00001,435.59,achat,DE,2025-06-01 14:05:02
C00001,1626.16,versement,IT,2025-06-11 14:05:02
C00795,25.96,paiement,ES,2025-06-01 14:05:02
C00002,689.17,paiement,DE,2025-06-04 14:05:02
C00001,13.31,paiement,DE,2025-06-09 14:05:02
C00001,1548.27,retrait,IT,2025-06-04 14:05:02
C00001,1373.18,versement,DE,2025-06-06 14:05:02
C00002,504.5,versement,IT,2025-06-13 14:05:02
C00001,543.79,versement,DE,2025-05-29 14:05:02
C00001,1045.35,achat,FR,2025-05-30 14:05:02
C00001,1325.2,retrait,FR,2025-06-16 14:05:02
C00001,1618.16,versement,DE,2025-05-25 14:05:02
C00863,177.25,paiement,ES,2025-06-09 14:05:02
C00001,805.45,paiement,IT,2025-06-12 14:05:02
C00388,789.27,versement,DE,2025-05-25 14:05:02
C00001,641.14,retrait,DE,2025-06-07 14:05:02
C00001,1366.93,retrait,ES,2025-05-24 14:05:02
C00002,452.65,virement,IT,2025-05-20 14:05:02
C00002,1972.9,virement,ES,2025-06-03 14:05:02
C00001,75.47,virement,ES,2025-06-11 14:05:02
C00001,161.04,retrait,FR,2025-06-11 14:05:02
C00001,1981.89,achat,DE,2025-05-18 14:05:02
C00001,1640.15,achat,IT,2025-05-22 14:05:02
C00001,755.23,versement,ES,2025-06-02 14:05:02
C00001,1923.01,paiement,ES,2025-05-25 14:05:02
C00002,1737.09,achat,IT,2025-05-26 14:05:02
C00001,906.93,versement,ES,2025-06-03 14:05:02
C00930,449.22,achat,ES,2025-05-27 14:05:02
C00002,1146.94,paiement,DE,2025-06-13 14:05:02
C00002,464.67,retrait,FR,2025-06-01 14:05:02
C00001,1850.1,versement,ES,2025-05-29 14:05:02
C00001,201.67,virement,DE,2025-05-24 14:05:02
C00001,235.36,virement,IT,2025-06-17 14:05:02
C00001,285.82,retrait,DE,2025-06-03 14:05:02
C00002,467.28,retrait,DE,2025-06-15 14:05:02
C00615,1629.87,virement,FR,2025-05-25 14:05:02
C00542,1257.12,paiement,FR,2025-06-04 14:05:02
C00087,946.41,versement,FR,2025-06-14 14:05:02
C00002,1802.68,achat,DE,2025-06-12 14:05:02
C00002,997.31,paiement,ES,2025-05-19 14:05:02
C00001,473.46,virement,DE,2025-05-31 14:05:02
C00001,136.26,retrait,DE,2025-06-17 14:05:02
C00002,1921.47,paiement,IT,2025-06-04 14:05:02
C00002,358.67,achat,FR,2025-05-29 14:05:02
C00001,197.5,virement,ES,2025-05-18 14:05:02
C00001,1522.36,retrait,DE,2025-06-03 14:05:02
C00002,1227.14,virement,ES,2025-05-28 14:05:02
C00002,1345.66,retrait,ES,2025-06-08 14:05:02
C00244,1474.33,achat,IT,2025-05-29 14:05:02
C00001,517.33,paiement,ES,2025-05-31 14:05:02
C00002,1906.38,versement,ES,2025-05-30 14:05:02
C00001,548.77,retrait,DE,2025-06-02 14:05:02
C00002,707.65,paiement,DE,2025-06-16 14:05:02
C00001,1300.77,achat,IT,2025-05-28 14:05:02
C00002,722.41,virement,DE,2025-05-19 14:05:02
C00001,1112.71,virement,ES,2025-05-23 14:05:02
C00001,1469.25,paiement,ES,2025-06-08 14:05:02
C00001,1742.68,retrait,IT,2025-06-03 14:05:02
C00001,1359.36,retrait,DE,2025-05-28 14:05:02
C00002,866.15,virement,DE,2025-05-20 14:05:02
C00001,1657.14,versement,ES,2025-05-28 14:05:02
C00001,856.8,versement,IT,2025-05-20 14:05:02
C00605,585.04,achat,FR,2025-06-13 14:05:02
C00002,1211.28,paiement,DE,2025-05-31 14:05:02
C00001,1524.69,achat,FR,2025-05-24 14:05:02
C00001,820.28,achat,IT,2025-05-20 14:05:02
C00001,1491.53,retrait,IT,2025-06-08 14:05:02
C00002,164.26,virement,FR,2025-06-01 14:05:02
C00001,524.72,versement,DE,2025-06-06 14:05:02
C00002,1505.99,paiement,IT,2025-06-06 14:05:02
C00002,649.09,virement,IT,2025-05-20 14:05:02
C00001,168.81,retrait,FR,2025-06-15 14:05:02
C00002,1449.86,versement,IT,2025-05-28 14:05:02
C00002,113.74,achat,DE,2025-05-30 14:05:02
C00002,312.54,retrait,IT,2025-05-31 14:05:02
C00002,1423.47,versement,IT,2025-06-14 14:05:02
C00002,1545.95,versement,IT,2025-06-15 14:05:02
C00001,23.69,paiement,IT,2025-05-26 14:05:02
C00002,1590.81,paiement,FR,2025-06-15 14:05:02
C00224,632.51,virement,FR,2025-06-08 14:05:02
C00001,758.26,virement,FR,2025-05-28 14:05:02
C00001,431.58,paiement,IT,2025-05-18 14:05:02
C00001,1000.86,virement,FR,2025-06-07 14:05:02
C00002,1579.88,retrait,FR,2025-05-19 14:05:02
C00002,954.04,paiement,ES,2025-05-22 14:05:02
C00002,1126.29,virement,DE,2025-05-23 14:05:02
C00001,1987.38,retrait,ES,2025-06-09 14:05:02
C00002,196.33,virement,FR,2025-05-28 14:05:02
C00941,1716.99,versement,FR,2025-06-01 14:05:02
C00001,1913.37,virement,DE,2025-05-25 14:05:02
C00001,119.33,paiement,IT,2025-05-21 14:05:02
C00001,918.07,paiement,IT,2025-06-13 14:05:02
C00001,1843.17,virement,ES,2025-06-15 14:05:02
C00001,1085.74,retrait,IT,2025-05-31 14:05:02
C00001,253.02,paiement,IT,2025-06-15 14:05:02
C00001,654.19,paiement,DE,2025-05-25 14:05:02
C00002,1549.02,achat,DE,2025-05-31 14:05:02
C00213,1394.4,paiement,FR,2025-06-09 14:05:02
C00001,45.63,achat,ES,2025-05-25 14:05:02
C00875,1537.17,virement,IT,2025-06-11 14:05:02
C00002,1076.86,paiement,ES,2025-06-06 14:05:02
C00001,1412.42,paiement,IT,2025-05-29 14:05:02
C00185,1975.32,achat,ES,2025-06-06 14:05:02
C00002,629.22,paiement,ES,2025-06-11 14:05:02
C00001,1994.75,achat,IT,2025-05-20 14:05:02
C00001,1799.46,retrait,IT,2025-06-06 14:05:02
C00001,1382.34,achat,ES,2025-06-01 14:05:02
C00001,1440.07,achat,ES,2025-05-26 14:05:02
C00001,250.44,retrait,FR,2025-05-30 14:05:02
C00002,166.34,achat,DE,2025-05-18 14:05:02
C00001,330.42,virement,ES,2025-05-30 14:05:02
C00002,1271.76,versement,FR,2025-05-19 14:05:02
C00001,1635.72,retrait,FR,2025-05-31 14:05:02
C00002,957.01,virement,ES,2025-06-03 14:05:02
C00001,1852.86,paiement,ES,2025-06-07 14:05:02
C00002,1582.99,virement,FR,2025-06-07 14:05:02
C00001,175.36,paiement,FR,2025-06-16 14:05:02
C00154,1538.25,achat,DE,2025-06-06 14:05:02
C00002,426.89,virement,ES,2025-05-29 14:05:02
C00001,243.67,achat,DE,2025-05-18 14:05:02
C00001,1342.84,achat,ES,2025-05-28 14:05:02
C00001,963.47,versement,IT,2025-05-27 14:05:02
C00001,1808.06,virement,DE,2025-06-14 14:05:02
C00002,1594.18,virement,IT,2025-05-26 14:05:02
C00001,480.33,virement,FR,2025-05-23 14:05:02
C00516,245.56,achat,DE,2025-06-15 14:05:02
C00002,895.86,achat,ES,2025-06-14 14:05:02
C00002,525.9,versement,FR,2025-06-09 14:05:02
C00001,328.57,versement,DE,2025-06-09 14:05:02
C00002,1059.31,paiement,FR,2025-05-25 14:05:02
C00001,374.41,versement,ES,2025-05-22 14:05:02
C00002,600.24,retrait,FR,2025-06-05 14:05:02
C00002,1306.81,versement,IT,2025-06-01 14:05:02
C00002,552.3,versement,FR,2025-06-02 14:05:02
C00001,56.73,retrait,FR,2025-05-22 14:05:02
C00002,1476.94,paiement,ES,2025-06-07 14:05:02
C00001,1195.2,virement,DE,2025-06-12 14:05:02
C00002,1694.08,paiement,IT,2025-06-12 14:05:02
C00436,1846.34,virement,IT,2025-05-23 14:05:02
C00115,1408.91,retrait,DE,2025-06-13 14:05:02
C00002,1968.12,achat,IT,2025-05-27 14:05:02
C00571,1170.85,retrait,FR,2025-06-02 14:05:02
C00002,1257.26,retrait,ES,2025-05-21 14:05:02
C00002,1659.77,paiement,IT,2025-05-30 14:05:02
C00001,1342.83,achat,FR,2025-06-06 14:05:02
C00001,468.11,achat,IT,2025-05-25 14:05:02
C00002,453.72,virement,ES,2025-05-19 14:05:02
C00002,1397.44,achat,IT,2025-06-08 14:05:02
C00002,938.28,paiement,IT,2025-06-02 14:05:02
C00001,156.35,versement,DE,2025-06-02 14:05:02
C00001,588.09,paiement,ES,2025-05-25 14:05:02
C00001,1200.38,virement,IT,2025-06-04 14:05:02
C00002,1433.63,retrait,ES,2025-06-02 14:05:02
C00002,172.94,virement,FR,2025-06-05 14:05:02
C00111,34.68,virement,FR,2025-05-30 14:05:02
C00001,1136.91,versement,DE,2025-06-16 14:05:02
C00001,831.66,achat,FR,2025-06-12 14:05:02
C00001,1777.35,retrait,ES,2025-05-26 14:05:02
C00002,482.84,virement,IT,2025-06-07 14:05:02
C00001,987.06,virement,DE,2025-05-30 14:05:02
C00002,679.35,versement,ES,2025-05-31 14:05:02
C00001,1473.7,versement,DE,2025-06-11 14:05:02
C00002,1566.14,versement,ES,2025-05-21 14:05:02
C00002,1901.74,paiement,IT,2025-06-12 14:05:02
C00001,688.37,versement,ES,2025-06-17 14:05:02
C00002,1497.39,paiement,FR,2025-06-04 14:05:02
C00075,1333.15,virement,FR,2025-06-10 14:05:02
C00001,24.94,paiement,IT,2025-05-18 14:05:02
C00001,1203.92,paiement,IT,2025-06-14 14:05:02
C00001,280.22,virement,DE,2025-05-31 14:05:02
C00619,1028.72,virement,DE,2025-06-12 14:05:02
C00001,1093.63,virement,FR,2025-06-08 14:05:02
C00001,26.12,retrait,ES,2025-05-27 14:05:02
C00002,1163.9,retrait,IT,2025-06-11 14:05:02
C00001,572.65,paiement,ES,2025-05-27 14:05:02
C00001,360.28,versement,ES,2025-06-08 14:05:02
C00001,1401.33,achat,ES,2025-06-15 14:05:02
C00002,582.02,versement,FR,2025-06-02 14:05:02
C00002,818.09,versement,DE,2025-06-11 14:05:02
C00002,932.88,virement,FR,2025-06-06 14:05:02
C00001,1160.49,versement,DE,2025-05-28 14:05:02
C00002,1724.51,achat,FR,2025-06-07 14:05:02
C00001,347.07,versement,FR,2025-06-02 14:05:02
C00002,485.92,versement,IT,2025-06-05 14:05:02
C00001,416.34,paiement,FR,2025-06-16 14:05:02
C00001,1687.22,achat,ES,2025-06-13 14:05:02
C00002,371.86,paiement,IT,2025-05-29 14:05:02
C00001,1710.81,retrait,DE,2025-05-18 14:05:02
C00002,94.03,paiement,ES,2025-06-05 14:05:02
C00001,1393.86,achat,ES,2025-05-19 14:05:02
C00670,1282.27,retrait,IT,2025-06-09 14:05:02
C00198,884.79,versement,FR,2025-05-29 14:05:02
C00001,183.77,virement,DE,2025-06-03 14:05:02
C00001,1450.3,virement,DE,2025-06-15 14:05:02
C00001,1103.56,paiement,IT,2025-06-07 14:05:02
C00002,298.24,paiement,IT,2025-06-05 14:05:02
C00001,1363.59,retrait,ES,2025-06-16 14:05:02
C00001,1530.75,achat,ES,2025-05-31 14:05:02
C00001,1364.22,achat,DE,2025-05-22 14:05:02
C00001,988.82,achat,IT,2025-06-16 14:05:02
C00001,1412.69,versement,FR,2025-06-09 14:05:02
C00002,1564.39,versement,IT,2025-05-30 14:05:02
C00001,198.57,achat,DE,2025-06-07 14:05:02
C00001,1009.01,virement,FR,2025-05-18 14:05:02
C00002,950.29,retrait,IT,2025-06-03 14:05:02
C00002,1415.88,paiement,FR,2025-06-05 14:05:02
C00002,334.39,paiement,DE,2025-06-14 14:05:02
C00001,1780.43,achat,ES,2025-06-04 14:05:02
C00744,1850.43,achat,ES,2025-06-15 14:05:02
C00002,1478.46,paiement,FR,2025-06-05 14:05:02
C00331,580.32,virement,DE,2025-06-14 14:05:02
C00001,1542.59,retrait,ES,2025-05-28 14:05:02
C00002,1653.83,virement,IT,2025-06-02 14:05:02
C00604,531.12,paiement,FR,2025-05-25 14:05:02
C00001,1964.76,paiement,ES,2025-06-03 14:05:02
C00002,354.0,versement,ES,2025-05-25 14:05:02
C00001,437.17,paiement,FR,2025-06-09 14:05:02
C00609,1377.51,paiement,FR,2025-06-16 14:05:02
C00002,73.51,paiement,ES,2025-05-31 14:05:02
C00002,1434.37,retrait,IT,2025-06-08 14:05:02
C00001,380.05,retrait,ES,2025-06-01 14:05:02
C00001,1577.05,retrait,FR,2025-05-25 14:05:02
C00576,1719.57,versement,DE,2025-05-28 14:05:02
C00002,1120.76,versement,FR,2025-05-19 14:05:02
C00001,967.8,retrait,ES,2025-06-02 14:05:02
C00002,503.2,achat,IT,2025-06-02 14:05:02
C00001,1351.77,versement,ES,2025-06-06 14:05:02
C00001,1395.43,versement,IT,2025-05-28 14:05:02
C00001,1560.62,achat,IT,2025-05-29 14:05:02
C00338,1329.11,retrait,DE,2025-06-13 14:05:02
C00001,102.0,retrait,IT,2025-06-09 14:05:02
C00001,1782.95,paiement,ES,2025-06-11 14:05:02
C00001,936.98,paiement,IT,2025-06-10 14:05:02
C00001,446.91,retrait,DE,2025-05-20 14:05:02
C00001,1965.53,paiement,DE,2025-06-08 14:05:02
C00001,1765.09,retrait,FR,2025-05-27 14:05:02
C00001,70.79,virement,FR,2025-05-22 14:05:02
C00002,616.59,paiement,FR,2025-05-23 14:05:02
C00002,526.38,retrait,IT,2025-06-13 14:05:02
C00002,709.81,paiement,FR,2025-05-27 14:05:02
C00002,486.94,virement,FR,2025-06-03 14:05:02
C00001,585.99,achat,IT,2025-05-28 14:05:02
C00001,1605.01,retrait,ES,2025-06-13 14:05:02
C00188,1542.03,paiement,ES,2025-05-23 14:05:02
C00681,506.82,versement,FR,2025-06-01 14:05:02
C00002,1745.02,virement,ES,2025-06-02 14:05:02
C00001,1591.27,versement,FR,2025-06-03 14:05:02
C00001,962.65,versement,FR,2025-05-30 14:05:02
C00001,1454.72,virement,IT,2025-06-11 14:05:02
C00002,1492.94,virement,DE,2025-06-09 14:05:02
C00001,226.18,versement,FR,2025-06-07 14:05:02
C00001,1512.52,retrait,IT,2025-06-02 14:05:02
C00001,374.26,retrait,DE,2025-06-14 14:05:02
C00001,1435.58,achat,IT,2025-06-04 14:05:02
C00002,914.83,retrait,DE,2025-05-25 14:05:02
C00002,373.83,virement,ES,2025-05-30 14:05:02
C00002,158.24,achat,ES,2025-06-10 14:05:02
C00001,1545.53,retrait,DE,2025-06-14 14:05:02
C00940,492.61,paiement,DE,2025-06-13 14:05:02
C00001,915.51,paiement,ES,2025-05-26 14:05:02
C00001,1353.17,versement,IT,2025-05-28 14:05:02
C00002,481.94,virement,DE,2025-06-08 14:05:02
C00234,908.55,virement,IT,2025-06-11 14:05:02
C00002,764.79,virement,ES,2025-05-24 14:05:02
C00002,30.36,retrait,DE,2025-06-05 14:05:02
C00001,1498.77,versement,FR,2025-06-06 14:05:02
C00001,34.59,versement,ES,2025-06-01 14:05:02
C00001,617.07,achat,FR,2025-05-29 14:05:02
C00002,1501.87,achat,IT,2025-05-20 14:05:02
C00001,451.49,virement,ES,2025-06-01 14:05:02
C00001,1573.3,versement,DE,2025-06-05 14:05:02
C00758,792.96,achat,ES,2025-05-28 14:05:02
C00002,1134.59,virement,FR,2025-06-02 14:05:02
C00001,218.01,paiement,ES,2025-05-23 14:05:02
C00001,900.68,paiement,IT,2025-05-31 14:05:02
C00002,969.3,virement,DE,2025-06-14 14:05:02
C00001,1294.43,achat,DE,2025-05-22 14:05:02
C00831,878.31,retrait,ES,2025-05-29 14:05:02
C00001,1890.86,achat,ES,2025-05-20 14:05:02
C00002,952.53,paiement,FR,2025-06-07 14:05:02
C00001,1406.89,virement,DE,2025-05-31 14:05:02
C00002,735.31,versement,IT,2025-05-29 14:05:02
C00001,847.6,achat,ES,2025-05-25 14:05:02
C00001,682.56,versement,IT,2025-05-31 14:05:02
C00001,1957.7,retrait,IT,2025-05-29 14:05:02
C00002,764.12,retrait,IT,2025-06-05 14:05:02
C00001,1770.92,versement,ES,2025-05-31 14:05:02
C00001,1302.88,achat,IT,2025-06-12 14:05:02
C00001,1563.64,virement,DE,2025-06-13 14:05:02
C00002,425.44,virement,FR,2025-05-19 14:05:02
C00002,292.73,retrait,ES,2025-06-06 14:05:02
C00002,1814.14,versement,FR,2025-05-20 14:05:02
C00002,980.16,versement,FR,2025-05-28 14:05:02
C00607,974.68,versement,IT,2025-06-09 14:05:02
C00002,780.21,paiement,ES,2025-06-17 14:05:02
C00002,1279.73,versement,FR,2025-06-08 14:05:02
C00002,1199.78,virement,DE,2025-06-13 14:05:02
C00001,581.08,versement,FR,2025-05-19 14:05:02
C00769,273.89,versement,FR,2025-06-07 14:05:02
C00547,1204.25,virement,FR,2025-06-06 14:05:02
C00001,166.04,versement,IT,2025-06-12 14:05:02
C00001,251.24,retrait,ES,2025-06-02 14:05:02
C00002,500.61,paiement,FR,2025-06-11 14:05:02
C00681,1303.19,retrait,ES,2025-05-21 14:05:02
C00001,1113.17,achat,DE,2025-06-04 14:05:02
C00002,250.95,retrait,DE,2025-05-26 14:05:02
C00002,896.99,virement,ES,2025-05-26 14:05:02
C00516,643.34,versement,DE,2025-06-15 14:05:02
C00002,179.73,achat,DE,2025-05-30 14:05:02
C00805,117.71,virement,ES,2025-05-25 14:05:02
C00307,1221.97,paiement,FR,2025-06-06 14:05:02
C00001,919.12,retrait,IT,2025-05-21 14:05:02
C00987,1809.16,virement,IT,2025-06-03 14:05:02
C00808,329.06,paiement,DE,2025-05-26 14:05:02
C00001,526.42,retrait,DE,2025-05-27 14:05:02
C00002,426.24,achat,DE,2025-05-24 14:05:02
C00001,1479.97,retrait,ES,2025-06-13 14:05:02
C00002,1111.33,retrait,IT,2025-06-09 14:05:02
C00058,720.31,virement,FR,2025-06-10 14:05:02
C00002,581.77,retrait,ES,2025-06-06 14:05:02
C00002,1036.79,achat,FR,2025-06-07 14:05:02
C00001,421.82,retrait,ES,2025-06-11 14:05:02
C00001,276.79,paiement,FR,2025-06-12 14:05:02
C00002,327.43,virement,IT,2025-05-28 14:05:02
C00002,1668.96,versement,ES,2025-05-21 14:05:02
C00002,897.76,virement,IT,2025-06-17 14:05:02
C00652,1456.63,paiement,ES,2025-06-02 14:05:02
C00002,942.88,versement,IT,2025-06-15 14:05:02
C00001,416.36,versement,IT,2025-05-31 14:05:02
C00001,1554.65,paiement,DE,2025-06-01 14:05:02
C00001,1725.36,paiement,FR,2025-06-04 14:05:02
C00002,1237.37,paiement,FR,2025-06-15 14:05:02
C00002,1189.6,achat,ES,2025-05-22 14:05:02
C00774,492.38,achat,DE,2025-05-20 14:05:02
C00969,1807.19,paiement,FR,2025-06-13 14:05:02
C00002,967.68,achat,DE,2025-05-31 14:05:02
C00001,1015.21,virement,DE,2025-05-20 14:05:02
C00604,1403.14,achat,IT,2025-05-24 14:05:02
C00001,939.42,versement,DE,2025-05-26 14:05:02
C00001,252.38,achat,DE,2025-05-27 14:05:02
C00001,749.67,retrait,IT,2025-06-12 14:05:02
C00001,1237.62,paiement,FR,2025-05-27 14:05:02
C00001,1555.26,virement,FR,2025-06-17 14:05:02
C00002,1174.18,versement,IT,2025-06-15 14:05:02
C00002,938.55,paiement,DE,2025-05-30 14:05:02
C00001,1350.16,paiement,DE,2025-05-20 14:05:02
C00001,1262.15,paiement,ES,2025-05-19 14:05:02
C00002,1088.73,virement,IT,2025-05-31 14:05:02
C00305,797.34,achat,DE,2025-06-08 14:05:02
C00001,615.9,achat,FR,2025-05-26 14:05:02
C00001,1413.91,paiement,FR,2025-06-13 14:05:02
C00001,1954.02,versement,FR,2025-05-23 14:05:02
C00001,1289.56,achat,IT,2025-05-28 14:05:02
C00001,42.51,paiement,DE,2025-05-31 14:05:02
C00001,1300.05,achat,IT,2025-05-27 14:05:02
C00001,1672.75,virement,DE,2025-06-03 14:05:02
C00001,1795.28,retrait,DE,2025-05-25 14:05:02
C00913,44.86,versement,FR,2025-06-10 14:05:02
C00002,821.89,versement,IT,2025-06-16 14:05:02
C00002,1013.6,paiement,IT,2025-06-10 14:05:02
C00001,1491.02,versement,IT,2025-06-13 14:05:02
C00180,739.59,achat,FR,2025-06-16 14:05:02
C00001,1607.16,retrait,DE,2025-06-17 14:05:02
C00001,534.71,versement,FR,2025-05-19 14:05:02
C00002,492.38,paiement,FR,2025-06-04 14:05:02
C00002,94.24,versement,DE,2025-05-27 14:05:02
C00001,1634.23,paiement,FR,2025-05-26 14:05:02
C00002,374.81,retrait,FR,2025-06-01 14:05:02
C00002,88.49,virement,DE,2025-06-15 14:05:02
C00002,1642.54,achat,IT,2025-05-23 14:05:02
C00001,1328.61,versement,ES,2025-05-28 14:05:02
C00002,1288.1,retrait,IT,2025-06-11 14:05:02
C00002,677.26,paiement,DE,2025-06-03 14:05:02
C00022,381.53,paiement,FR,2025-06-01 14:05:02
C00002,190.98,achat,ES,2025-06-10 14:05:02
C00002,469.13,retrait,DE,2025-06-03 14:05:02
C00686,1600.28,versement,ES,2025-06-15 14:05:02
C00001,1596.45,achat,IT,2025-05-31 14:05:02
C00001,1743.6,versement,FR,2025-05-21 14:05:02
C00002,1017.31,versement,IT,2025-06-14 14:05:02
C00002,1126.22,retrait,IT,2025-05-19 14:05:02
C00002,485.49,versement,IT,2025-05-24 14:05:02
C00001,1763.13,versement,ES,2025-05-21 14:05:02
C00001,1664.6,achat,FR,2025-05-18 14:05:02
C00962,1511.9,versement,ES,2025-06-05 14:05:02
C00001,756.57,retrait,DE,2025-06-02 14:05:02
C00001,38.0,virement,ES,2025-06-14 14:05:02
C00001,450.22,virement,IT,2025-06-06 14:05:02
C00001,1619.41,versement,FR,2025-06-02 14:05:02
C00938,217.24,versement,ES,2025-05-24 14:05:02
C00001,809.17,achat,FR,2025-05-22 14:05:02
C00002,354.91,virement,ES,2025-05-28 14:05:02
C00967,1593.3,versement,ES,2025-06-08 14:05:02
C00001,1701.76,paiement,FR,2025-06-17 14:05:02
C00151,1870.47,retrait,FR,2025-06-08 14:05:02
C00002,221.11,paiement,FR,2025-06-10 14:05:02
C00002,505.57,paiement,DE,2025-05-30 14:05:02
C00002,1407.93,virement,IT,2025-06-12 14:05:02
C00001,1913.19,virement,ES,2025-05-18 14:05:02
C00002,1488.02,versement,DE,2025-05-26 14:05:02
C00673,1048.31,paiement,IT,2025-05-23 14:05:02
C00001,1785.13,paiement,DE,2025-05-29 14:05:02
C00001,325.95,versement,DE,2025-06-11 14:05:02
C00002,1545.12,versement,IT,2025-05-25 14:05:02
C00001,1970.42,versement,DE,2025-05-18 14:05:02
C00001,1373.13,retrait,ES,2025-05-30 14:05:02
C00002,22.89,virement,IT,2025-05-22 14:05:02
C00002,357.93,retrait,ES,2025-05-23 14:05:02
C00590,768.63,paiement,DE,2025-05-25 14:05:02
C00002,361.89,achat,DE,2025-05-20 14:05:02
C00823,1612.93,retrait,IT,2025-06-15 14:05:02
C00001,1037.38,retrait,DE,2025-05-27 14:05:02
C00001,618.57,retrait,FR,2025-06-16 14:05:02
C00002,1200.53,virement,ES,2025-05-18 14:05:02
C00002,1886.88,virement,IT,2025-06-03 14:05:02
C00001,1316.29,achat,IT,2025-05-27 14:05:02
C00002,520.72,achat,IT,2025-05-21 14:05:02
C00001,444.87,retrait,ES,2025-06-06 14:05:02
C00001,871.71,virement,FR,2025-06-12 14:05:02
C00002,749.99,virement,FR,2025-05-27 14:05:02
C00002,1674.38,paiement,FR,2025-05-26 14:05:02
C00001,935.44,achat,FR,2025-06-08 14:05:02
C00001,1741.85,versement,ES,2025-06-17 14:05:02
C00001,1967.55,virement,DE,2025-05-18 14:05:02
C00002,178.24,paiement,IT,2025-06-07 14:05:02
C00001,548.58,retrait,IT,2025-06-10 14:05:02
C00001,102.21,versement,FR,2025-06-07 14:05:02
C00001,1741.35,versement,DE,2025-05-21 14:05:02
C00001,1487.16,versement,FR,2025-05-23 14:05:02
C00002,1213.99,versement,ES,2025-05-30 14:05:02
C00001,127.26,virement,ES,2025-06-12 14:05:02
C00001,1103.66,achat,IT,2025-06-08 14:05:02
C00001,1984.24,versement,FR,2025-06-15 14:05:02
C00002,228.71,virement,FR,2025-05-21 14:05:02
C00035,1399.78,paiement,ES,2025-05-20 14:05:02
C00002,31.93,virement,ES,2025-06-17 14:05:02
C00001,624.23,paiement,IT,2025-06-12 14:05:02
C00001,1277.96,achat,IT,2025-05-30 14:05:02
C00556,1053.56,versement,FR,2025-05-26 14:05:02
C00002,1325.47,versement,ES,2025-05-19 14:05:02
C00001,802.64,virement,DE,2025-06-02 14:05:02
C00823,1573.49,retrait,DE,2025-05-25 14:05:02
C00001,1705.85,achat,ES,2025-05-21 14:05:02
C00001,1217.86,achat,ES,2025-06-06 14:05:02
C00001,1316.01,achat,FR,2025-06-04 14:05:02
C00002,687.09,achat,IT,2025-05-22 14:05:02
C00002,988.92,virement,IT,2025-06-02 14:05:02
C00002,1232.98,versement,DE,2025-06-03 14:05:02
C00001,843.47,virement,FR,2025-06-06 14:05:02
C00001,1207.06,paiement,DE,2025-06-07 14:05:02
C00236,1134.83,retrait,IT,2025-05-27 14:05:02
C00001,1878.94,achat,DE,2025-06-01 14:05:02
C00001,1581.07,achat,IT,2025-05-18 14:05:02
C00001,1699.49,achat,DE,2025-06-13 14:05:02
C00001,1591.96,versement,FR,2025-05-23 14:05:02
C00875,1542.72,achat,IT,2025-06-06 14:05:02
C00001,1966.07,versement,ES,2025-06-06 14:05:02
C00001,1977.02,versement,FR,2025-05-26 14:05:02
C00136,352.59,achat,FR,2025-06-09 14:05:02
C00001,1108.53,retrait,FR,2025-05-26 14:05:02
C00001,1468.32,virement,ES,2025-05-21 14:05:02
C00050,1528.69,versement,FR,2025-05-24 14:05:02
C00002,408.61,versement,FR,2025-05-30 14:05:02
C00001,854.49,versement,FR,2025-05-27 14:05:02
C00002,1943.22,retrait,FR,2025-06-13 14:05:02
C00001,1420.2,achat,IT,2025-06-09 14:05:02
C00002,628.77,paiement,DE,2025-06-02 14:05:02
C00002,999.23,retrait,DE,2025-06-07 14:05:02
C00001,673.39,paiement,FR,2025-06-08 14:05:02
C00742,1662.56,versement,IT,2025-06-02 14:05:02
C00002,1896.53,achat,DE,2025-05-31 14:05:02
C00001,401.63,paiement,DE,2025-06-09 14:05:02
C00002,1354.26,virement,IT,2025-05-21 14:05:02
C00002,1402.19,virement,ES,2025-05-29 14:05:02
C00507,209.37,paiement,IT,2025-05-21 14:05:02
C00001,1862.86,versement,IT,2025-05-30 14:05:02
C00001,1521.96,virement,IT,2025-06-11 14:05:02
C00001,119.49,versement,FR,2025-05-23 14:05:02
C00068,1217.48,retrait,ES,2025-05-26 14:05:02
C00452,1820.65,retrait,FR,2025-06-14 14:05:02
C00002,1015.71,virement,DE,2025-06-05 14:05:02
C00002,930.85,paiement,IT,2025-06-17 14:05:02
C00001,937.56,versement,ES,2025-05-30 14:05:02
C00171,914.81,versement,ES,2025-06-05 14:05:02
C00001,487.38,virement,ES,2025-05-24 14:05:02
C00989,1568.73,paiement,ES,2025-06-04 14:05:02
C00001,268.93,virement,ES,2025-06-09 14:05:02
C00001,1617.35,paiement,FR,2025-05-31 14:05:02
C00001,1558.57,versement,DE,2025-05-20 14:05:02
C00450,285.5,paiement,FR,2025-05-22 14:05:02
C00001,1649.31,paiement,ES,2025-05-27 14:05:02
C00001,836.72,achat,DE,2025-06-01 14:05:02
C00002,381.67,achat,DE,2025-06-13 14:05:02
C00001,137.16,achat,FR,2025-05-28 14:05:02
C00001,201.58,virement,ES,2025-05-21 14:05:02
C00001,1622.27,virement,ES,2025-05-18 14:05:02
C00381,856.31,paiement,FR,2025-05-23 14:05:02
C00002,1652.93,retrait,DE,2025-05-27 14:05:02
C00002,1194.08,versement,DE,2025-05-30 14:05:02
C00001,1178.36,paiement,DE,2025-06-15 14:05:02
C00722,886.74,paiement,FR,2025-06-12 14:05:02
C00002,1316.59,retrait,ES,2025-05-22 14:05:02
C00484,767.26,achat,FR,2025-06-01 14:05:02
C00052,191.4,achat,DE,2025-06-10 14:05:02
C00001,1101.04,achat,IT,2025-05-30 14:05:02
C00001,929.13,versement,DE,2025-06-01 14:05:02
C00001,1297.18,retrait,ES,2025-06-02 14:05:02
C00001,982.61,versement,FR,2025-05-29 14:05:02
C00001,1622.94,retrait,IT,2025-06-15 14:05:02
C00002,1287.88,achat,DE,2025-05-19 14:05:02
C00001,211.58,versement,IT,2025-05-18 14:05:02
C00002,981.08,virement,FR,2025-05-19 14:05:02
C00001,554.0,achat,FR,2025-06-03 14:05:02
C00820,1348.35,retrait,DE,2025-05-31 14:05:02
C00001,48.36,versement,ES,2025-05-25 14:05:02
C00002,520.14,virement,IT,2025-05-27 14:05:02
C00001,1692.3,versement,DE,2025-06-06 14:05:02
C00001,1046.81,retrait,ES,2025-06-12 14:05:02
C00002,499.86,versement,FR,2025-05-29 14:05:02
C00201,533.02,paiement,IT,2025-06-05 14:05:02
C00002,678.41,achat,ES,2025-05-21 14:05:02
C00001,1404.98,virement,FR,2025-06-11 14:05:02
C00002,977.64,achat,FR,2025-06-05 14:05:02
C00001,1710.58,achat,FR,2025-05-24 14:05:02
C00002,225.66,retrait,FR,2025-06-03 14:05:02
C00561,1138.57,versement,FR,2025-06-12 14:05:02
C00002,790.14,virement,FR,2025-06-08 14:05:02
C00001,378.01,retrait,IT,2025-05-25 14:05:02
C00886,487.17,retrait,DE,2025-06-03 14:05:02
C00002,226.49,versement,ES,2025-05-23 14:05:02
C00002,281.06,achat,IT,2025-06-13 14:05:02
C00002,1891.8,achat,DE,2025-05-23 14:05:02
C00792,1900.78,retrait,DE,2025-05-28 14:05:02
C00322,158.58,paiement,FR,2025-06-05 14:05:02
C00001,631.04,achat,FR,2025-06-16 14:05:02
C00001,1422.41,achat,FR,2025-05-27 14:05:02
C00002,991.1,paiement,ES,2025-06-02 14:05:02
C00001,529.66,retrait,ES,2025-05-19 14:05:02
C00001,1861.36,versement,ES,2025-06-06 14:05:02
C00001,972.6,achat,ES,2025-05-30 14:05:02
C00002,465.74,virement,FR,2025-06-09 14:05:02
C00001,1840.41,paiement,DE,2025-06-11 14:05:02
C00001,475.51,versement,DE,2025-06-09 14:05:02
C00002,662.94,versement,ES,2025-06-05 14:05:02
C00001,1846.23,paiement,ES,2025-05-23 14:05:02
C00178,1321.43,virement,IT,2025-05-27 14:05:02
C00001,786.62,versement,IT,2025-06-16 14:05:02
C00001,780.25,achat,DE,2025-05-29 14:05:02
C00002,1271.94,versement,DE,2025-06-15 14:05:02
C00001,340.7,retrait,ES,2025-05-29 14:05:02
C00001,624.14,retrait,IT,2025-06-08 14:05:02
C00001,494.05,achat,IT,2025-06-05 14:05:02
C00001,154.61,paiement,FR,2025-05-25 14:05:02
C00001,756.33,versement,FR,2025-05-18 14:05:02
C00001,90.94,versement,FR,2025-06-15 14:05:02
C00001,1365.77,achat,ES,2025-06-04 14:05:02
C00001,817.72,paiement,FR,2025-05-30 14:05:02
C00002,205.56,versement,ES,2025-05-21 14:05:02
C00778,600.85,achat,IT,2025-06-07 14:05:02
C00002,449.01,retrait,DE,2025-06-15 14:05:02
C00001,1619.67,versement,IT,2025-06-15 14:05:02
C00002,308.17,versement,FR,2025-05-21 14:05:02
C00001,1599.15,achat,IT,2025-05-26 14:05:02
C00002,503.84,retrait,DE,2025-05-20 14:05:02
C00002,422.61,virement,DE,2025-06-02 14:05:02
C00001,924.35,retrait,IT,2025-06-11 14:05:02
C00405,952.29,versement,IT,2025-05-28 14:05:02
C00002,1350.75,virement,ES,2025-06-12 14:05:02
C00002,710.55,paiement,ES,2025-05-30 14:05:02
C00001,323.3,retrait,ES,2025-06-08 14:05:02
C00001,147.46,achat,ES,2025-06-15 14:05:02
C00001,344.87,paiement,IT,2025-06-01 14:05:02
C00001,838.09,virement,IT,2025-06-04 14:05:02
C00001,866.62,virement,FR,2025-05-20 14:05:02
C00156,487.7,paiement,FR,2025-06-12 14:05:02
C00002,1310.07,achat,ES,2025-06-07 14:05:02
C00006,1591.43,versement,IT,2025-06-04 14:05:02
C00920,1683.3,paiement,IT,2025-06-13 14:05:02
C00001,727.57,paiement,IT,2025-06-05 14:05:02
C00002,1092.79,virement,ES,2025-06-06 14:05:02
C00001,964.04,versement,ES,2025-05-19 14:05:02
C00001,900.42,virement,DE,2025-05-28 14:05:02
C00001,676.19,retrait,FR,2025-05-24 14:05:02
C00001,1880.07,versement,FR,2025-06-01 14:05:02
C00002,1805.63,paiement,DE,2025-06-11 14:05:02
C00002,995.39,achat,ES,2025-05-24 14:05:02
C00001,629.27,virement,DE,2025-05-28 14:05:02
C00002,1695.08,paiement,DE,2025-06-08 14:05:02
C00361,1310.03,virement,FR,2025-05-25 14:05:02
C00579,611.45,virement,DE,2025-06-15 14:05:02
C00001,113.26,achat,IT,2025-06-06 14:05:02
C00001,1856.18,versement,DE,2025-06-12 14:05:02
C00002,792.22,paiement,ES,2025-05-24 14:05:02
C00001,387.46,virement,IT,2025-05-26 14:05:02
C00595,1031.51,achat,FR,2025-06-02 14:05:02
C00798,111.25,paiement,FR,2025-05-27 14:05:02
C00002,664.24,paiement,ES,2025-05-18 14:05:02
C00002,1609.56,versement,IT,2025-05-31 14:05:02
C00002,803.09,retrait,DE,2025-05-20 14:05:02
C00001,674.98,versement,ES,2025-06-01 14:05:02
C00001,328.75,paiement,ES,2025-05-23 14:05:02
C00001,447.21,versement,DE,2025-06-15 14:05:02
C00001,1076.5,achat,DE,2025-05-22 14:05:02
C00002,618.07,paiement,ES,2025-05-31 14:05:02
C00001,1207.35,paiement,DE,2025-06-10 14:05:02
C00026,188.4,achat,DE,2025-06-15 14:05:02
C00002,1759.36,paiement,FR,2025-06-02 14:05:02
C00002,1334.92,retrait,IT,2025-05-22 14:05:02
C00582,1736.88,versement,DE,2025-06-06 14:05:02
C00089,225.98,versement,DE,2025-06-05 14:05:02
C00242,1914.07,paiement,FR,2025-06-04 14:05:02
C00001,731.27,virement,DE,2025-05-21 14:05:02
C00002,360.24,retrait,ES,2025-05-22 14:05:02
C00001,999.85,retrait,ES,2025-06-10 14:05:02
C00157,262.02,virement,DE,2025-06-05 14:05:02
C00477,374.56,versement,ES,2025-05-27 14:05:02
C00001,1079.98,versement,IT,2025-06-15 14:05:02
C00001,119.44,achat,DE,2025-06-07 14:05:02
C00001,340.23,paiement,IT,2025-05-22 14:05:02
C00002,1108.32,virement,ES,2025-05-25 14:05:02
C00564,562.16,achat,DE,2025-05-22 14:05:02
C00001,1274.97,virement,DE,2025-05-30 14:05:02
C00002,240.69,achat,IT,2025-06-01 14:05:02
C00630,1039.32,retrait,FR,2025-05-27 14:05:02
C00001,196.83,paiement,IT,2025-06-16 14:05:02
C00001,696.04,virement,DE,2025-05-30 14:05:02
C00002,1766.75,retrait,IT,2025-06-05 14:05:02
C00001,1241.54,retrait,IT,2025-06-08 14:05:02
C00001,1391.72,versement,IT,2025-06-04 14:05:02
C00001,1229.03,paiement,ES,2025-05-21 14:05:02
C00001,444.37,retrait,IT,2025-05-27 14:05:02
C00577,1793.26,retrait,FR,2025-06-14 14:05:02
C00825,376.16,achat,DE,2025-06-01 14:05:02
C00002,842.18,achat,FR,2025-05-20 14:05:02
C00001,1261.06,virement,FR,2025-05-18 14:05:02
C00002,1849.85,achat,IT,2025-06-10 14:05:02
C00002,1979.14,virement,ES,2025-06-02 14:05:02
C00001,270.36,retrait,FR,2025-06-16 14:05:02
C00002,328.53,versement,FR,2025-05-23 14:05:02
C00002,1187.69,paiement,DE,2025-05-24 14:05:02
C00002,1321.75,paiement,IT,2025-05-18 14:05:02
C00001,579.03,retrait,FR,2025-06-15 14:05:02
C00001,406.98,retrait,DE,2025-05-22 14:05:02
C00002,487.25,achat,IT,2025-06-17 14:05:02
C00001,979.48,retrait,DE,2025-05-29 14:05:02
C00002,89.25,retrait,ES,2025-05-21 14:05:02
C00002,1968.47,virement,ES,2025-06-09 14:05:02
C00001,711.31,paiement,DE,2025-06-05 14:05:02
C00002,635.9,achat,DE,2025-06-07 14:05:02
C00330,1393.98,achat,DE,2025-06-10 14:05:02
C00001,1956.7,achat,IT,2025-05-29 14:05:02
C00002,1002.69,versement,IT,2025-05-26 14:05:02
C00001,120.19,versement,IT,2025-06-04 14:05:02
C00001,996.55,retrait,FR,2025-05-23 14:05:02
C00001,1726.8,versement,DE,2025-05-25 14:05:02
C00002,1730.9,retrait,FR,2025-05-18 14:05:02
C00001,1070.66,retrait,FR,2025-06-16 14:05:02
C00001,1834.97,retrait,FR,2025-06-10 14:05:02
C00001,1940.6,versement,DE,2025-06-04 14:05:02
C00001,216.37,achat,DE,2025-05-24 14:05:02
C00001,338.01,virement,FR,2025-06-13 14:05:02
C00001,1577.67,versement,DE,2025-05-28 14:05:02
C00822,665.96,retrait,IT,2025-06-02 14:05:02
C00850,684.51,versement,DE,2025-06-07 14:05:02
C00137,1745.68,achat,DE,2025-06-15 14:05:02
C00001,1574.91,paiement,ES,2025-05-26 14:05:02
C00001,557.65,virement,ES,2025-05-19 14:05:02
C00001,1620.16,retrait,FR,2025-06-04 14:05:02
C00001,871.09,versement,FR,2025-06-15 14:05:02
C00001,661.62,versement,IT,2025-06-11 14:05:02
C00420,799.21,achat,ES,2025-06-13 14:05:02
C00002,462.6,achat,DE,2025-06-08 14:05:02
C00586,1200.4,retrait,DE,2025-05-22 14:05:02
C00002,107.08,retrait,IT,2025-05-27 14:05:02
C00001,1567.26,versement,IT,2025-06-03 14:05:02
C00001,495.6,virement,DE,2025-06-07 14:05:02
C00001,1642.05,paiement,FR,2025-06-15 14:05:02
C00002,1389.46,virement,ES,2025-06-10 14:05:02
C00002,33.79,virement,DE,2025-05-26 14:05:02
C00001,1072.41,retrait,FR,2025-05-28 14:05:02
C00001,1850.88,retrait,ES,2025-06-10 14:05:02
C00001,1101.88,retrait,ES,2025-06-12 14:05:02
C00001,491.4,achat,DE,2025-05-20 14:05:02
C00002,574.96,retrait,IT,2025-05-27 14:05:02
C00002,1586.94,versement,FR,2025-05-31 14:05:02
C00002,1808.97,achat,IT,2025-05-25 14:05:02
C00353,1244.61,paiement,DE,2025-06-16 14:05:02
C00001,280.47,retrait,FR,2025-05-26 14:05:02
C00002,588.69,virement,IT,2025-06-12 14:05:02
C00002,1406.17,achat,IT,2025-05-19 14:05:02
C00001,1150.47,achat,DE,2025-06-06 14:05:02
C00001,965.87,paiement,DE,2025-06-15 14:05:02
C00001,697.57,paiement,FR,2025-06-05 14:05:02
C00002,963.98,paiement,ES,2025-05-18 14:05:02
C00671,74.59,paiement,ES,2025-06-12 14:05:02
C00001,676.6,paiement,ES,2025-05-23 14:05:02
C00001,579.53,virement,IT,2025-06-01 14:05:02
C00002,1255.2,achat,DE,2025-06-07 14:05:02
C00178,1493.9,virement,FR,2025-05-30 14:05:02
C00002,560.91,achat,ES,2025-05-31 14:05:02
C00001,45.87,versement,ES,2025-06-09 14:05:02
C00002,1727.25,retrait,ES,2025-05-21 14:05:02
C00001,1911.8,retrait,ES,2025-05-28 14:05:02
C00663,940.41,retrait,ES,2025-05-30 14:05:02
C00002,1268.0,achat,ES,2025-05-21 14:05:02
C00508,76.25,virement,IT,2025-05-27 14:05:02
C00001,1204.48,achat,IT,2025-06-04 14:05:02
C00001,909.75,virement,FR,2025-05-25 14:05:02
C00001,1121.98,achat,DE,2025-06-08 14:05:02
C00468,290.19,retrait,FR,2025-05-31 14:05:02
C00002,719.98,virement,FR,2025-06-07 14:05:02
C00001,1118.82,achat,ES,2025-05-25 14:05:02
C00001,1305.65,versement,FR,2025-05-26 14:05:02
C00692,407.88,achat,FR,2025-06-06 14:05:02
C00001,646.55,achat,IT,2025-06-14 14:05:02
C00001,1272.65,versement,DE,2025-05-24 14:05:02
C00002,612.84,paiement,FR,2025-05-27 14:05:02
C00001,1068.01,retrait,FR,2025-05-30 14:05:02
C00002,1041.42,retrait,IT,2025-05-21 14:05:02
C00001,1680.47,retrait,IT,2025-05-22 14:05:02
C00001,1006.95,virement,DE,2025-06-08 14:05:02
C00002,1832.1,versement,IT,2025-06-06 14:05:02
C00001,703.07,virement,ES,2025-05-23 14:05:02
C00001,87.34,retrait,DE,2025-05-25 14:05:02
C00002,1807.04,versement,DE,2025-05-31 14:05:02
C00002,1900.88,virement,FR,2025-06-06 14:05:02
C00755,21.81,paiement,IT,2025-06-14 14:05:02
C00125,1314.48,retrait,FR,2025-05-22 14:05:02
C00001,1909.21,virement,DE,2025-06-12 14:05:02
C00895,178.99,paiement,FR,2025-06-01 14:05:02
C00001,900.44,versement,ES,2025-05-21 14:05:02
C00001,1106.62,achat,FR,2025-05-21 14:05:02
C00001,1443.62,achat,DE,2025-06-11 14:05:02
C00001,328.56,versement,ES,2025-06-05 14:05:02
C00001,1731.23,versement,ES,2025-06-05 14:05:02
C00001,1540.4,achat,FR,2025-05-24 14:05:02
C00002,46.45,virement,IT,2025-05-25 14:05:02
C00001,1929.21,achat,FR,2025-06-16 14:05:02
C00001,782.14,achat,DE,2025-06-15 14:05:02
C00002,1069.58,versement,ES,2025-06-09 14:05:02
C00002,547.11,versement,DE,2025-05-20 14:05:02
C00001,166.94,achat,DE,2025-05-22 14:05:02
C00001,1100.99,versement,IT,2025-05-18 14:05:02
C00002,1524.11,achat,IT,2025-06-09 14:05:02
C00023,161.39,retrait,IT,2025-06-04 14:05:02
C00001,1932.45,retrait,IT,2025-06-11 14:05:02
C00106,222.34,paiement,DE,2025-05-22 14:05:02
C00001,12.27,versement,DE,2025-05-21 14:05:02
C00002,1503.06,retrait,ES,2025-06-06 14:05:02
C00002,1266.92,virement,ES,2025-05-24 14:05:02
C00002,1300.25,virement,IT,2025-05-20 14:05:02
C00001,317.64,paiement,FR,2025-06-10 14:05:02
C00002,78.74,retrait,DE,2025-06-14 14:05:02
C00001,523.37,retrait,IT,2025-05-27 14:05:02
C00074,1036.53,achat,DE,2025-05-18 14:05:02
C00001,1338.85,achat,DE,2025-05-21 14:05:02
C00323,33.8,paiement,FR,2025-06-16 14:05:02
C00439,863.54,paiement,FR,2025-05-26 14:05:02
C00002,1661.95,paiement,ES,2025-05-23 14:05:02
C00640,1476.28,retrait,IT,2025-05-21 14:05:02
C00001,1996.26,achat,FR,2025-06-01 14:05:02
C00002,126.18,versement,DE,2025-06-15 14:05:02
C00762,1616.94,retrait,ES,2025-05-21 14:05:02
C00001,964.27,retrait,ES,2025-06-09 14:05:02
C00002,1492.87,achat,FR,2025-06-03 14:05:02
C00760,1384.0,retrait,DE,2025-05-23 14:05:02
C00002,1422.93,virement,DE,2025-05-25 14:05:02
C00001,1586.66,versement,ES,2025-05-26 14:05:02
C00097,1829.02,retrait,ES,2025-06-17 14:05:02
C00001,1681.54,paiement,DE,2025-06-04 14:05:02
C00002,661.32,retrait,ES,2025-06-08 14:05:02
C00004,250.02,retrait,ES,2025-06-15 14:05:02
C00280,1287.96,retrait,FR,2025-05-29 14:05:02
C00001,897.29,achat,DE,2025-05-26 14:05:02
C00001,488.33,achat,FR,2025-06-01 14:05:02
C00001,664.93,virement,FR,2025-05-20 14:05:02
C00002,1619.14,virement,DE,2025-06-09 14:05:02
C00001,1695.07,paiement,DE,2025-05-26 14:05:02
C00001,793.88,retrait,DE,2025-05-25 14:05:02
C00001,1546.49,retrait,ES,2025-06-11 14:05:02
C00002,1454.08,paiement,IT,2025-05-25 14:05:02
C00002,1617.7,versement,ES,2025-06-02 14:05:02
C00001,1891.58,versement,DE,2025-05-21 14:05:02
C00002,198.35,paiement,IT,2025-06-16 14:05:02
C00001,341.11,versement,FR,2025-06-14 14:05:02
C00002,1365.01,versement,DE,2025-05-25 14:05:02
C00001,32.87,versement,ES,2025-06-01 14:05:02
C00002,1396.01,versement,ES,2025-06-05 14:05:02
C00500,1114.72,achat,FR,2025-06-02 14:05:02
C00001,288.13,paiement,ES,2025-05-31 14:05:02
C00002,1581.6,achat,FR,2025-06-10 14:05:02
C00001,723.3,virement,DE,2025-06-01 14:05:02
C00668,546.15,paiement,ES,2025-05-20 14:05:02
C00001,301.51,versement,IT,2025-06-17 14:05:02
C00506,1676.67,achat,FR,2025-06-14 14:05:02
C00171,631.74,virement,ES,2025-06-07 14:05:02
C00002,83.25,paiement,FR,2025-06-11 14:05:02
C00002,548.79,versement,FR,2025-05-20 14:05:02
C00275,65.89,paiement,DE,2025-06-09 14:05:02
C00001,284.03,achat,IT,2025-06-07 14:05:02
C00174,446.12,paiement,FR,2025-06-15 14:05:02
C00231,1998.5,achat,ES,2025-06-02 14:05:02
C00001,574.5,retrait,DE,2025-06-07 14:05:02
C00001,1242.58,paiement,ES,2025-05-19 14:05:02
C00001,1819.91,retrait,FR,2025-05-29 14:05:02
C00002,1199.18,achat,IT,2025-05-21 14:05:02
C00898,1467.48,retrait,IT,2025-05-26 14:05:02
C00001,1410.07,retrait,ES,2025-05-26 14:05:02
C00147,518.21,paiement,DE,2025-06-13 14:05:02
C00001,1960.96,paiement,ES,2025-06-04 14:05:02
C00002,363.87,paiement,FR,2025-06-08 14:05:02
C00001,1619.37,virement,ES,2025-05-31 14:05:02
C00002,1879.74,paiement,IT,2025-06-12 14:05:02
C00001,469.2,achat,DE,2025-06-14 14:05:02
C00002,248.97,virement,DE,2025-06-03 14:05:02
C00001,353.35,retrait,FR,2025-06-14 14:05:02
C00002,919.25,retrait,FR,2025-06-08 14:05:02
C00001,341.82,paiement,ES,2025-05-19 14:05:02
C00770,1091.5,virement,IT,2025-05-20 14:05:02
C00155,477.69,achat,IT,2025-05-19 14:05:02
C00001,357.78,retrait,IT,2025-05-22 14:05:02
C00001,1808.38,retrait,IT,2025-05-19 14:05:02
C00932,600.42,paiement,IT,2025-06-17 14:05:02
C00001,1492.9,achat,DE,2025-06-15 14:05:02
C00530,929.8,paiement,IT,2025-06-01 14:05:02
C00002,318.18,virement,ES,2025-06-10 14:05:02
C00001,1448.65,versement,FR,2025-05-26 14:05:02
C00002,1471.2,versement,IT,2025-05-23 14:05:02
C00001,862.54,paiement,IT,2025-05-23 14:05:02
C00002,948.07,achat,ES,2025-06-17 14:05:02
C00002,1007.78,retrait,IT,2025-05-28 14:05:02
C00002,1451.86,versement,IT,2025-05-27 14:05:02
C00002,1847.03,achat,FR,2025-06-10 14:05:02
C00002,88.45,achat,DE,2025-05-20 14:05:02
C00001,1105.94,virement,IT,2025-06-07 14:05:02
C00002,431.31,achat,IT,2025-06-10 14:05:02
C00250,1371.77,versement,IT,2025-05-18 14:05:02
C00002,1583.1,achat,IT,2025-06-17 14:05:02
C00026,1767.79,paiement,IT,2025-06-07 14:05:02
C00940,553.54,paiement,IT,2025-05-18 14:05:02
C00001,457.16,paiement,IT,2025-05-19 14:05:02
C00251,1685.22,versement,FR,2025-05-21 14:05:02
C00318,1857.68,paiement,FR,2025-06-08 14:05:02
C00429,842.61,retrait,ES,2025-06-17 14:05:02
C00002,1947.41,versement,FR,2025-06-09 14:05:02
C00001,21.07,retrait,IT,2025-06-04 14:05:02
C00001,1677.3,achat,ES,2025-05-30 14:05:02
C00001,583.56,paiement,DE,2025-05-30 14:05:02
C00507,1248.58,retrait,DE,2025-05-24 14:05:02
C00001,206.94,achat,FR,2025-06-08 14:05:02
C00001,1340.68,achat,IT,2025-06-03 14:05:02
C00002,1044.49,retrait,DE,2025-05-21 14:05:02
C00583,871.77,paiement,DE,2025-06-06 14:05:02
C00001,1855.4,achat,ES,2025-06-04 14:05:02
C00001,993.83,virement,DE,2025-06-13 14:05:02
C00001,1019.0,retrait,FR,2025-05-24 14:05:02
C00002,1157.36,versement,ES,2025-06-17 14:05:02
C00001,1774.19,retrait,FR,2025-06-12 14:05:02
C00001,1231.77,retrait,DE,2025-06-02 14:05:02
C00001,1660.06,versement,FR,2025-05-28 14:05:02
C00367,1340.57,retrait,IT,2025-05-21 14:05:02
C00001,1189.43,retrait,FR,2025-06-16 14:05:02
C00001,850.64,versement,FR,2025-06-10 14:05:02
C00001,881.15,achat,ES,2025-05-26 14:05:02
C00806,160.2,achat,IT,2025-05-24 14:05:02
C00674,1618.9,paiement,DE,2025-06-11 14:05:02
C00001,195.93,achat,DE,2025-05-24 14:05:02
C00002,890.1,retrait,ES,2025-05-30 14:05:02
C00439,1691.78,virement,DE,2025-06-04 14:05:02
C00002,1004.49,achat,ES,2025-06-02 14:05:02
C00001,681.74,achat,DE,2025-05-20 14:05:02
C00001,1740.78,retrait,ES,2025-05-18 14:05:02
C00001,1486.29,virement,FR,2025-05-18 14:05:02
C00001,723.0,achat,IT,2025-06-05 14:05:02
C00002,1751.46,paiement,DE,2025-06-08 14:05:02
C00001,1815.68,paiement,DE,2025-06-06 14:05:02
C00914,592.4,virement,IT,2025-05-25 14:05:02
C00437,909.18,achat,FR,2025-06-16 14:05:02
C00001,745.98,retrait,ES,2025-06-02 14:05:02
C00001,479.68,virement,FR,2025-06-02 14:05:02
C00002,1637.38,paiement,FR,2025-06-04 14:05:02
C00423,1603.75,achat,ES,2025-05-22 14:05:02
C00002,1969.84,versement,ES,2025-06-17 14:05:02
C00586,1884.23,achat,ES,2025-06-12 14:05:02
C00001,799.29,versement,ES,2025-06-08 14:05:02
C00231,1249.26,versement,IT,2025-06-10 14:05:02
C00002,993.16,paiement,IT,2025-05-18 14:05:02
C00731,31.56,achat,DE,2025-05-28 14:05:02
C00689,201.96,virement,DE,2025-06-16 14:05:02
C00593,1927.23,virement,ES,2025-06-15 14:05:02
C00001,67.8,achat,ES,2025-06-12 14:05:02
C00001,983.3,achat,IT,2025-06-15 14:05:02
C00001,1032.8,achat,IT,2025-05-19 14:05:02
C00001,1091.8,achat,IT,2025-06-12 14:05:02
C00001,779.75,virement,DE,2025-05-21 14:05:02
C00002,620.37,virement,FR,2025-05-18 14:05:02
C00001,1822.47,versement,FR,2025-05-31 14:05:02
C00002,1573.72,paiement,ES,2025-05-30 14:05:02
C00222,1730.21,retrait,FR,2025-06-14 14:05:02
C00002,1378.57,virement,ES,2025-06-03 14:05:02
C00002,1866.31,versement,FR,2025-06-14 14:05:02
C00001,1046.37,versement,DE,2025-05-24 14:05:02
C00368,219.33,paiement,FR,2025-05-27 14:05:02
C00002,773.12,achat,DE,2025-06-01 14:05:02
C00001,584.64,achat,DE,2025-06-09 14:05:02
C00001,962.35,retrait,IT,2025-06-12 14:05:02
C00002,1202.28,retrait,DE,2025-05-26 14:05:02
C00001,1107.34,versement,DE,2025-06-11 14:05:02
C00002,1486.45,virement,FR,2025-05-27 14:05:02
C00902,1591.85,virement,FR,2025-06-06 14:05:02
C00002,57.76,retrait,IT,2025-06-11 14:05:02
C00840,1756.41,virement,ES,2025-05-25 14:05:02
C00001,1594.99,versement,IT,2025-06-12 14:05:02
C00001,193.35,retrait,DE,2025-06-09 14:05:02
C00002,1171.81,retrait,IT,2025-06-15 14:05:02
C00001,960.68,virement,ES,2025-05-29 14:05:02
C00002,1189.81,paiement,ES,2025-05-31 14:05:02
C00001,931.5,achat,ES,2025-06-10 14:05:02
C00002,254.18,retrait,FR,2025-06-12 14:05:02
C00650,1083.53,paiement,IT,2025-05-20 14:05:02
C00001,1018.03,paiement,ES,2025-05-21 14:05:02
C00002,1037.51,paiement,IT,2025-05-18 14:05:02
C00002,1235.08,achat,IT,2025-06-12 14:05:02
C00001,1967.12,paiement,DE,2025-05-18 14:05:02
C00002,1528.85,retrait,FR,2025-06-05 14:05:02
C00297,1849.12,versement,FR,2025-05-25 14:05:02
C00001,1703.64,paiement,FR,2025-06-10 14:05:02
C00002,1235.35,retrait,FR,2025-05-19 14:05:02
C00002,1725.3,paiement,ES,2025-05-25 14:05:02
C00001,1559.64,virement,FR,2025-05-26 14:05:02
C00001,1641.29,retrait,DE,2025-06-11 14:05:02
C00002,1576.49,retrait,FR,2025-05-30 14:05:02
C00001,1519.83,achat,ES,2025-05-22 14:05:02
C00001,865.25,versement,IT,2025-06-01 14:05:02
C00001,290.31,versement,DE,2025-06-16 14:05:02
C00001,1271.56,paiement,FR,2025-05-20 14:05:02
C00002,180.7,paiement,DE,2025-05-20 14:05:02
C00365,1494.47,virement,IT,2025-06-06 14:05:02
C00002,1774.7,achat,FR,2025-05-27 14:05:02
C00001,1938.79,retrait,IT,2025-06-09 14:05:02
C00002,1201.84,retrait,FR,2025-05-30 14:05:02
C00001,1108.0,achat,ES,2025-06-16 14:05:02
C00002,1133.71,versement,DE,2025-05-18 14:05:02
C00775,1620.51,retrait,IT,2025-06-11 14:05:02
C00001,927.22,retrait,FR,2025-05-29 14:05:02
C00001,1142.62,achat,IT,2025-05-22 14:05:02
C00001,739.05,versement,DE,2025-05-31 14:05:02
C00650,1266.63,retrait,ES,2025-05-24 14:05:02
C00002,1626.39,virement,IT,2025-06-12 14:05:02
C00001,225.56,virement,DE,2025-05-18 14:05:02
C00001,1147.53,paiement,ES,2025-05-20 14:05:02
C00002,1850.65,paiement,IT,2025-06-07 14:05:02
C00201,197.98,achat,DE,2025-06-16 14:05:02
C00002,1365.1,retrait,IT,2025-06-15 14:05:02
C00002,1823.46,virement,DE,2025-06-07 14:05:02
C00002,297.21,retrait,ES,2025-05-29 14:05:02
C00223,380.01,retrait,FR,2025-05-25 14:05:02
C00748,165.19,paiement,IT,2025-06-09 14:05:02
C00001,1871.79,achat,DE,2025-05-22 14:05:02
C00001,166.96,virement,FR,2025-05-22 14:05:02
C00001,1826.24,paiement,IT,2025-06-01 14:05:02
C00002,947.28,retrait,ES,2025-06-08 14:05:02
C00001,616.15,virement,DE,2025-06-14 14:05:02
C00001,1010.72,virement,ES,2025-06-07 14:05:02
C00661,1036.15,achat,IT,2025-05-21 14:05:02
C00002,579.78,achat,ES,2025-05-25 14:05:02
C00001,222.21,achat,IT,2025-06-16 14:05:02
C00002,1754.41,versement,IT,2025-06-02 14:05:02
C00001,833.66,versement,ES,2025-05-24 14:05:02
C00002,1443.48,paiement,ES,2025-05-30 14:05:02
C00102,1068.8,achat,FR,2025-06-07 14:05:02
C00002,512.82,virement,FR,2025-06-11 14:05:02
C00774,1330.34,versement,ES,2025-06-08 14:05:02
C00001,1531.64,retrait,DE,2025-05-31 14:05:02
C00082,708.72,virement,FR,2025-05-30 14:05:02
C00001,251.78,versement,DE,2025-06-15 14:05:02
C00001,553.09,retrait,IT,2025-05-24 14:05:02
C00205,402.69,virement,IT,2025-06-08 14:05:02
C00002,46.82,paiement,DE,2025-06-02 14:05:02
C00002,911.47,achat,FR,2025-06-14 14:05:02
C00683,1843.13,achat,ES,2025-05-30 14:05:02
C00002,1271.76,retrait,FR,2025-06-01 14:05:02
C00411,1570.38,achat,ES,2025-05-18 14:05:02
C00002,1609.72,paiement,IT,2025-05-30 14:05:02
C00001,1519.65,virement,ES,2025-05-21 14:05:02
C00002,1395.91,retrait,DE,2025-06-08 14:05:02
C00001,293.46,virement,DE,2025-05-23 14:05:02
C00002,1468.2,achat,DE,2025-06-05 14:05:02
C00002,648.45,versement,FR,2025-05-31 14:05:02
C00001,434.62,paiement,ES,2025-06-15 14:05:02
C00001,25.65,retrait,IT,2025-05-31 14:05:02
C00001,587.47,versement,ES,2025-06-05 14:05:02
C00001,331.16,virement,FR,2025-06-13 14:05:02
C00001,1618.38,versement,ES,2025-06-16 14:05:02
C00001,120.85,versement,ES,2025-05-24 14:05:02
C00001,624.15,retrait,IT,2025-05-29 14:05:02
C00002,804.63,paiement,IT,2025-05-21 14:05:02
C00001,522.35,retrait,FR,2025-05-27 14:05:02
C00001,35.61,achat,FR,2025-05-23 14:05:02
C00002,1346.86,versement,IT,2025-05-28 14:05:02
C00001,1737.3,paiement,ES,2025-06-15 14:05:02
C00396,593.35,retrait,FR,2025-05-19 14:05:02
C00002,407.72,virement,DE,2025-06-08 14:05:02
C00001,610.86,virement,IT,2025-06-17 14:05:02
C00355,815.79,achat,FR,2025-06-14 14:05:02
C00029,722.14,retrait,IT,2025-06-06 14:05:02
C00002,1571.3,achat,ES,2025-05-27 14:05:02
C00002,34.24,retrait,FR,2025-06-14 14:05:02
C00002,1059.9,achat,ES,2025-06-12 14:05:02
C00001,712.24,retrait,IT,2025-05-27 14:05:02
C00001,1165.12,paiement,ES,2025-06-01 14:05:02
C00001,836.74,virement,DE,2025-05-22 14:05:02
C00002,215.31,achat,DE,2025-05-27 14:05:02
C00002,1338.97,retrait,IT,2025-05-22 14:05:02
C00002,1838.72,versement,IT,2025-06-17 14:05:02
C00001,237.89,retrait,DE,2025-05-29 14:05:02
C00001,912.93,retrait,IT,2025-06-14 14:05:02
C00002,1150.82,versement,FR,2025-06-15 14:05:02
C00001,634.32,paiement,IT,2025-05-30 14:05:02
C00270,1827.83,paiement,FR,2025-06-04 14:05:02
C00001,1487.43,virement,DE,2025-05-19 14:05:02
C00001,959.5,retrait,ES,2025-06-09 14:05:02
C00001,765.82,paiement,DE,2025-06-06 14:05:02
C00001,292.68,achat,IT,2025-05-27 14:05:02
C00001,972.26,retrait,ES,2025-06-17 14:05:02
C00001,348.84,versement,IT,2025-05-26 14:05:02
C00001,567.04,achat,ES,2025-05-31 14:05:02
C00001,677.13,retrait,DE,2025-05-22 14:05:02
C00002,437.55,versement,DE,2025-06-07 14:05:02
C00002,1637.71,virement,ES,2025-06-17 14:05:02
C00940,925.96,paiement,FR,2025-06-17 14:05:02
C00001,1867.35,achat,ES,2025-05-22 14:05:02
C00002,1385.74,retrait,FR,2025-05-18 14:05:02
C00001,902.41,paiement,ES,2025-06-02 14:05:02
C00001,1449.11,versement,ES,2025-06-17 14:05:02
C00001,1505.67,retrait,DE,2025-06-02 14:05:02
C00891,682.81,retrait,IT,2025-06-03 14:05:02
C00001,973.47,achat,IT,2025-05-19 14:05:02
C00001,1366.12,virement,FR,2025-06-14 14:05:02
C00001,1819.78,retrait,DE,2025-05-31 14:05:02
C00467,605.88,achat,ES,2025-06-16 14:05:02
C00001,1251.95,paiement,IT,2025-06-13 14:05:02
C00001,903.63,paiement,ES,2025-06-16 14:05:02
C00001,1065.86,achat,DE,2025-06-12 14:05:02
C00001,1080.6,versement,FR,2025-05-19 14:05:02
C00002,599.25,achat,DE,2025-05-30 14:05:02
C00001,429.08,versement,ES,2025-05-22 14:05:02
C00002,767.97,achat,DE,2025-05-22 14:05:02
C00001,1613.48,paiement,DE,2025-06-07 14:05:02
C00001,1047.78,retrait,IT,2025-06-12 14:05:02
C00455,1304.15,virement,FR,2025-05-28 14:05:02
C00001,1963.86,virement,IT,2025-06-06 14:05:02
C00001,1983.26,virement,IT,2025-05-20 14:05:02
C00002,955.15,achat,ES,2025-05-20 14:05:02
C00001,531.93,paiement,ES,2025-06-08 14:05:02
C00001,27.73,achat,IT,2025-05-27 14:05:02
C00001,100.82,achat,IT,2025-05-20 14:05:02
C00002,373.41,versement,ES,2025-06-13 14:05:02
C00002,1200.07,paiement,DE,2025-06-03 14:05:02
C00002,668.22,paiement,FR,2025-06-10 14:05:02
C00001,247.16,versement,DE,2025-05-25 14:05:02
C00002,144.36,retrait,FR,2025-05-27 14:05:02
C00002,701.66,retrait,ES,2025-06-06 14:05:02
C00001,55.81,virement,ES,2025-06-12 14:05:02
C00285,287.14,virement,FR,2025-05-26 14:05:02
C00002,1656.29,retrait,ES,2025-05-22 14:05:02
C00264,1096.87,paiement,FR,2025-06-16 14:05:02
C00127,349.83,achat,FR,2025-05-28 14:05:02
C00002,1229.25,virement,ES,2025-06-16 14:05:02
C00001,1855.44,paiement,FR,2025-05-22 14:05:02
C00002,1057.47,achat,ES,2025-05-30 14:05:02
C00002,1182.51,virement,FR,2025-06-14 14:05:02
C00001,495.56,paiement,ES,2025-06-11 14:05:02
C00002,1323.21,virement,FR,2025-06-11 14:05:02
C00001,493.83,retrait,DE,2025-05-23 14:05:02
C00001,677.67,retrait,IT,2025-06-13 14:05:02
C00001,71.43,virement,ES,2025-05-23 14:05:02
C00002,763.62,versement,FR,2025-05-26 14:05:02
C00001,1713.37,versement,FR,2025-06-03 14:05:02
C00001,1274.87,retrait,DE,2025-06-05 14:05:02
C00001,62.57,versement,DE,2025-06-14 14:05:02
C00002,224.08,virement,IT,2025-06-16 14:05:02
C00001,1442.06,versement,ES,2025-06-12 14:05:02
C00001,1158.98,retrait,ES,2025-05-30 14:05:02
C00002,785.28,virement,ES,2025-06-04 14:05:02
C00002,29.69,virement,FR,2025-05-24 14:05:02
C00001,1378.7,retrait,FR,2025-06-03 14:05:02
C00001,875.43,retrait,ES,2025-06-02 14:05:02
C00001,1360.27,virement,ES,2025-05-19 14:05:02
C00002,482.63,virement,FR,2025-06-17 14:05:02
C00699,1043.03,retrait,FR,2025-05-21 14:05:02
C00002,966.22,paiement,FR,2025-05-22 14:05:02
C00001,1166.38,virement,ES,2025-05-29 14:05:02
C00456,216.98,retrait,DE,2025-06-12 14:05:02
C00001,554.59,achat,IT,2025-06-08 14:05:02
C00001,1201.46,virement,IT,2025-05-29 14:05:02
C00001,1651.25,versement,IT,2025-06-13 14:05:02
C00002,1634.81,versement,IT,2025-05-29 14:05:02
C00001,1770.72,virement,FR,2025-05-18 14:05:02
C00001,342.4,virement,DE,2025-06-11 14:05:02
C00001,891.72,versement,FR,2025-06-16 14:05:02
C00001,1855.88,versement,DE,2025-06-05 14:05:02
C00001,1316.81,paiement,IT,2025-05-24 14:05:02
C00001,1470.58,virement,IT,2025-05-23 14:05:02
C00284,1268.04,versement,ES,2025-06-01 14:05:02
C00085,708.42,achat,IT,2025-06-09 14:05:02
C00001,1814.02,versement,IT,2025-06-01 14:05:02
C00002,1986.12,achat,ES,2025-06-11 14:05:02
C00001,1222.83,virement,FR,2025-05-20 14:05:02
C00002,1665.61,achat,ES,2025-06-08 14:05:02
C00001,1381.74,achat,IT,2025-05-29 14:05:02
C00001,99.9,achat,DE,2025-05-23 14:05:02
C00001,1500.4,achat,FR,2025-06-14 14:05:02
C00001,466.24,versement,DE,2025-06-14 14:05:02
C00001,203.85,achat,IT,2025-05-22 14:05:02
C00002,1336.42,achat,DE,2025-06-13 14:05:02
C00001,264.73,virement,FR,2025-05-24 14:05:02
C00002,856.26,virement,FR,2025-06-11 14:05:02
C00002,1266.54,versement,DE,2025-05-20 14:05:02
C00001,1996.86,virement,ES,2025-06-12 14:05:02
C00001,400.49,retrait,FR,2025-06-08 14:05:02
C00001,1660.07,paiement,IT,2025-06-03 14:05:02
C00001,274.18,achat,DE,2025-06-14 14:05:02
C00001,806.29,virement,IT,2025-06-07 14:05:02
C00002,1179.12,retrait,IT,2025-06-02 14:05:02
C00002,1676.62,retrait,IT,2025-06-03 14:05:02
C00002,1312.13,retrait,ES,2025-06-05 14:05:02
C00001,501.18,retrait,FR,2025-06-05 14:05:02
C00001,1986.91,versement,IT,2025-06-08 14:05:02
C00002,1117.5,achat,DE,2025-05-27 14:05:02
C00001,1705.64,versement,FR,2025-06-16 14:05:02
C00001,1270.77,retrait,IT,2025-06-01 14:05:02
C00001,1241.01,versement,DE,2025-06-07 14:05:02
C00001,1029.28,achat,DE,2025-05-19 14:05:02
C00001,1512.67,versement,ES,2025-05-22 14:05:02
C00001,1674.46,retrait,DE,2025-06-17 14:05:02
C00002,783.3,achat,ES,2025-06-05 14:05:02
C00002,142.35,versement,DE,2025-06-11 14:05:02
C00002,1651.37,achat,DE,2025-06-17 14:05:02
C00001,1479.64,retrait,ES,2025-06-08 14:05:02
C00001,1787.7,paiement,FR,2025-05-18 14:05:02
C00002,116.86,retrait,ES,2025-05-24 14:05:02
C00001,475.91,versement,ES,2025-05-26 14:05:02
C00001,511.55,versement,IT,2025-05-26 14:05:02
C00002,470.7,versement,DE,2025-06-03 14:05:02
C00002,508.76,virement,IT,2025-06-07 14:05:02
C00002,1867.55,virement,DE,2025-06-03 14:05:02
C00001,1286.8,achat,DE,2025-06-06 14:05:02
C00002,1183.1,virement,IT,2025-06-07 14:05:02
C00001,401.15,versement,IT,2025-06-17 14:05:02
C00002,1146.3,versement,DE,2025-05-28 14:05:02
C00002,70.79,versement,FR,2025-05-24 14:05:02
C00002,183.04,virement,IT,2025-06-02 14:05:02
C00001,1877.34,paiement,FR,2025-06-02 14:05:02
C00002,1717.09,achat,ES,2025-06-12 14:05:02
C00002,1390.19,retrait,IT,2025-06-09 14:05:02
C00523,706.02,retrait,DE,2025-06-02 14:05:02
C00002,608.83,paiement,DE,2025-05-25 14:05:02
C00002,454.66,retrait,FR,2025-06-13 14:05:02
C00001,258.31,retrait,ES,2025-06-10 14:05:02
C00729,1086.63,virement,ES,2025-06-12 14:05:02
C00001,1433.04,virement,IT,2025-05-27 14:05:02
C00002,1125.84,paiement,FR,2025-05-25 14:05:02
C00002,73.08,versement,DE,2025-05-21 14:05:02
C00002,55.5,versement,FR,2025-06-13 14:05:02
C00001,744.93,achat,IT,2025-05-30 14:05:02
C00002,1278.01,virement,IT,2025-06-12 14:05:02
C00001,18.4,achat,DE,2025-06-11 14:05:02
C00002,1697.23,versement,DE,2025-06-03 14:05:02
C00001,1185.36,retrait,DE,2025-05-27 14:05:02
C00001,1272.57,achat,ES,2025-05-30 14:05:02
C00872,1022.52,achat,FR,2025-06-08 14:05:02
C00001,1660.28,achat,IT,2025-05-28 14:05:02
C00002,1108.18,paiement,ES,2025-06-09 14:05:02
C00933,654.98,paiement,FR,2025-06-16 14:05:02
C00001,133.12,achat,IT,2025-06-11 14:05:02
C00001,390.87,versement,DE,2025-06-14 14:05:02
C00001,238.82,retrait,ES,2025-05-23 14:05:02
C00001,1563.87,virement,IT,2025-05-22 14:05:02
C00002,1367.19,paiement,IT,2025-05-31 14:05:02
C00001,764.14,achat,FR,2025-06-14 14:05:02
C00001,108.29,paiement,FR,2025-05-24 14:05:02
C00001,1972.42,paiement,IT,2025-06-06 14:05:02
C00017,1572.99,versement,ES,2025-06-15 14:05:02
C00002,1112.57,paiement,ES,2025-06-16 14:05:02
C00170,1863.29,virement,ES,2025-06-05 14:05:02
C00045,1610.87,achat,FR,2025-05-31 14:05:02
C00002,382.94,virement,FR,2025-05-26 14:05:02
C00001,1564.78,achat,FR,2025-05-18 14:05:02
C00002,711.65,versement,ES,2025-05-29 14:05:02
C00002,1273.67,achat,DE,2025-06-09 14:05:02
C00001,1811.82,paiement,IT,2025-05-29 14:05:02
C00001,1011.3,virement,FR,2025-05-29 14:05:02
C00002,1687.82,virement,DE,2025-06-07 14:05:02
C00530,1430.49,paiement,ES,2025-06-03 14:05:02
C00001,988.84,achat,DE,2025-05-29 14:05:02
C00360,592.66,versement,IT,2025-06-11 14:05:02
C00633,1998.51,paiement,IT,2025-06-14 14:05:02
C00001,1239.41,paiement,IT,2025-06-08 14:05:02
C00001,1888.63,virement,ES,2025-05-28 14:05:02
C00002,310.01,paiement,FR,2025-05-31 14:05:02
C00002,436.4,virement,DE,2025-05-28 14:05:02
C00002,1693.88,versement,IT,2025-05-25 14:05:02
C00002,1680.74,retrait,IT,2025-06-09 14:05:02
C00001,1805.26,versement,DE,2025-05-22 14:05:02
C00384,1507.24,paiement,FR,2025-05-27 14:05:02
C00001,605.55,achat,IT,2025-05-21 14:05:02
C00002,132.81,paiement,IT,2025-06-05 14:05:02
C00002,1292.99,paiement,DE,2025-06-06 14:05:02
C00002,1724.63,retrait,FR,2025-05-26 14:05:02
C00002,121.84,retrait,DE,2025-05-21 14:05:02
C00001,1431.96,virement,ES,2025-05-25 14:05:02
C00002,1331.27,achat,DE,2025-05-25 14:05:02
C00001,1086.83,retrait,IT,2025-05-20 14:05:02
C00002,1586.16,versement,DE,2025-06-04 14:05:02
C00001,1055.47,paiement,IT,2025-05-31 14:05:02
C00395,248.28,retrait,ES,2025-06-14 14:05:02
C00002,760.16,achat,IT,2025-05-27 14:05:02
C00001,1731.07,achat,FR,2025-06-10 14:05:02
C00002,303.92,versement,DE,2025-05-25 14:05:02
C00001,993.43,versement,FR,2025-06-05 14:05:02
C00002,442.83,paiement,ES,2025-05-30 14:05:02
C00002,20.43,paiement,IT,2025-05-22 14:05:02
C00001,147.27,versement,IT,2025-06-13 14:05:02
C00001,1851.44,achat,IT,2025-06-09 14:05:02
C00002,1159.82,achat,ES,2025-05-23 14:05:02
C00002,692.46,virement,DE,2025-06-05 14:05:02
C00270,1547.45,paiement,IT,2025-06-10 14:05:02
C00001,1569.61,retrait,ES,2025-05-31 14:05:02
C00922,1282.45,retrait,IT,2025-05-21 14:05:02
C00001,596.84,achat,IT,2025-06-03 14:05:02
C00001,149.08,versement,IT,2025-05-20 14:05:02
C00870,102.1,versement,ES,2025-06-02 14:05:02
C00002,479.51,retrait,ES,2025-05-25 14:05:02
C00001,1840.94,paiement,DE,2025-06-10 14:05:02
C00763,361.65,paiement,FR,2025-05-28 14:05:02
C00001,1656.77,achat,IT,2025-06-09 14:05:02
C00001,1261.69,paiement,FR,2025-05-18 14:05:02
C00002,766.5,versement,FR,2025-06-12 14:05:02
C00510,538.35,versement,DE,2025-05-20 14:05:02
C00001,1267.83,paiement,IT,2025-06-15 14:05:02
C00463,1037.14,achat,FR,2025-06-08 14:05:02
C00001,245.96,achat,DE,2025-06-06 14:05:02
C00002,923.75,versement,IT,2025-06-11 14:05:02
C00002,123.94,versement,DE,2025-05-31 14:05:02
C00001,887.4,achat,DE,2025-06-07 14:05:02
C00002,932.21,retrait,FR,2025-06-06 14:05:02
C00001,945.12,achat,ES,2025-06-02 14:05:02
C00747,1912.09,achat,FR,2025-06-02 14:05:02
C00716,315.48,versement,ES,2025-05-27 14:05:02
C00002,883.17,paiement,DE,2025-05-26 14:05:02
C00002,105.06,versement,FR,2025-05-26 14:05:02
C00001,1053.98,achat,DE,2025-05-24 14:05:02
C00001,1674.41,virement,ES,2025-06-02 14:05:02
C00002,1906.12,retrait,IT,2025-06-08 14:05:02
C00001,1075.17,achat,DE,2025-05-28 14:05:02
C00002,510.01,retrait,ES,2025-06-08 14:05:02
C00001,852.03,versement,ES,2025-06-09 14:05:02
C00002,1344.05,retrait,IT,2025-06-12 14:05:02
C00001,58.85,retrait,DE,2025-05-26 14:05:02
C00002,649.94,virement,IT,2025-05-30 14:05:02
C00001,1536.81,virement,DE,2025-06-09 14:05:02
C00001,825.93,retrait,FR,2025-05-23 14:05:02
C00993,1027.85,achat,ES,2025-05-21 14:05:02
C00002,1742.15,virement,FR,2025-05-24 14:05:02
C00948,1445.34,achat,IT,2025-06-12 14:05:02
C00001,395.67,achat,ES,2025-05-31 14:05:02
C00001,1340.95,paiement,ES,2025-05-29 14:05:02
C00002,1639.2,achat,IT,2025-06-09 14:05:02
C00001,1730.68,paiement,ES,2025-05-30 14:05:02
C00001,1261.09,paiement,FR,2025-05-21 14:05:02
C00002,826.18,retrait,IT,2025-06-15 14:05:02
C00001,546.81,retrait,IT,2025-06-02 14:05:02
C00362,706.03,achat,ES,2025-05-21 14:05:02
C00001,371.52,versement,IT,2025-05-26 14:05:02
C00001,223.97,virement,DE,2025-06-06 14:05:02
C00435,1168.24,paiement,IT,2025-05-19 14:05:02
C00001,233.64,virement,IT,2025-06-14 14:05:02
C00002,1585.07,versement,DE,2025-06-13 14:05:02
C00001,1299.84,achat,FR,2025-06-05 14:05:02
C00002,17.73,virement,IT,2025-05-27 14:05:02
C00002,1577.79,versement,FR,2025-05-23 14:05:02
C00001,364.61,retrait,FR,2025-06-10 14:05:02
C00001,136.41,retrait,DE,2025-05-27 14:05:02
C00123,1179.33,achat,IT,2025-05-27 14:05:02
C00001,1592.4,achat,IT,2025-05-23 14:05:02
C00001,73.89,paiement,ES,2025-05-23 14:05:02
C00001,255.87,retrait,IT,2025-05-26 14:05:02
C00718,518.59,achat,ES,2025-05-21 14:05:02
C00002,801.36,paiement,DE,2025-05-19 14:05:02
C00097,362.68,paiement,FR,2025-06-15 14:05:02
C00165,1355.04,paiement,ES,2025-06-01 14:05:02
C00001,1347.75,virement,DE,2025-06-13 14:05:02
C00001,1213.19,versement,IT,2025-05-25 14:05:02
C00001,386.88,virement,FR,2025-05-18 14:05:02
C00002,1668.14,paiement,DE,2025-06-17 14:05:02
C00001,226.06,virement,ES,2025-05-28 14:05:02
C00444,262.85,achat,DE,2025-05-22 14:05:02
C00001,1822.82,retrait,ES,2025-05-24 14:05:02
C00001,773.79,virement,ES,2025-06-07 14:05:02
C00520,804.85,versement,FR,2025-06-03 14:05:02
C00001,547.4,virement,FR,2025-06-07 14:05:02
C00001,828.88,virement,ES,2025-06-03 14:05:02
C00002,1860.24,versement,FR,2025-05-30 14:05:02
C00002,1285.71,retrait,ES,2025-06-13 14:05:02
C00001,1905.84,paiement,FR,2025-05-31 14:05:02
C00001,1721.24,virement,DE,2025-05-21 14:05:02
C00001,1819.95,paiement,ES,2025-05-20 14:05:02
C00002,831.96,virement,DE,2025-05-20 14:05:02
C00001,618.95,achat,ES,2025-05-20 14:05:02
C00002,1775.41,paiement,FR,2025-05-28 14:05:02
C00002,1142.73,versement,ES,2025-06-01 14:05:02
C00001,1853.54,versement,DE,2025-06-13 14:05:02
C00002,1168.08,achat,FR,2025-06-12 14:05:02
C00001,917.41,versement,ES,2025-05-21 14:05:02
C00002,360.76,retrait,FR,2025-06-16 14:05:02
C00002,1435.8,retrait,DE,2025-05-30 14:05:02
C00002,803.09,virement,IT,2025-06-10 14:05:02
C00001,118.88,versement,ES,2025-05-23 14:05:02
C00002,1983.29,achat,FR,2025-05-27 14:05:02
C00002,419.25,virement,IT,2025-06-01 14:05:02
C00950,999.37,retrait,IT,2025-06-13 14:05:02
C00001,1280.69,paiement,ES,2025-05-20 14:05:02
C00002,1204.03,achat,DE,2025-06-04 14:05:02
C00002,366.22,virement,DE,2025-05-19 14:05:02
C00001,1433.21,paiement,DE,2025-05-26 14:05:02
C00002,224.38,retrait,ES,2025-05-21 14:05:02
C00001,1326.69,retrait,DE,2025-05-19 14:05:02
C00001,968.74,achat,FR,2025-05-24 14:05:02
C00002,675.87,versement,IT,2025-06-16 14:05:02
C00001,613.05,versement,DE,2025-06-13 14:05:02
C00002,1695.22,retrait,DE,2025-05-29 14:05:02
C00674,1824.51,achat,FR,2025-05-31 14:05:02
C00001,288.99,retrait,IT,2025-06-15 14:05:02
C00002,148.35,retrait,DE,2025-06-13 14:05:02
C00002,1104.66,virement,ES,2025-05-25 14:05:02
C00002,275.4,paiement,ES,2025-06-09 14:05:02
C00329,1688.71,virement,ES,2025-06-09 14:05:02
C00001,1053.54,paiement,ES,2025-05-27 14:05:02
C00002,484.71,versement,IT,2025-05-21 14:05:02
C00001,1604.21,versement,FR,2025-06-09 14:05:02
C00001,1728.12,achat,ES,2025-06-07 14:05:02
C00072,960.76,retrait,FR,2025-06-11 14:05:02
C00001,1530.04,virement,ES,2025-06-17 14:05:02
C00001,1463.75,paiement,ES,2025-06-03 14:05:02
C00699,1405.51,versement,FR,2025-06-17 14:05:02
C00002,1629.15,retrait,DE,2025-06-02 14:05:02
C00001,1578.13,versement,ES,2025-05-27 14:05:02
C00002,146.9,achat,ES,2025-06-13 14:05:02
C00002,241.5,achat,FR,2025-06-03 14:05:02
C00001,1455.22,versement,IT,2025-06-17 14:05:02
C00001,1143.57,versement,DE,2025-06-06 14:05:02
C00001,824.06,achat,ES,2025-05-30 14:05:02
C00001,1218.05,paiement,IT,2025-06-16 14:05:02
C00001,411.92,achat,ES,2025-06-17 14:05:02
C00015,1870.83,retrait,ES,2025-06-03 14:05:02
C00272,120.88,versement,ES,2025-06-03 14:05:02
C00001,1305.86,versement,IT,2025-06-12 14:05:02
C00001,685.24,achat,ES,2025-05-19 14:05:02
C00001,1091.03,paiement,ES,2025-05-28 14:05:02
C00824,11.34,retrait,FR,2025-06-08 14:05:02
C00001,316.0,paiement,ES,2025-05-18 14:05:02
C00002,1525.61,retrait,ES,2025-06-08 14:05:02
C00002,1422.54,paiement,DE,2025-06-13 14:05:02
C00002,150.3,virement,ES,2025-06-13 14:05:02
C00001,577.06,achat,FR,2025-06-05 14:05:02
C00001,126.1,paiement,IT,2025-06-06 14:05:02
C00001,1520.85,virement,ES,2025-06-09 14:05:02
C00566,328.14,retrait,IT,2025-05-24 14:05:02
C00423,1446.51,versement,DE,2025-05-22 14:05:02
C00002,1079.7,virement,IT,2025-06-09 14:05:02
C00001,795.75,versement,IT,2025-05-21 14:05:02
C00001,1472.66,versement,DE,2025-05-21 14:05:02
C00002,1842.9,virement,FR,2025-05-28 14:05:02
C00001,1488.02,virement,FR,2025-06-10 14:05:02
C00002,231.12,virement,DE,2025-06-03 14:05:02
C00001,1413.74,virement,ES,2025-05-30 14:05:02
C00002,1425.08,retrait,DE,2025-06-01 14:05:02
C00002,15.18,paiement,ES,2025-05-20 14:05:02
C00002,577.43,virement,IT,2025-05-24 14:05:02
C00001,32.44,achat,IT,2025-05-24 14:05:02
C00001,922.66,virement,IT,2025-05-19 14:05:02
C00001,1703.01,achat,ES,2025-06-10 14:05:02
C00001,1189.09,virement,ES,2025-05-28 14:05:02
C00001,1218.82,paiement,DE,2025-05-21 14:05:02
C00001,910.79,retrait,DE,2025-06-10 14:05:02
C00001,1326.69,achat,ES,2025-05-30 14:05:02
C00001,762.1,achat,IT,2025-05-20 14:05:02
C00002,648.8,virement,ES,2025-06-05 14:05:02
C00001,515.45,retrait,IT,2025-06-03 14:05:02
C00001,600.44,retrait,ES,2025-05-18 14:05:02
C00001,1881.79,versement,IT,2025-06-06 14:05:02
C00001,1252.91,versement,IT,2025-06-15 14:05:02
C00001,656.96,virement,FR,2025-06-13 14:05:02
C00002,338.59,paiement,DE,2025-06-17 14:05:02
C00619,542.63,retrait,ES,2025-06-13 14:05:02
C00001,1271.27,achat,IT,2025-05-23 14:05:02
C00001,102.64,achat,FR,2025-06-12 14:05:02
C00002,988.97,versement,IT,2025-05-29 14:05:02
C00001,126.57,versement,IT,2025-06-06 14:05:02
C00001,1315.62,achat,IT,2025-06-17 14:05:02
C00002,182.22,retrait,DE,2025-06-04 14:05:02
C00002,1767.91,retrait,IT,2025-06-17 14:05:02
C00002,921.65,achat,DE,2025-05-21 14:05:02
C00002,903.9,virement,ES,2025-06-11 14:05:02
C00001,1927.0,retrait,ES,2025-06-14 14:05:02
C00002,1331.32,paiement,DE,2025-05-21 14:05:02
C00001,82.88,virement,DE,2025-06-02 14:05:02
C00001,1064.45,versement,FR,2025-06-02 14:05:02
C00002,973.78,achat,DE,2025-05-31 14:05:02
C00866,1361.81,paiement,FR,2025-05-23 14:05:02
C00001,1474.92,virement,DE,2025-05-23 14:05:02
C00628,1621.01,paiement,FR,2025-05-22 14:05:02
C00002,724.05,versement,IT,2025-05-20 14:05:02
C00001,206.8,virement,DE,2025-05-25 14:05:02
C00001,1700.1,versement,ES,2025-05-19 14:05:02
C00001,599.67,achat,FR,2025-05-26 14:05:02
C00167,555.59,paiement,DE,2025-05-21 14:05:02
C00001,1553.27,virement,DE,2025-05-24 14:05:02
C00002,262.92,paiement,DE,2025-06-08 14:05:02
C00001,504.9,achat,ES,2025-06-16 14:05:02
C00001,802.73,retrait,DE,2025-05-26 14:05:02
C00002,1874.43,retrait,DE,2025-06-07 14:05:02
C00001,185.55,versement,DE,2025-06-13 14:05:02
C00002,1983.09,retrait,IT,2025-05-18 14:05:02
C00002,1152.53,versement,IT,2025-06-15 14:05:02
C00001,242.03,versement,ES,2025-06-07 14:05:02
C00002,1875.46,paiement,IT,2025-06-13 14:05:02
C00001,34.24,paiement,FR,2025-05-31 14:05:02
C00001,106.53,achat,ES,2025-06-07 14:05:02
C00001,1587.14,achat,FR,2025-05-21 14:05:02
C00077,829.6,virement,DE,2025-06-04 14:05:02
C00001,1538.52,versement,FR,2025-05-22 14:05:02
C00001,1241.21,achat,IT,2025-06-09 14:05:02
C00001,657.0,achat,FR,2025-06-02 14:05:02
C00001,1213.22,retrait,DE,2025-05-19 14:05:02
C00001,220.26,versement,DE,2025-05-29 14:05:02
C00002,1998.18,achat,FR,2025-05-27 14:05:02
C00001,1797.87,virement,ES,2025-05-26 14:05:02
C00346,1163.34,paiement,IT,2025-05-26 14:05:02
C00002,935.5,retrait,ES,2025-05-24 14:05:02
C00002,1684.16,achat,DE,2025-05-21 14:05:02
C00002,1545.46,achat,FR,2025-05-26 14:05:02
C00001,135.49,virement,DE,2025-06-15 14:05:02
C00579,202.43,achat,IT,2025-05-31 14:05:02
C00002,537.41,versement,IT,2025-05-25 14:05:02
C00001,288.66,paiement,ES,2025-06-09 14:05:02
C00002,1991.91,versement,FR,2025-06-05 14:05:02
C00420,368.88,retrait,DE,2025-05-27 14:05:02
C00002,1808.93,retrait,DE,2025-06-10 14:05:02
C00002,1945.78,achat,ES,2025-05-18 14:05:02
C00002,411.32,paiement,FR,2025-05-29 14:05:02
C00002,649.15,versement,IT,2025-06-07 14:05:02
C00001,624.9,paiement,ES,2025-06-10 14:05:02
C00001,270.12,paiement,DE,2025-06-01 14:05:02
C00255,691.45,retrait,FR,2025-06-13 14:05:02
C00001,1664.54,retrait,DE,2025-06-13 14:05:02
C00001,680.56,retrait,DE,2025-06-13 14:05:02
C00002,1038.01,versement,ES,2025-06-06 14:05:02
C00002,231.65,virement,IT,2025-05-30 14:05:02
C00001,839.31,virement,FR,2025-06-08 14:05:02
C00001,766.1,achat,FR,2025-05-31 14:05:02
C00001,407.48,achat,DE,2025-05-26 14:05:02
C00197,336.38,versement,ES,2025-06-13 14:05:02
C00002,875.51,versement,DE,2025-05-31 14:05:02
C00001,1544.48,paiement,FR,2025-06-08 14:05:02
C00002,1633.02,virement,ES,2025-06-14 14:05:02
C00001,1275.66,virement,IT,2025-05-26 14:05:02
C00001,1178.15,achat,FR,2025-06-10 14:05:02
C00001,554.41,virement,DE,2025-06-04 14:05:02
C00001,1522.92,achat,ES,2025-05-18 14:05:02
C00002,1072.41,virement,IT,2025-06-13 14:05:02
C00635,1349.27,versement,FR,2025-05-25 14:05:02
C00001,1566.99,virement,FR,2025-06-05 14:05:02
C00001,1879.49,achat,FR,2025-06-03 14:05:02
C00002,1172.46,retrait,DE,2025-06-04 14:05:02
C00001,96.9,paiement,DE,2025-05-22 14:05:02
C00001,1710.16,paiement,ES,2025-06-03 14:05:02
C00002,1521.24,achat,ES,2025-06-02 14:05:02
C00354,402.59,virement,ES,2025-06-07 14:05:02
C00001,1194.08,achat,DE,2025-05-19 14:05:02
C00557,376.83,achat,ES,2025-06-07 14:05:02
C00002,862.57,achat,FR,2025-05-31 14:05:02
C00001,1398.68,retrait,FR,2025-06-03 14:05:02
C00001,264.0,versement,IT,2025-05-28 14:05:02
C00001,1153.62,versement,IT,2025-05-26 14:05:02
C00001,244.62,paiement,FR,2025-05-23 14:05:02
C00002,907.53,achat,ES,2025-05-25 14:05:02
C00001,1579.75,achat,FR,2025-06-11 14:05:02
C00001,1599.34,versement,IT,2025-05-21 14:05:02
C00001,1140.21,paiement,ES,2025-06-10 14:05:02
C00002,1789.6,paiement,FR,2025-06-07 14:05:02
C00001,700.75,versement,FR,2025-06-06 14:05:02
C00907,474.63,paiement,IT,2025-06-11 14:05:02
C00001,486.65,paiement,IT,2025-05-27 14:05:02
C00001,246.72,achat,DE,2025-06-16 14:05:02
C00001,99.95,retrait,IT,2025-06-16 14:05:02
C00042,1181.03,virement,DE,2025-06-09 14:05:02
C00002,851.71,retrait,ES,2025-05-21 14:05:02
C00415,89.61,versement,IT,2025-05-29 14:05:02
C00002,849.46,achat,DE,2025-06-12 14:05:02
C00001,205.72,achat,DE,2025-05-23 14:05:02
C00001,1582.12,versement,FR,2025-06-07 14:05:02
C00127,1122.05,achat,FR,2025-05-25 14:05:02
C00001,1813.49,versement,ES,2025-06-11 14:05:02
C00002,1328.98,retrait,DE,2025-06-03 14:05:02
C00896,1148.33,paiement,IT,2025-06-15 14:05:02
C00001,1452.76,paiement,ES,2025-06-03 14:05:02
C00001,1813.18,retrait,FR,2025-06-10 14:05:02
C00732,1269.28,virement,ES,2025-06-02 14:05:02
C00002,1604.24,achat,DE,2025-06-13 14:05:02
C00001,1040.02,retrait,IT,2025-05-21 14:05:02
C00002,991.41,virement,ES,2025-05-28 14:05:02
C00001,292.15,versement,DE,2025-06-04 14:05:02
C00944,648.85,retrait,IT,2025-05-23 14:05:02
C00002,1592.7,paiement,IT,2025-05-29 14:05:02
C00002,272.74,paiement,ES,2025-05-26 14:05:02
C00421,303.22,paiement,DE,2025-06-13 14:05:02
C00001,448.28,virement,IT,2025-06-15 14:05:02
C00001,126.67,retrait,FR,2025-06-09 14:05:02
C00001,1725.39,retrait,IT,2025-06-12 14:05:02
C00001,758.09,achat,FR,2025-06-13 14:05:02
C00002,1891.03,retrait,FR,2025-05-19 14:05:02
C00001,354.82,achat,ES,2025-06-12 14:05:02
C00001,366.48,virement,ES,2025-05-20 14:05:02
C00002,61.58,versement,ES,2025-05-28 14:05:02
C00001,163.5,achat,DE,2025-06-15 14:05:02
C00714,912.14,paiement,IT,2025-06-04 14:05:02
C00002,1840.85,paiement,FR,2025-05-21 14:05:02
C00001,793.44,versement,FR,2025-05-28 14:05:02
C00002,1416.6,retrait,FR,2025-06-04 14:05:02
C00001,138.38,achat,FR,2025-05-31 14:05:02
C00002,1797.32,retrait,FR,2025-05-25 14:05:02
C00002,1096.49,virement,FR,2025-06-12 14:05:02
C00002,335.75,retrait,IT,2025-06-09 14:05:02
C00001,1307.48,virement,DE,2025-06-08 14:05:02
C00661,1235.06,paiement,ES,2025-05-31 14:05:02
C00001,1812.26,versement,IT,2025-06-11 14:05:02
C00002,49.27,versement,DE,2025-06-16 14:05:02
C00001,1952.84,retrait,DE,2025-06-09 14:05:02
C00935,350.68,virement,DE,2025-06-14 14:05:02
C00001,1410.18,paiement,ES,2025-05-24 14:05:02
C00001,1496.2,virement,ES,2025-05-22 14:05:02
C00001,15.24,versement,ES,2025-06-04 14:05:02
C00002,1822.79,virement,IT,2025-05-25 14:05:02
C00001,1191.71,achat,DE,2025-05-22 14:05:02
C00001,726.17,paiement,FR,2025-06-06 14:05:02
C00001,1332.23,versement,DE,2025-05-24 14:05:02
C00001,535.01,retrait,ES,2025-06-03 14:05:02
C00777,94.98,retrait,FR,2025-06-02 14:05:02
C00001,921.6,virement,ES,2025-05-29 14:05:02
C00001,706.25,virement,FR,2025-06-11 14:05:02
C00002,165.35,versement,DE,2025-05-21 14:05:02
C00396,1374.08,retrait,FR,2025-06-04 14:05:02
C00001,557.69,versement,DE,2025-06-10 14:05:02
C00001,1617.74,achat,DE,2025-06-15 14:05:02
C00002,556.01,achat,FR,2025-05-21 14:05:02
C00677,1505.36,versement,ES,2025-05-23 14:05:02
C00002,105.73,versement,ES,2025-06-09 14:05:02
C00001,1461.76,paiement,IT,2025-06-04 14:05:02
C00910,1612.55,retrait,ES,2025-05-22 14:05:02
C00001,684.25,retrait,DE,2025-06-10 14:05:02
C00001,479.37,retrait,ES,2025-06-12 14:05:02
C00901,1715.21,retrait,DE,2025-05-20 14:05:02
C00002,1244.46,virement,ES,2025-05-27 14:05:02
C00001,34.22,versement,IT,2025-06-10 14:05:02
C00001,1316.73,virement,FR,2025-05-31 14:05:02
C00002,829.19,versement,ES,2025-06-04 14:05:02
C00002,221.21,versement,ES,2025-05-24 14:05:02
C00001,655.02,retrait,IT,2025-05-23 14:05:02
C00001,157.57,achat,ES,2025-06-08 14:05:02
C00001,921.13,achat,DE,2025-06-11 14:05:02
C00001,686.75,virement,FR,2025-05-25 14:05:02
C00002,474.35,achat,DE,2025-06-04 14:05:02
C00001,892.84,retrait,FR,2025-06-05 14:05:02
C00001,572.04,retrait,DE,2025-05-28 14:05:02
C00001,1249.68,retrait,DE,2025-06-01 14:05:02
C00001,534.1,achat,DE,2025-06-16 14:05:02
C00720,1292.96,virement,FR,2025-06-16 14:05:02
C00001,1965.39,paiement,FR,2025-06-15 14:05:02
C00001,1777.34,achat,DE,2025-05-24 14:05:02
C00001,1192.32,versement,DE,2025-05-22 14:05:02
C00850,1631.45,versement,ES,2025-06-01 14:05:02
C00938,932.4,versement,DE,2025-05-27 14:05:02
C00001,882.88,achat,DE,2025-05-18 14:05:02
C00001,1156.33,paiement,DE,2025-05-28 14:05:02
C00002,753.12,achat,ES,2025-06-08 14:05:02
C00001,935.42,versement,FR,2025-05-29 14:05:02
C00002,299.4,versement,FR,2025-05-23 14:05:02
C00001,143.83,versement,ES,2025-05-28 14:05:02
C00001,686.7,paiement,ES,2025-05-22 14:05:02
C00001,1424.72,achat,DE,2025-06-17 14:05:02
C00709,1549.72,paiement,DE,2025-05-18 14:05:02
C00001,1793.66,virement,ES,2025-06-02 14:05:02
C00646,458.41,retrait,IT,2025-05-20 14:05:02
C00681,875.46,paiement,FR,2025-05-24 14:05:02
C00001,1468.63,achat,FR,2025-05-22 14:05:02
C00001,329.42,virement,DE,2025-05-25 14:05:02
C00299,1156.2,paiement,DE,2025-06-05 14:05:02
C00002,1968.01,virement,IT,2025-06-09 14:05:02
C00002,521.19,versement,IT,2025-06-04 14:05:02
C00001,523.04,virement,DE,2025-06-13 14:05:02
C00001,1689.34,virement,IT,2025-06-03 14:05:02
C00001,994.15,achat,DE,2025-06-16 14:05:02
C00001,722.63,retrait,FR,2025-05-23 14:05:02
C00001,1554.2,achat,IT,2025-05-20 14:05:02
C00001,623.83,paiement,IT,2025-05-21 14:05:02
C00002,1941.33,paiement,ES,2025-06-15 14:05:02
C00263,1834.92,versement,DE,2025-05-18 14:05:02
C00002,140.4,achat,ES,2025-05-24 14:05:02
C00001,1999.26,virement,FR,2025-05-27 14:05:02
C00721,477.48,achat,IT,2025-05-31 14:05:02
C00001,727.11,virement,IT,2025-05-26 14:05:02
C00001,1231.78,virement,ES,2025-06-17 14:05:02
C00002,280.46,achat,IT,2025-05-30 14:05:02
C00776,1191.6,virement,DE,2025-06-10 14:05:02
C00001,336.11,achat,ES,2025-06-11 14:05:02
C00001,621.79,versement,IT,2025-05-30 14:05:02
C00001,34.53,retrait,DE,2025-06-02 14:05:02
C00002,1370.07,achat,DE,2025-05-30 14:05:02
C00001,1756.7,versement,FR,2025-06-09 14:05:02
C00001,953.0,achat,ES,2025-05-26 14:05:02
C00002,705.23,achat,DE,2025-06-05 14:05:02
C00002,188.96,versement,IT,2025-05-19 14:05:02
C00001,366.76,versement,ES,2025-06-15 14:05:02
C00708,979.02,paiement,DE,2025-06-11 14:05:02
C00001,1859.08,versement,ES,2025-05-29 14:05:02
C00002,465.71,retrait,FR,2025-06-13 14:05:02
C00889,1460.67,virement,FR,2025-05-24 14:05:02
C00001,426.85,paiement,DE,2025-05-29 14:05:02
C00001,1655.25,retrait,FR,2025-05-23 14:05:02
C00001,758.8,retrait,IT,2025-06-05 14:05:02
C00002,1581.5,retrait,IT,2025-06-02 14:05:02
C00002,936.32,achat,IT,2025-06-05 14:05:02
C00002,1527.1,achat,DE,2025-05-30 14:05:02
C00002,1868.77,achat,ES,2025-06-16 14:05:02
C00001,854.62,retrait,ES,2025-06-01 14:05:02
C00002,895.59,virement,DE,2025-05-21 14:05:02
C00001,606.57,achat,FR,2025-06-12 14:05:02
C00001,189.72,versement,DE,2025-05-29 14:05:02
C00002,1370.04,retrait,DE,2025-06-01 14:05:02
C00002,309.67,paiement,ES,2025-06-17 14:05:02
C00087,1854.12,retrait,IT,2025-05-20 14:05:02
C00001,810.28,paiement,ES,2025-05-26 14:05:02
C00645,913.37,versement,IT,2025-06-10 14:05:02
C00178,1169.16,versement,DE,2025-06-13 14:05:02
C00001,387.67,paiement,ES,2025-06-07 14:05:02
C00001,1688.47,paiement,IT,2025-05-27 14:05:02
C00001,1734.4,virement,DE,2025-06-07 14:05:02
C00219,39.3,paiement,ES,2025-05-27 14:05:02
C00001,1509.16,achat,FR,2025-06-14 14:05:02
C00715,714.94,virement,ES,2025-05-21 14:05:02
C00001,891.08,virement,DE,2025-06-01 14:05:02
C00002,1252.91,versement,IT,2025-06-02 14:05:02
C00002,320.95,achat,IT,2025-06-17 14:05:02
C00834,1172.23,virement,DE,2025-05-18 14:05:02
C00001,173.28,achat,ES,2025-05-29 14:05:02
C00001,66.43,versement,DE,2025-05-29 14:05:02
C00002,40.67,virement,ES,2025-06-04 14:05:02
C00074,1883.62,virement,FR,2025-06-06 14:05:02
C00002,13.98,virement,DE,2025-05-25 14:05:02
C00001,696.58,achat,FR,2025-06-11 14:05:02
C00001,1042.98,retrait,ES,2025-06-04 14:05:02
C00002,1219.12,versement,IT,2025-05-31 14:05:02
C00001,463.18,versement,ES,2025-05-30 14:05:02
C00001,785.43,retrait,DE,2025-05-30 14:05:02
C00001,856.37,virement,DE,2025-05-19 14:05:02
C00001,1331.05,achat,FR,2025-06-17 14:05:02
C00001,1339.56,achat,IT,2025-05-19 14:05:02
C00001,1640.18,paiement,DE,2025-06-17 14:05:02
C00001,1318.96,achat,ES,2025-06-04 14:05:02
C00001,93.69,virement,DE,2025-06-04 14:05:02
C00001,180.75,achat,ES,2025-05-30 14:05:02
C00001,768.0,versement,IT,2025-05-19 14:05:02
C00705,1067.41,achat,ES,2025-06-17 14:05:02
C00149,1631.76,paiement,FR,2025-06-16 14:05:02
C00002,1637.41,versement,IT,2025-06-14 14:05:02
C00001,1946.76,versement,DE,2025-06-05 14:05:02
C00002,465.47,virement,FR,2025-06-03 14:05:02
C00545,432.27,paiement,IT,2025-05-28 14:05:02
C00396,1870.18,versement,ES,2025-06-02 14:05:02
C00001,937.88,paiement,ES,2025-06-11 14:05:02
C00001,1712.23,paiement,DE,2025-06-17 14:05:02
C00001,1974.91,virement,IT,2025-06-15 14:05:02
C00562,1046.18,versement,ES,2025-06-11 14:05:02
C00002,748.65,paiement,DE,2025-06-17 14:05:02
C00913,1182.39,achat,ES,2025-05-20 14:05:02
C00001,1720.77,retrait,ES,2025-06-08 14:05:02
C00679,1595.44,achat,DE,2025-05-22 14:05:02
C00001,393.13,virement,IT,2025-05-19 14:05:02
C00002,1829.11,achat,FR,2025-05-30 14:05:02
C00001,853.27,achat,DE,2025-06-16 14:05:02
C00002,1022.22,retrait,DE,2025-05-21 14:05:02
C00001,442.58,achat,ES,2025-06-01 14:05:02
C00001,1304.16,virement,IT,2025-06-12 14:05:02
C00456,829.55,retrait,FR,2025-05-21 14:05:02
C00002,1394.25,versement,ES,2025-06-11 14:05:02
C00002,212.12,paiement,IT,2025-06-16 14:05:02
C00001,919.26,retrait,IT,2025-06-17 14:05:02
C00001,1624.18,versement,ES,2025-05-23 14:05:02
C00002,148.05,versement,ES,2025-06-17 14:05:02
C00002,1828.11,achat,IT,2025-05-30 14:05:02
C00002,653.12,virement,IT,2025-06-17 14:05:02
C00002,476.59,achat,ES,2025-06-09 14:05:02
C00002,693.4,paiement,FR,2025-06-04 14:05:02
C00001,193.27,achat,FR,2025-05-27 14:05:02
C00001,533.06,achat,FR,2025-06-11 14:05:02
C00771,340.7,paiement,FR,2025-05-27 14:05:02
C00001,73.96,versement,FR,2025-06-17 14:05:02
C00002,48.06,paiement,ES,2025-06-15 14:05:02
C00002,1503.41,versement,FR,2025-06-02 14:05:02
C00002,1297.36,achat,ES,2025-06-08 14:05:02
C00002,1237.95,virement,IT,2025-06-07 14:05:02
C00238,680.36,retrait,DE,2025-05-25 14:05:02
C00001,1997.94,virement,FR,2025-06-11 14:05:02
C00002,444.48,achat,IT,2025-05-24 14:05:02
C00001,390.35,versement,DE,2025-05-18 14:05:02
C00001,1333.09,achat,IT,2025-05-31 14:05:02
C00001,449.96,virement,ES,2025-06-14 14:05:02
C00129,1178.21,paiement,FR,2025-05-31 14:05:02
C00001,1154.24,paiement,ES,2025-05-24 14:05:02
C00002,620.49,virement,ES,2025-05-30 14:05:02
C00001,396.49,achat,ES,2025-06-11 14:05:02
C00002,1561.76,virement,DE,2025-06-05 14:05:02
C00002,433.62,virement,DE,2025-05-24 14:05:02
C00002,712.35,paiement,FR,2025-06-09 14:05:02
C00002,1563.39,achat,DE,2025-06-12 14:05:02
C00001,1590.21,retrait,DE,2025-06-04 14:05:02
C00002,363.75,virement,IT,2025-06-17 14:05:02
C00001,1582.26,paiement,DE,2025-06-15 14:05:02
C00002,103.26,achat,DE,2025-06-17 14:05:02
C00002,587.58,retrait,DE,2025-06-11 14:05:02
C00001,1998.07,achat,FR,2025-05-23 14:05:02
C00001,1176.27,paiement,FR,2025-05-24 14:05:02
C00001,1012.89,virement,ES,2025-05-22 14:05:02
C00001,969.59,achat,DE,2025-06-08 14:05:02
C00002,1162.47,versement,ES,2025-06-07 14:05:02
C00188,670.87,paiement,IT,2025-05-19 14:05:02
C00002,1576.8,virement,FR,2025-06-06 14:05:02
C00002,872.37,achat,FR,2025-06-17 14:05:02
C00001,1577.66,versement,IT,2025-05-31 14:05:02
C00001,361.76,versement,DE,2025-05-29 14:05:02
C00002,1370.68,retrait,ES,2025-06-11 14:05:02
C00001,196.28,retrait,IT,2025-06-11 14:05:02
C00001,644.1,versement,FR,2025-05-25 14:05:02
C00002,1836.7,achat,IT,2025-06-02 14:05:02
C00002,1828.63,retrait,FR,2025-06-10 14:05:02
C00001,1692.42,achat,FR,2025-05-28 14:05:02
C00001,1447.15,achat,FR,2025-05-24 14:05:02
C00002,311.28,paiement,IT,2025-06-04 14:05:02
C00002,1714.43,virement,ES,2025-06-06 14:05:02
C00503,1383.64,paiement,DE,2025-06-12 14:05:02
C00001,1061.58,versement,ES,2025-05-22 14:05:02
C00002,454.13,achat,IT,2025-05-30 14:05:02
C00001,1116.85,virement,DE,2025-05-31 14:05:02
C00002,787.11,achat,IT,2025-06-09 14:05:02
C00002,1294.73,retrait,FR,2025-05-24 14:05:02
C00001,1782.11,paiement,DE,2025-05-22 14:05:02
C00002,1898.18,achat,DE,2025-05-26 14:05:02
C00001,1116.86,versement,ES,2025-06-07 14:05:02
C00002,1872.18,virement,IT,2025-06-10 14:05:02
C00001,1849.6,achat,DE,2025-05-31 14:05:02
C00078,818.66,versement,ES,2025-05-19 14:05:02
C00001,91.66,achat,IT,2025-05-24 14:05:02
C00002,667.64,paiement,IT,2025-06-05 14:05:02
C00001,1340.71,paiement,ES,2025-06-15 14:05:02
C00813,746.03,versement,FR,2025-06-10 14:05:02
C00001,559.57,versement,FR,2025-06-03 14:05:02
C00001,1420.68,paiement,FR,2025-06-01 14:05:02
C00002,1206.4,versement,FR,2025-05-29 14:05:02
C00002,859.66,retrait,DE,2025-05-18 14:05:02
C00001,1587.03,virement,IT,2025-05-21 14:05:02
C00775,1428.03,achat,IT,2025-05-20 14:05:02
C00002,1577.78,versement,FR,2025-06-12 14:05:02
C00002,976.35,versement,ES,2025-06-01 14:05:02
C00001,1995.64,achat,IT,2025-06-04 14:05:02
C00002,265.79,virement,ES,2025-05-30 14:05:02
C00001,867.57,virement,DE,2025-05-24 14:05:02
C00002,1764.78,achat,ES,2025-05-22 14:05:02
C00530,601.01,virement,FR,2025-06-04 14:05:02
C00318,587.1,retrait,ES,2025-06-05 14:05:02
C00001,958.32,retrait,FR,2025-06-07 14:05:02
C00002,923.46,paiement,ES,2025-06-11 14:05:02
C00002,692.9,virement,FR,2025-06-03 14:05:02
C00001,1685.45,versement,FR,2025-06-03 14:05:02
C00001,870.68,retrait,DE,2025-06-16 14:05:02
C00002,1322.22,retrait,ES,2025-06-10 14:05:02
C00001,1107.38,paiement,FR,2025-05-18 14:05:02
C00001,160.17,achat,FR,2025-06-03 14:05:02
C00002,953.4,virement,ES,2025-06-11 14:05:02
C00940,1022.55,versement,FR,2025-06-13 14:05:02
C00271,843.17,versement,FR,2025-05-23 14:05:02
C00001,621.57,versement,ES,2025-05-25 14:05:02
C00002,1630.42,retrait,DE,2025-05-28 14:05:02
C00001,1471.54,virement,IT,2025-05-23 14:05:02
C00109,1819.45,virement,FR,2025-05-24 14:05:02
C00002,166.15,versement,IT,2025-05-18 14:05:02
C00001,1556.43,retrait,FR,2025-05-22 14:05:02
C00001,783.96,versement,IT,2025-05-28 14:05:02
C00002,929.11,versement,DE,2025-05-29 14:05:02
C00300,1853.87,retrait,DE,2025-06-17 14:05:02
C00002,195.49,paiement,DE,2025-06-05 14:05:02
C00001,647.86,achat,FR,2025-05-20 14:05:02
C00069,665.53,versement,DE,2025-06-13 14:05:02
C00001,745.28,retrait,IT,2025-06-04 14:05:02
C00454,1147.57,achat,ES,2025-06-05 14:05:02
C00001,1033.08,retrait,ES,2025-05-27 14:05:02
C00001,1449.41,versement,DE,2025-06-05 14:05:02
C00001,735.14,versement,DE,2025-06-03 14:05:02
C00001,167.99,versement,IT,2025-05-29 14:05:02
C00002,1948.83,retrait,FR,2025-06-03 14:05:02
C00701,726.9,virement,ES,2025-05-24 14:05:02
C00001,1365.74,retrait,IT,2025-05-25 14:05:02
C00002,546.86,achat,FR,2025-05-24 14:05:02
C00001,1816.51,versement,DE,2025-06-09 14:05:02
C00648,60.34,virement,IT,2025-06-02 14:05:02
C00049,1230.65,retrait,FR,2025-06-17 14:05:02
C00002,1308.06,achat,ES,2025-06-12 14:05:02
C00002,1151.15,versement,DE,2025-05-20 14:05:02
C00002,468.7,paiement,DE,2025-06-13 14:05:02
C00001,977.54,virement,IT,2025-06-06 14:05:02
C00002,1174.66,paiement,IT,2025-06-01 14:05:02
C00002,1118.91,achat,FR,2025-05-29 14:05:02
C00001,716.32,paiement,IT,2025-05-23 14:05:02
C00002,900.82,retrait,DE,2025-05-25 14:05:02
C00002,185.86,versement,DE,2025-06-10 14:05:02
C00002,1572.9,versement,ES,2025-06-12 14:05:02
C00001,1279.68,versement,IT,2025-06-14 14:05:02
C00002,1353.21,paiement,IT,2025-05-30 14:05:02
C00063,396.4,retrait,ES,2025-06-03 14:05:02
C00583,1968.43,achat,DE,2025-05-23 14:05:02
C00001,127.34,achat,DE,2025-05-21 14:05:02
C00001,369.37,achat,FR,2025-06-01 14:05:02
C00002,1103.99,virement,IT,2025-05-26 14:05:02
C00305,774.3,paiement,FR,2025-06-08 14:05:02
C00001,277.55,paiement,FR,2025-05-25 14:05:02
C00002,679.53,retrait,ES,2025-06-13 14:05:02
C00977,1266.89,virement,IT,2025-06-15 14:05:02
C00001,1878.15,versement,ES,2025-05-27 14:05:02
C00002,1784.83,achat,IT,2025-05-31 14:05:02
C00001,892.42,retrait,ES,2025-06-05 14:05:02
C00399,559.2,paiement,DE,2025-06-16 14:05:02
C00001,1762.99,versement,DE,2025-05-19 14:05:02
C00001,166.07,virement,DE,2025-06-14 14:05:02
C00001,386.02,paiement,IT,2025-05-30 14:05:02
C00002,1734.54,virement,IT,2025-06-17 14:05:02
C00001,1509.44,paiement,DE,2025-05-25 14:05:02
C00002,1565.29,retrait,DE,2025-06-11 14:05:02
C00303,1506.95,retrait,DE,2025-06-08 14:05:02
C00002,1147.59,achat,ES,2025-06-17 14:05:02
C00001,431.82,achat,FR,2025-06-14 14:05:02
C00001,708.96,retrait,DE,2025-05-21 14:05:02
C00228,1058.7,retrait,IT,2025-05-28 14:05:02
C00001,482.8,virement,DE,2025-06-03 14:05:02
C00002,311.24,virement,FR,2025-06-14 14:05:02
C00002,203.02,paiement,DE,2025-06-16 14:05:02
C00002,1787.13,paiement,ES,2025-06-07 14:05:02
C00002,1938.24,retrait,FR,2025-05-27 14:05:02
C00001,1058.53,virement,DE,2025-06-09 14:05:02
C00383,1283.79,paiement,DE,2025-05-25 14:05:02
C00002,865.28,versement,ES,2025-05-31 14:05:02
C00002,94.01,paiement,ES,2025-06-10 14:05:02
C00001,57.96,paiement,FR,2025-05-26 14:05:02
C00001,755.04,versement,ES,2025-05-21 14:05:02
C00002,801.12,achat,FR,2025-05-29 14:05:02
C00002,371.12,versement,FR,2025-06-12 14:05:02
C00001,1589.8,virement,IT,2025-05-20 14:05:02
C00001,88.48,versement,DE,2025-05-18 14:05:02
C00001,631.02,achat,DE,2025-06-02 14:05:02
C00002,1245.33,versement,IT,2025-06-13 14:05:02
C00001,1751.12,paiement,IT,2025-06-16 14:05:02
C00090,811.09,retrait,DE,2025-06-12 14:05:02
C00287,877.39,achat,FR,2025-05-29 14:05:02
C00002,223.65,retrait,DE,2025-06-13 14:05:02
C00504,1630.14,paiement,FR,2025-05-24 14:05:02
C00001,1079.39,paiement,IT,2025-06-09 14:05:02
C00001,243.78,retrait,ES,2025-06-10 14:05:02
C00001,203.9,retrait,IT,2025-05-18 14:05:02
C00001,901.0,versement,IT,2025-05-23 14:05:02
C00002,840.06,retrait,DE,2025-05-22 14:05:02
C00568,1011.24,paiement,FR,2025-05-20 14:05:02
C00002,1704.59,versement,IT,2025-05-28 14:05:02
C00001,1563.05,paiement,IT,2025-05-21 14:05:02
C00002,197.4,paiement,DE,2025-05-29 14:05:02
C00002,556.21,achat,DE,2025-05-21 14:05:02
C00002,684.42,retrait,FR,2025-06-04 14:05:02
C00001,418.52,versement,ES,2025-05-20 14:05:02
C00002,338.37,achat,IT,2025-05-20 14:05:02
C00001,1247.35,paiement,FR,2025-06-06 14:05:02
C00002,1148.75,retrait,FR,2025-05-31 14:05:02
C00804,1569.42,versement,IT,2025-05-28 14:05:02
C00996,530.44,retrait,FR,2025-06-01 14:05:02
C00001,112.53,virement,DE,2025-05-28 14:05:02
C00001,1190.59,paiement,DE,2025-05-21 14:05:02
C00002,1213.04,paiement,DE,2025-06-03 14:05:02
C00002,1246.19,virement,ES,2025-05-23 14:05:02
C00002,577.59,paiement,ES,2025-05-29 14:05:02
C00002,460.75,paiement,IT,2025-06-08 14:05:02
C00686,63.05,versement,DE,2025-05-23 14:05:02
C00002,554.11,paiement,ES,2025-05-27 14:05:02
C00002,46.1,paiement,IT,2025-06-14 14:05:02
C00001,1315.47,achat,DE,2025-06-05 14:05:02
C00001,658.67,versement,FR,2025-05-26 14:05:02
C00001,130.65,paiement,DE,2025-05-30 14:05:02
C00429,1615.25,retrait,ES,2025-06-17 14:05:02
C00001,1713.58,paiement,FR,2025-05-24 14:05:02
C00001,1877.4,retrait,DE,2025-06-14 14:05:02
C00001,264.37,retrait,DE,2025-05-27 14:05:02
C00861,1239.4,retrait,IT,2025-06-16 14:05:02
C00001,586.1,paiement,IT,2025-05-19 14:05:02
C00001,1452.31,achat,ES,2025-06-01 14:05:02
C00395,1355.35,achat,DE,2025-06-06 14:05:02
C00001,1303.78,paiement,FR,2025-06-14 14:05:02
C00002,1258.86,virement,ES,2025-06-08 14:05:02
C00002,55.41,virement,IT,2025-06-14 14:05:02
C00001,175.79,virement,ES,2025-05-27 14:05:02
C00001,1924.44,retrait,ES,2025-06-02 14:05:02
C00002,1381.31,paiement,ES,2025-06-07 14:05:02
C00002,1215.73,paiement,ES,2025-05-31 14:05:02
C00002,444.15,virement,FR,2025-06-15 14:05:02
C00492,1750.4,versement,IT,2025-06-10 14:05:02
C00002,1089.35,paiement,FR,2025-05-21 14:05:02
C00002,625.85,paiement,ES,2025-06-17 14:05:02
C00001,440.84,versement,IT,2025-06-07 14:05:02
C00002,1642.31,paiement,IT,2025-05-26 14:05:02
C00001,993.32,retrait,FR,2025-06-07 14:05:02
C00002,1014.85,versement,DE,2025-05-29 14:05:02
C00002,1946.05,versement,ES,2025-06-03 14:05:02
C00316,1814.33,versement,FR,2025-05-29 14:05:02
C00002,1870.02,paiement,ES,2025-06-13 14:05:02
C00001,1706.09,achat,ES,2025-06-13 14:05:02
C00002,693.88,versement,DE,2025-06-06 14:05:02
C00536,1731.26,virement,DE,2025-05-23 14:05:02
C00001,1430.45,versement,FR,2025-06-12 14:05:02
C00002,82.93,versement,FR,2025-06-14 14:05:02
C00064,838.05,paiement,FR,2025-05-31 14:05:02
C00001,611.31,paiement,DE,2025-05-28 14:05:02
C00001,1620.77,retrait,FR,2025-05-24 14:05:02
C00002,902.3,retrait,DE,2025-05-27 14:05:02
C00002,1987.48,virement,FR,2025-06-17 14:05:02
C00001,1954.32,paiement,DE,2025-06-17 14:05:02
C00001,1734.36,versement,ES,2025-05-20 14:05:02
C00001,740.06,versement,FR,2025-06-07 14:05:02
C00001,1080.13,versement,IT,2025-06-02 14:05:02
C00002,473.63,virement,DE,2025-05-31 14:05:02
C00001,1048.34,versement,FR,2025-05-31 14:05:02
C00001,745.08,virement,IT,2025-05-21 14:05:02
C00001,405.65,achat,ES,2025-06-10 14:05:02
C00001,172.43,paiement,FR,2025-05-21 14:05:02
C00002,1110.15,paiement,FR,2025-06-08 14:05:02
C00002,1723.79,virement,IT,2025-05-28 14:05:02
C00950,597.46,achat,ES,2025-06-14 14:05:02
C00002,1663.84,versement,IT,2025-06-17 14:05:02
C00911,577.91,retrait,DE,2025-06-06 14:05:02
C00941,1046.35,versement,DE,2025-06-08 14:05:02
C00001,1617.65,achat,FR,2025-05-31 14:05:02
C00001,398.91,paiement,ES,2025-05-23 14:05:02
C00001,95.25,versement,FR,2025-05-28 14:05:02
C00001,1360.91,retrait,DE,2025-05-27 14:05:02
C00002,1540.57,retrait,ES,2025-06-06 14:05:02
C00001,1728.62,retrait,IT,2025-06-14 14:05:02
C00001,85.43,versement,ES,2025-06-14 14:05:02
C00002,1975.72,paiement,FR,2025-05-25 14:05:02
C00001,89.5,achat,IT,2025-05-25 14:05:02
C00001,1831.48,retrait,FR,2025-05-23 14:05:02
C00001,1021.61,virement,IT,2025-06-08 14:05:02
C00002,122.41,virement,FR,2025-06-05 14:05:02
C00002,1511.53,versement,DE,2025-05-31 14:05:02
C00308,1450.99,versement,ES,2025-06-07 14:05:02
C00002,1921.99,achat,ES,2025-06-14 14:05:02
C00002,126.86,versement,IT,2025-05-21 14:05:02
C00001,326.8,achat,IT,2025-06-04 14:05:02
C00001,1596.7,versement,FR,2025-05-23 14:05:02
C00002,405.29,virement,FR,2025-05-23 14:05:02
C00264,200.83,achat,DE,2025-05-30 14:05:02
C00002,1594.62,virement,ES,2025-06-16 14:05:02
C00002,1396.9,virement,DE,2025-06-15 14:05:02
C00002,418.26,versement,IT,2025-05-23 14:05:02
C00001,301.76,achat,DE,2025-05-20 14:05:02
C00002,1851.09,versement,DE,2025-05-31 14:05:02
C00001,1084.65,achat,IT,2025-05-21 14:05:02
C00001,1887.96,virement,ES,2025-05-20 14:05:02
C00001,90.97,achat,ES,2025-06-15 14:05:02
C00192,644.81,retrait,IT,2025-05-23 14:05:02
C00002,1069.89,paiement,IT,2025-05-18 14:05:02
C00787,135.59,retrait,IT,2025-06-01 14:05:02
C00001,1631.93,retrait,ES,2025-05-29 14:05:02
C00001,341.43,achat,IT,2025-06-01 14:05:02
C00001,1159.25,virement,IT,2025-06-07 14:05:02
C00001,1234.68,achat,ES,2025-05-26 14:05:02
C00001,1952.57,paiement,ES,2025-06-15 14:05:02
C00686,806.89,achat,IT,2025-05-19 14:05:02
C00002,934.31,versement,ES,2025-05-25 14:05:02
C00001,783.38,virement,ES,2025-06-06 14:05:02
C00800,10.06,achat,DE,2025-05-19 14:05:02
C00001,431.12,achat,ES,2025-06-15 14:05:02
C00001,25.79,paiement,IT,2025-06-08 14:05:02
C00002,1206.64,paiement,ES,2025-06-17 14:05:02
C00371,1845.13,retrait,FR,2025-05-19 14:05:02
C00002,590.16,virement,IT,2025-06-14 14:05:02
C00002,1631.07,achat,FR,2025-05-19 14:05:02
C00001,925.59,paiement,ES,2025-06-03 14:05:02
C00001,273.57,virement,DE,2025-06-09 14:05:02
C00002,1819.86,versement,DE,2025-05-20 14:05:02
C00547,1605.9,retrait,DE,2025-06-02 14:05:02
C00002,1692.04,retrait,FR,2025-05-21 14:05:02
C00002,1528.29,retrait,ES,2025-06-14 14:05:02
C00002,1422.11,versement,IT,2025-05-18 14:05:02
C00002,525.56,versement,ES,2025-06-04 14:05:02
C00001,98.45,versement,ES,2025-06-15 14:05:02
C00001,265.84,paiement,IT,2025-06-02 14:05:02
C00002,1534.08,retrait,FR,2025-05-28 14:05:02
C00001,277.27,paiement,IT,2025-05-25 14:05:02
C00001,806.58,versement,FR,2025-06-17 14:05:02
C00002,417.32,virement,IT,2025-06-06 14:05:02
C00002,1577.38,versement,DE,2025-05-26 14:05:02
C00001,1203.87,versement,ES,2025-05-21 14:05:02
C00002,1017.59,versement,FR,2025-05-22 14:05:02
C00634,1334.69,versement,DE,2025-06-15 14:05:02
C00001,1319.36,versement,IT,2025-05-26 14:05:02
C00001,1737.0,achat,FR,2025-06-06 14:05:02
C00001,640.06,versement,IT,2025-06-09 14:05:02
C00001,545.39,paiement,ES,2025-06-17 14:05:02
C00002,959.2,virement,IT,2025-06-17 14:05:02
C00001,631.15,paiement,IT,2025-05-24 14:05:02
C00001,498.74,versement,ES,2025-05-18 14:05:02
C00002,324.71,paiement,ES,2025-05-22 14:05:02
C00001,155.45,versement,IT,2025-06-14 14:05:02
C00002,423.09,retrait,IT,2025-05-21 14:05:02
C00001,1332.62,retrait,DE,2025-06-14 14:05:02
C00001,1728.17,achat,DE,2025-06-14 14:05:02
C00002,175.56,versement,ES,2025-05-20 14:05:02
C00002,767.13,retrait,IT,2025-06-06 14:05:02
C00002,487.79,paiement,FR,2025-06-09 14:05:02
C00002,903.42,retrait,IT,2025-06-05 14:05:02
C00491,205.6,paiement,ES,2025-06-11 14:05:02
C00659,873.01,virement,ES,2025-05-27 14:05:02
C00001,1079.02,virement,DE,2025-06-15 14:05:02
C00002,1750.99,retrait,DE,2025-06-05 14:05:02
C00001,1983.61,virement,FR,2025-05-28 14:05:02
C00001,302.21,paiement,DE,2025-05-22 14:05:02
C00001,89.08,virement,FR,2025-05-20 14:05:02
C00002,268.47,versement,DE,2025-05-19 14:05:02
C00002,1602.54,paiement,ES,2025-06-15 14:05:02
C00002,1137.31,retrait,DE,2025-05-21 14:05:02
C00001,1036.66,achat,IT,2025-06-09 14:05:02
C00001,1212.33,versement,DE,2025-05-30 14:05:02
C00002,1020.19,paiement,FR,2025-05-21 14:05:02
C00002,1738.77,achat,DE,2025-05-25 14:05:02
C00001,178.62,paiement,ES,2025-05-27 14:05:02
C00001,1457.87,versement,IT,2025-05-27 14:05:02
C00001,653.08,paiement,DE,2025-06-03 14:05:02
C00001,467.72,virement,FR,2025-05-25 14:05:02
C00001,1340.47,achat,DE,2025-05-21 14:05:02
C00240,1075.89,achat,FR,2025-06-10 14:05:02
C00001,1013.73,versement,FR,2025-06-05 14:05:02
C00001,1003.53,virement,ES,2025-05-22 14:05:02
C00001,1560.94,versement,FR,2025-06-01 14:05:02
C00001,1906.94,achat,ES,2025-06-14 14:05:02
C00011,1261.64,virement,FR,2025-05-30 14:05:02
C00002,306.1,achat,FR,2025-06-05 14:05:02
C00002,614.14,versement,DE,2025-06-15 14:05:02
C00002,1776.87,paiement,IT,2025-06-09 14:05:02
C00242,712.57,virement,DE,2025-05-22 14:05:02
C00001,766.64,versement,FR,2025-05-22 14:05:02
C00002,1258.59,achat,FR,2025-06-09 14:05:02
C00002,398.36,paiement,DE,2025-05-21 14:05:02
C00002,1827.67,virement,IT,2025-06-02 14:05:02
C00001,1719.02,paiement,IT,2025-05-31 14:05:02
C00002,1103.4,versement,ES,2025-06-12 14:05:02
C00126,511.52,virement,ES,2025-05-30 14:05:02
C00001,1567.13,paiement,ES,2025-06-12 14:05:02
C00002,167.2,achat,IT,2025-05-20 14:05:02
C00001,1547.14,retrait,FR,2025-05-20 14:05:02
C00002,1738.71,retrait,IT,2025-05-23 14:05:02
C00001,1625.99,achat,IT,2025-06-15 14:05:02
C00001,192.44,virement,DE,2025-05-22 14:05:02
C00002,1459.07,achat,IT,2025-05-26 14:05:02
C00002,1574.81,achat,IT,2025-06-07 14:05:02
C00001,529.26,retrait,DE,2025-05-30 14:05:02
C00002,692.27,virement,DE,2025-06-09 14:05:02
C00793,1999.91,achat,IT,2025-06-10 14:05:02
C00001,627.79,paiement,IT,2025-05-28 14:05:02
C00002,617.8,achat,DE,2025-05-19 14:05:02
C00001,253.68,achat,FR,2025-06-17 14:05:02
C00001,1983.53,retrait,DE,2025-06-03 14:05:02
C00185,1927.53,retrait,FR,2025-06-14 14:05:02
C00452,1561.17,retrait,ES,2025-05-19 14:05:02
C00001,820.64,virement,DE,2025-06-16 14:05:02
C00002,180.33,paiement,DE,2025-05-21 14:05:02
C00001,1998.3,paiement,FR,2025-05-24 14:05:02
C00062,143.34,achat,ES,2025-05-27 14:05:02
C00002,1207.97,achat,ES,2025-05-19 14:05:02
C00001,1857.95,retrait,FR,2025-05-24 14:05:02
C00001,1544.48,achat,DE,2025-06-01 14:05:02
C00001,819.26,achat,ES,2025-06-12 14:05:02
C00001,510.14,versement,ES,2025-06-03 14:05:02
C00002,1449.12,versement,IT,2025-05-18 14:05:02
C00001,1862.92,achat,FR,2025-05-26 14:05:02
C00978,1196.35,virement,ES,2025-05-29 14:05:02
C00331,1708.28,paiement,DE,2025-06-13 14:05:02
C00001,1593.58,paiement,DE,2025-05-30 14:05:02
C00249,1131.03,retrait,ES,2025-06-08 14:05:02
C00801,972.68,paiement,DE,2025-06-09 14:05:02
C00769,1602.87,achat,DE,2025-05-26 14:05:02
C00001,989.95,achat,IT,2025-05-22 14:05:02
C00002,631.88,paiement,DE,2025-06-10 14:05:02
C00872,1008.45,paiement,DE,2025-05-26 14:05:02
C00002,1661.97,versement,FR,2025-05-30 14:05:02
C00001,134.51,versement,DE,2025-06-15 14:05:02
C00181,1220.73,versement,DE,2025-05-23 14:05:02
C00001,423.94,paiement,FR,2025-05-30 14:05:02
C00002,53.74,retrait,ES,2025-05-24 14:05:02
C00001,200.14,paiement,FR,2025-05-29 14:05:02
C00001,1062.14,retrait,FR,2025-06-05 14:05:02
C00002,1967.39,virement,ES,2025-06-10 14:05:02
C00002,609.1,retrait,FR,2025-06-15 14:05:02
C00252,1177.58,paiement,IT,2025-05-21 14:05:02
C00001,336.82,paiement,DE,2025-05-30 14:05:02
C00001,722.11,achat,IT,2025-06-16 14:05:02
C00002,921.76,versement,FR,2025-06-05 14:05:02
C00001,1241.99,virement,FR,2025-05-24 14:05:02
C00002,232.63,versement,ES,2025-05-21 14:05:02
C00002,1270.45,versement,FR,2025-06-03 14:05:02
C00002,1546.34,achat,DE,2025-05-18 14:05:02
C00002,716.62,achat,ES,2025-05-19 14:05:02
C00002,178.95,virement,ES,2025-06-16 14:05:02
C00260,1827.51,paiement,FR,2025-05-31 14:05:02
C00334,1557.24,achat,ES,2025-05-26 14:05:02
C00107,819.65,versement,FR,2025-06-14 14:05:02
C00001,1186.74,achat,IT,2025-05-20 14:05:02
C00002,1051.68,achat,FR,2025-06-08 14:05:02
C00002,938.01,virement,DE,2025-05-22 14:05:02
C00002,1288.4,achat,FR,2025-06-17 14:05:02
C00002,1697.93,retrait,ES,2025-06-16 14:05:02
C00001,1169.44,virement,FR,2025-05-22 14:05:02
C00001,1171.73,versement,FR,2025-05-21 14:05:02
C00002,576.7,virement,IT,2025-05-26 14:05:02
C00001,566.26,achat,DE,2025-05-20 14:05:02
C00001,423.64,paiement,ES,2025-05-22 14:05:02
C00001,960.71,virement,ES,2025-05-23 14:05:02
C00001,1240.9,virement,IT,2025-06-14 14:05:02
C00001,377.77,paiement,DE,2025-06-03 14:05:02
C00002,747.25,retrait,IT,2025-06-16 14:05:02
C00663,490.33,retrait,ES,2025-05-29 14:05:02
C00001,1655.86,virement,FR,2025-05-23 14:05:02
C00924,1725.74,virement,DE,2025-05-23 14:05:02
C00002,1063.62,paiement,DE,2025-05-30 14:05:02
C00002,724.15,retrait,DE,2025-06-12 14:05:02
C00002,1822.16,virement,FR,2025-05-19 14:05:02
C00976,1605.84,versement,FR,2025-06-09 14:05:02
C00002,860.16,virement,ES,2025-06-17 14:05:02
C00002,1216.92,versement,DE,2025-05-18 14:05:02
C00002,1976.14,virement,DE,2025-06-07 14:05:02
C00001,956.44,achat,DE,2025-06-08 14:05:02
C00002,1329.85,paiement,IT,2025-05-31 14:05:02
C00001,1112.01,retrait,DE,2025-05-23 14:05:02
C00002,665.82,retrait,ES,2025-05-28 14:05:02
C00001,302.77,achat,FR,2025-06-17 14:05:02
C00633,602.76,retrait,DE,2025-06-07 14:05:02
C00907,1770.78,versement,FR,2025-06-17 14:05:02
C00001,1544.8,retrait,FR,2025-06-06 14:05:02
C00001,880.64,achat,DE,2025-05-22 14:05:02
C00001,1293.34,paiement,DE,2025-06-02 14:05:02
C00001,1929.66,achat,ES,2025-06-17 14:05:02
C00001,932.85,retrait,IT,2025-06-07 14:05:02
C00002,267.09,achat,FR,2025-05-19 14:05:02
C00002,403.14,virement,ES,2025-06-06 14:05:02
C00001,131.04,virement,ES,2025-05-31 14:05:02
C00001,1297.35,achat,FR,2025-05-20 14:05:02
C00001,1375.81,paiement,IT,2025-05-31 14:05:02
C00001,1614.51,virement,FR,2025-06-03 14:05:02
C00002,650.27,achat,DE,2025-06-12 14:05:02
C00001,220.12,achat,ES,2025-05-21 14:05:02
C00001,415.44,virement,FR,2025-06-14 14:05:02
C00001,87.57,achat,FR,2025-06-16 14:05:02
C00511,230.45,versement,FR,2025-06-07 14:05:02
C00002,1245.64,retrait,IT,2025-06-01 14:05:02
C00001,1261.03,versement,IT,2025-05-21 14:05:02
C00002,1747.25,virement,ES,2025-05-24 14:05:02
C00001,952.98,paiement,DE,2025-05-21 14:05:02
C00001,1478.26,retrait,DE,2025-05-30 14:05:02
C00001,567.42,virement,ES,2025-06-02 14:05:02
C00002,1625.44,paiement,DE,2025-05-24 14:05:02
C00002,637.94,virement,ES,2025-06-12 14:05:02
C00001,203.23,achat,FR,2025-06-03 14:05:02
C00002,214.9,paiement,IT,2025-05-29 14:05:02
C00001,415.24,versement,DE,2025-06-08 14:05:02
C00002,363.62,versement,FR,2025-05-25 14:05:02
C00001,348.99,retrait,ES,2025-06-10 14:05:02
C00001,776.51,paiement,ES,2025-06-04 14:05:02
C00645,1922.5,achat,DE,2025-05-27 14:05:02
C00001,1685.49,retrait,ES,2025-06-14 14:05:02
C00002,1345.68,achat,DE,2025-05-21 14:05:02
C00864,202.63,versement,ES,2025-05-28 14:05:02
C00001,1533.78,achat,ES,2025-05-31 14:05:02
C00001,839.49,paiement,DE,2025-06-12 14:05:02
C00399,1592.62,versement,DE,2025-06-10 14:05:02
C00001,1615.24,versement,IT,2025-06-11 14:05:02
C00001,386.35,achat,DE,2025-06-08 14:05:02
C00264,759.13,retrait,ES,2025-05-25 14:05:02
C00001,435.68,achat,IT,2025-06-02 14:05:02
C00001,485.32,virement,IT,2025-06-13 14:05:02
C00001,1623.34,retrait,FR,2025-06-17 14:05:02
C00001,191.89,achat,FR,2025-06-03 14:05:02
C00002,924.64,virement,IT,2025-05-20 14:05:02
C00001,591.54,paiement,FR,2025-05-19 14:05:02
C00702,40.75,virement,FR,2025-05-27 14:05:02
C00001,1932.72,virement,IT,2025-05-31 14:05:02
C00001,577.86,paiement,ES,2025-06-10 14:05:02
C00001,739.07,virement,ES,2025-05-25 14:05:02
C00002,1072.42,paiement,FR,2025-06-08 14:05:02
C00001,115.44,versement,FR,2025-05-29 14:05:02
C00001,1016.69,retrait,IT,2025-05-23 14:05:02
C00002,215.68,paiement,FR,2025-06-13 14:05:02
C00001,791.88,retrait,FR,2025-06-07 14:05:02
C00001,1974.52,retrait,ES,2025-06-14 14:05:02
C00001,157.9,versement,DE,2025-06-04 14:05:02
C00001,1155.38,virement,IT,2025-05-28 14:05:02
C00002,224.08,paiement,FR,2025-06-15 14:05:02
C00002,438.63,paiement,DE,2025-06-17 14:05:02
C00001,1348.9,retrait,IT,2025-06-13 14:05:02
C00001,1086.08,versement,IT,2025-05-22 14:05:02
C00001,1847.22,paiement,ES,2025-06-13 14:05:02
C00002,594.69,achat,IT,2025-06-10 14:05:02
C00711,1535.68,virement,ES,2025-05-23 14:05:02
C00002,42.11,paiement,DE,2025-05-28 14:05:02
C00535,348.02,achat,ES,2025-05-26 14:05:02
C00001,809.1,paiement,DE,2025-06-10 14:05:02
C00002,1756.14,achat,DE,2025-06-05 14:05:02
C00001,189.51,achat,DE,2025-06-15 14:05:02
C00002,147.16,versement,DE,2025-05-27 14:05:02
C00001,17.57,retrait,IT,2025-06-06 14:05:02
C00001,1185.83,retrait,DE,2025-05-31 14:05:02
C00002,878.75,virement,DE,2025-06-14 14:05:02
C00001,569.48,versement,ES,2025-06-16 14:05:02
C00002,1533.13,virement,IT,2025-05-27 14:05:02
C00002,912.62,virement,DE,2025-06-05 14:05:02
C00778,1958.0,paiement,DE,2025-06-16 14:05:02
C00001,725.5,achat,ES,2025-05-24 14:05:02
C00001,1088.92,virement,IT,2025-05-24 14:05:02
C00002,1834.63,versement,FR,2025-05-21 14:05:02
C00244,1458.52,versement,FR,2025-06-05 14:05:02
C00001,863.3,virement,FR,2025-05-21 14:05:02
C00001,75.6,versement,ES,2025-06-03 14:05:02
C00002,980.9,retrait,ES,2025-06-15 14:05:02
C00001,1491.73,retrait,IT,2025-06-06 14:05:02
C00002,26.78,achat,DE,2025-05-30 14:05:02
C00001,1817.71,paiement,FR,2025-05-24 14:05:02
C00022,1133.47,versement,IT,2025-05-27 14:05:02
C00002,1191.32,achat,FR,2025-05-27 14:05:02
C00001,1629.96,versement,IT,2025-06-07 14:05:02
C00002,461.96,versement,FR,2025-05-19 14:05:02
C00845,1898.29,paiement,DE,2025-05-24 14:05:02
C00001,1961.75,versement,FR,2025-06-13 14:05:02
C00001,935.25,paiement,ES,2025-05-21 14:05:02
C00649,1798.37,achat,DE,2025-06-01 14:05:02
C00002,902.64,virement,ES,2025-06-08 14:05:02
C00001,1923.08,versement,FR,2025-06-07 14:05:02
C00001,500.15,versement,IT,2025-06-11 14:05:02
C00001,833.47,virement,FR,2025-05-23 14:05:02
C00001,1867.48,achat,IT,2025-05-31 14:05:02
C00001,670.69,versement,FR,2025-05-21 14:05:02
C00002,1754.47,paiement,IT,2025-05-22 14:05:02
C00001,1605.37,virement,FR,2025-06-14 14:05:02
C00001,1130.24,achat,FR,2025-05-23 14:05:02
C00486,191.9,versement,IT,2025-05-31 14:05:02
C00001,1845.28,versement,DE,2025-05-29 14:05:02
C00002,56.47,versement,IT,2025-05-23 14:05:02
C00002,1527.46,virement,FR,2025-06-04 14:05:02
C00001,602.33,versement,DE,2025-06-03 14:05:02
C00001,1482.77,achat,ES,2025-05-23 14:05:02
C00001,1014.48,versement,ES,2025-06-14 14:05:02
C00797,118.86,paiement,ES,2025-05-26 14:05:02
C00002,1303.23,achat,ES,2025-06-13 14:05:02
C00001,114.6,versement,ES,2025-06-17 14:05:02
C00001,1033.87,achat,DE,2025-06-07 14:05:02
C00001,254.67,versement,DE,2025-05-18 14:05:02
C00582,1020.48,achat,IT,2025-05-22 14:05:02
C00002,1783.04,retrait,FR,2025-05-21 14:05:02
C00001,1396.47,versement,ES,2025-06-05 14:05:02
C00001,775.9,virement,ES,2025-05-29 14:05:02
C00002,769.16,achat,ES,2025-06-13 14:05:02
C00002,1770.61,paiement,ES,2025-05-19 14:05:02
C00001,439.49,versement,IT,2025-05-31 14:05:02
C00002,1535.03,achat,DE,2025-06-04 14:05:02
C00001,1999.87,paiement,ES,2025-05-19 14:05:02
C00002,1122.48,paiement,IT,2025-06-05 14:05:02
C00001,302.47,paiement,ES,2025-06-15 14:05:02
C00001,1890.71,paiement,FR,2025-05-23 14:05:02
C00002,38.33,versement,IT,2025-05-28 14:05:02
C00002,245.75,paiement,DE,2025-06-13 14:05:02
C00001,225.84,versement,DE,2025-06-02 14:05:02
C00636,1585.99,achat,FR,2025-06-01 14:05:02
C00002,1155.09,retrait,ES,2025-05-26 14:05:02
C00001,1014.19,virement,FR,2025-06-05 14:05:02
C00420,179.48,virement,DE,2025-05-19 14:05:02
C00002,996.2,retrait,FR,2025-05-30 14:05:02
C00001,1671.99,versement,DE,2025-06-07 14:05:02
C00482,708.13,virement,DE,2025-05-28 14:05:02
C00001,1622.61,retrait,ES,2025-06-16 14:05:02
C00001,1089.3,paiement,IT,2025-05-28 14:05:02
C00001,680.83,versement,DE,2025-05-20 14:05:02
C00097,1728.64,paiement,IT,2025-06-11 14:05:02
C00001,229.59,virement,IT,2025-06-11 14:05:02
C00002,740.71,retrait,FR,2025-05-20 14:05:02
C00001,201.89,retrait,IT,2025-06-05 14:05:02
C00001,1976.2,achat,DE,2025-06-16 14:05:02
C00553,1281.43,versement,DE,2025-05-28 14:05:02
C00002,803.22,retrait,ES,2025-06-01 14:05:02
C00980,1791.49,versement,IT,2025-06-04 14:05:02
C00001,697.72,virement,ES,2025-05-25 14:05:02
C00001,1085.61,versement,ES,2025-06-10 14:05:02
C00069,1220.01,virement,IT,2025-05-21 14:05:02
C00001,1796.65,virement,IT,2025-05-27 14:05:02
C00001,1906.47,versement,DE,2025-06-15 14:05:02
C00001,1379.78,achat,DE,2025-06-12 14:05:02
C00615,1490.73,virement,DE,2025-05-19 14:05:02
C00002,579.73,retrait,FR,2025-06-08 14:05:02
C00001,1467.57,achat,DE,2025-06-14 14:05:02
C00002,1037.47,virement,FR,2025-05-27 14:05:02
C00002,470.71,retrait,ES,2025-06-13 14:05:02
C00002,783.81,virement,DE,2025-05-19 14:05:02
C00001,1355.25,virement,IT,2025-05-24 14:05:02
C00001,605.35,achat,DE,2025-06-13 14:05:02
C00001,446.81,retrait,ES,2025-05-27 14:05:02
C00002,105.62,virement,DE,2025-05-23 14:05:02
C00001,887.46,virement,DE,2025-06-09 14:05:02
C00002,865.57,retrait,DE,2025-06-03 14:05:02
C00001,883.5,virement,DE,2025-06-16 14:05:02
C00002,1178.57,versement,ES,2025-05-19 14:05:02
C00001,1782.12,paiement,ES,2025-06-05 14:05:02
C00002,647.74,versement,DE,2025-06-08 14:05:02
C00002,1659.3,virement,ES,2025-06-01 14:05:02
C00002,1739.32,virement,DE,2025-06-17 14:05:02
C00002,1447.77,retrait,ES,2025-06-02 14:05:02
C00001,85.49,achat,IT,2025-06-03 14:05:02
C00002,1053.59,versement,FR,2025-05-20 14:05:02
C00549,141.84,versement,IT,2025-06-17 14:05:02
C00002,304.16,versement,FR,2025-06-16 14:05:02
C00001,1258.15,retrait,DE,2025-05-29 14:05:02
C00001,1293.09,versement,ES,2025-06-08 14:05:02
C00001,1960.59,achat,DE,2025-06-15 14:05:02
C00002,1098.99,achat,IT,2025-06-12 14:05:02
C00001,553.72,paiement,IT,2025-05-24 14:05:02
C00001,720.0,achat,DE,2025-05-21 14:05:02
C00001,1003.67,achat,FR,2025-06-06 14:05:02
C00001,459.98,achat,DE,2025-06-05 14:05:02
C00002,1909.03,paiement,IT,2025-05-28 14:05:02
C00167,1312.97,paiement,IT,2025-05-22 14:05:02
C00001,1393.89,versement,ES,2025-05-19 14:05:02
C00757,1322.81,versement,ES,2025-06-09 14:05:02
C00001,1984.55,paiement,DE,2025-05-31 14:05:02
C00632,546.97,virement,DE,2025-05-28 14:05:02
C00001,940.52,paiement,ES,2025-06-08 14:05:02
C00481,1163.95,achat,IT,2025-06-15 14:05:02
C00001,1167.91,achat,DE,2025-06-05 14:05:02
C00001,1100.03,versement,ES,2025-05-21 14:05:02
C00002,653.96,achat,DE,2025-06-10 14:05:02
C00001,1267.55,virement,ES,2025-05-31 14:05:02
C00486,459.18,achat,DE,2025-05-23 14:05:02
C00499,1473.48,achat,ES,2025-06-09 14:05:02
C00001,992.58,retrait,ES,2025-06-02 14:05:02
C00001,602.0,retrait,FR,2025-05-19 14:05:02
C00297,1121.16,virement,IT,2025-05-20 14:05:02
C00091,1531.41,paiement,FR,2025-05-29 14:05:02
C00001,1460.89,versement,ES,2025-06-07 14:05:02
C00571,1965.19,achat,FR,2025-06-13 14:05:02
C00001,496.21,paiement,FR,2025-06-05 14:05:02
C00001,1672.05,retrait,IT,2025-05-28 14:05:02
C00001,1519.46,retrait,DE,2025-05-31 14:05:02
C00712,932.3,versement,FR,2025-06-10 14:05:02
C00002,1971.81,versement,ES,2025-06-12 14:05:02
C00429,1090.44,virement,IT,2025-05-29 14:05:02
C00333,315.81,paiement,DE,2025-06-10 14:05:02
C00001,680.66,retrait,FR,2025-06-05 14:05:02
C00001,1683.1,paiement,IT,2025-05-25 14:05:02
C00002,975.1,retrait,DE,2025-06-17 14:05:02
C00626,444.91,virement,FR,2025-05-26 14:05:02
C00001,1331.01,retrait,ES,2025-06-04 14:05:02
C00001,1447.09,virement,FR,2025-06-13 14:05:02
C00001,527.23,versement,IT,2025-06-14 14:05:02
C00804,1851.48,retrait,ES,2025-05-23 14:05:02
C00465,1007.98,virement,IT,2025-06-08 14:05:02
C00001,46.27,paiement,ES,2025-06-13 14:05:02
C00001,1429.58,virement,FR,2025-06-08 14:05:02
C00001,550.25,virement,FR,2025-06-06 14:05:02
C00001,1462.58,versement,IT,2025-06-10 14:05:02
C00507,1571.35,retrait,ES,2025-05-31 14:05:02
C00001,44.08,paiement,FR,2025-05-22 14:05:02
C00001,191.43,virement,IT,2025-05-21 14:05:02
C00324,346.81,paiement,DE,2025-05-22 14:05:02
C00001,1823.57,achat,IT,2025-06-16 14:05:02
C00002,661.47,achat,DE,2025-05-29 14:05:02
C00001,787.03,achat,ES,2025-06-14 14:05:02
C00001,1719.66,virement,DE,2025-05-24 14:05:02
C00001,467.84,virement,DE,2025-06-02 14:05:02
C00001,661.52,virement,IT,2025-06-07 14:05:02
C00002,916.83,virement,IT,2025-05-25 14:05:02
C00002,1930.48,virement,DE,2025-06-13 14:05:02
C00001,307.68,paiement,IT,2025-06-16 14:05:02
C00659,1241.13,paiement,IT,2025-06-04 14:05:02
C00001,153.2,retrait,ES,2025-06-08 14:05:02
C00001,729.66,versement,IT,2025-06-10 14:05:02
C00002,1248.14,achat,FR,2025-05-27 14:05:02
C00002,1034.99,virement,IT,2025-06-03 14:05:02
C00002,881.94,versement,FR,2025-06-15 14:05:02
C00001,1733.89,versement,FR,2025-06-01 14:05:02
C00002,1788.28,retrait,IT,2025-05-18 14:05:02
C00001,289.24,paiement,IT,2025-06-13 14:05:02
C00486,394.18,virement,DE,2025-05-31 14:05:02
C00001,882.62,retrait,DE,2025-06-16 14:05:02
C00336,162.24,paiement,FR,2025-05-23 14:05:02
C00001,470.15,achat,ES,2025-06-14 14:05:02
C00002,98.74,retrait,IT,2025-05-19 14:05:02
C00002,759.2,retrait,DE,2025-05-22 14:05:02
C00002,827.99,achat,IT,2025-05-30 14:05:02
C00002,12.3,versement,ES,2025-05-31 14:05:02
C00001,155.46,virement,IT,2025-06-15 14:05:02
C00002,889.77,retrait,DE,2025-05-27 14:05:02
C00002,225.62,achat,IT,2025-06-04 14:05:02
C00001,1247.55,paiement,ES,2025-05-25 14:05:02
C00001,136.11,virement,IT,2025-06-03 14:05:02
C00002,463.84,retrait,ES,2025-05-30 14:05:02
C00109,1114.6,versement,IT,2025-06-17 14:05:02
C00002,116.01,versement,ES,2025-06-08 14:05:02
C00001,320.22,retrait,FR,2025-06-11 14:05:02
C00001,807.59,retrait,ES,2025-06-05 14:05:02
C00027,404.76,virement,ES,2025-06-14 14:05:02
C00002,922.01,versement,IT,2025-06-02 14:05:02
C00001,1416.99,versement,ES,2025-06-15 14:05:02
C00002,944.67,paiement,ES,2025-06-10 14:05:02
C00002,1415.16,achat,ES,2025-06-14 14:05:02
C00002,802.2,achat,DE,2025-06-09 14:05:02
C00002,1869.84,achat,IT,2025-05-21 14:05:02
C00002,1410.33,versement,IT,2025-05-28 14:05:02
C00002,405.12,retrait,ES,2025-06-03 14:05:02
C00001,1393.88,paiement,DE,2025-05-25 14:05:02
C00002,326.95,virement,FR,2025-06-03 14:05:02
C00001,506.11,achat,ES,2025-05-30 14:05:02
C00666,825.34,virement,DE,2025-06-01 14:05:02
C00002,932.21,virement,ES,2025-05-27 14:05:02
C00001,1959.69,retrait,IT,2025-05-27 14:05:02
C00002,1935.85,paiement,ES,2025-05-29 14:05:02
C00002,1855.98,versement,FR,2025-06-07 14:05:02
C00001,1106.42,retrait,FR,2025-05-22 14:05:02
C00975,1802.48,virement,ES,2025-06-06 14:05:02
C00363,1631.57,virement,FR,2025-06-10 14:05:02
C00002,1287.12,paiement,DE,2025-05-30 14:05:02
C00001,622.38,paiement,DE,2025-06-03 14:05:02
C00002,468.03,retrait,FR,2025-06-16 14:05:02
C00001,1985.83,virement,FR,2025-06-01 14:05:02
C00012,1034.97,virement,IT,2025-06-01 14:05:02
C00002,945.93,paiement,ES,2025-06-14 14:05:02
C00595,1868.38,virement,DE,2025-05-19 14:05:02
C00001,1417.78,paiement,IT,2025-05-25 14:05:02
C00001,929.66,paiement,DE,2025-06-13 14:05:02
C00001,757.67,versement,ES,2025-05-25 14:05:02
C00002,1568.01,achat,IT,2025-06-15 14:05:02
C00002,933.73,virement,DE,2025-05-18 14:05:02
C00002,721.66,retrait,DE,2025-05-25 14:05:02
C00001,1176.33,achat,ES,2025-06-14 14:05:02
C00897,240.21,achat,IT,2025-06-11 14:05:02
C00001,55.14,virement,FR,2025-05-22 14:05:02
C00001,1602.01,paiement,ES,2025-06-07 14:05:02
C00389,1074.33,achat,ES,2025-05-29 14:05:02
C00002,1935.63,retrait,IT,2025-06-05 14:05:02
C00001,1266.57,versement,DE,2025-05-28 14:05:02
C00002,606.54,versement,IT,2025-05-28 14:05:02
C00002,1290.69,versement,DE,2025-05-31 14:05:02
C00002,835.17,retrait,FR,2025-06-11 14:05:02
C00001,1651.35,versement,IT,2025-06-16 14:05:02
C00001,1864.36,virement,ES,2025-06-05 14:05:02
C00002,563.38,paiement,IT,2025-06-04 14:05:02
C00002,1606.25,achat,IT,2025-05-28 14:05:02
C00329,1295.15,paiement,DE,2025-06-12 14:05:02
C00132,1020.44,virement,IT,2025-06-08 14:05:02
C00001,1633.03,achat,IT,2025-06-07 14:05:02
C00002,456.93,virement,ES,2025-06-02 14:05:02
C00002,161.88,achat,IT,2025-06-05 14:05:02
C00001,1188.2,achat,IT,2025-06-10 14:05:02
C00001,1647.71,paiement,DE,2025-05-21 14:05:02
C00059,1310.68,versement,IT,2025-05-21 14:05:02
C00761,454.26,virement,ES,2025-06-05 14:05:02
C00001,1485.41,achat,IT,2025-06-11 14:05:02
C00001,284.51,paiement,DE,2025-06-02 14:05:02
C00046,508.22,virement,DE,2025-05-21 14:05:02
C00002,25.87,virement,IT,2025-06-11 14:05:02
C00905,1693.34,retrait,IT,2025-06-02 14:05:02
C00001,1404.16,retrait,IT,2025-06-13 14:05:02
C00001,213.58,achat,DE,2025-06-04 14:05:02
C00568,718.18,achat,IT,2025-05-28 14:05:02
C00001,216.23,retrait,IT,2025-06-17 14:05:02
C00001,722.79,virement,DE,2025-05-30 14:05:02
C00002,1262.32,virement,IT,2025-06-13 14:05:02
C00001,1552.16,achat,DE,2025-06-13 14:05:02
C00001,1269.18,virement,DE,2025-05-31 14:05:02
C00001,340.03,virement,DE,2025-06-11 14:05:02
C00001,472.25,retrait,ES,2025-06-05 14:05:02
C00536,1999.24,retrait,ES,2025-05-21 14:05:02
C00287,82.28,versement,ES,2025-05-29 14:05:02
C00001,1251.63,achat,IT,2025-05-18 14:05:02
C00002,925.28,versement,FR,2025-06-05 14:05:02
C00064,1333.68,achat,IT,2025-05-24 14:05:02
C00002,1049.76,virement,IT,2025-06-10 14:05:02
C00002,1193.61,versement,DE,2025-05-22 14:05:02
C00002,594.39,virement,IT,2025-06-07 14:05:02
C00916,367.81,achat,DE,2025-06-13 14:05:02
C00002,468.32,paiement,ES,2025-06-16 14:05:02
C00001,497.17,virement,IT,2025-05-18 14:05:02
C00002,1177.12,paiement,DE,2025-05-23 14:05:02
C00002,1568.36,retrait,ES,2025-05-23 14:05:02
C00001,1273.59,achat,IT,2025-05-20 14:05:02
C00002,1581.77,achat,DE,2025-06-03 14:05:02
C00001,39.17,versement,DE,2025-05-23 14:05:02
C00002,1552.76,versement,DE,2025-06-11 14:05:02
C00001,1099.34,versement,FR,2025-05-26 14:05:02
C00002,661.4,versement,ES,2025-06-13 14:05:02
C00001,139.41,virement,ES,2025-05-27 14:05:02
C00002,851.67,virement,DE,2025-06-05 14:05:02
C00001,767.9,paiement,FR,2025-06-05 14:05:02
C00002,463.51,retrait,ES,2025-05-21 14:05:02
C00002,59.61,virement,DE,2025-05-21 14:05:02
C00001,311.56,achat,FR,2025-06-10 14:05:02
C00002,1755.07,virement,IT,2025-05-26 14:05:02
C00002,1901.26,paiement,ES,2025-05-26 14:05:02
C00001,184.86,achat,DE,2025-05-23 14:05:02
C00001,1908.17,retrait,DE,2025-06-15 14:05:02
C00002,1667.08,paiement,DE,2025-06-14 14:05:02
C00001,1330.94,paiement,FR,2025-06-02 14:05:02
C00001,1309.72,virement,ES,2025-05-28 14:05:02
C00001,507.66,versement,ES,2025-05-19 14:05:02
C00002,907.7,paiement,FR,2025-05-23 14:05:02
C00002,1165.64,paiement,IT,2025-05-31 14:05:02
C00002,1152.65,achat,ES,2025-06-02 14:05:02
C00001,1912.29,virement,DE,2025-06-05 14:05:02
C00001,1309.0,versement,IT,2025-06-03 14:05:02
C00002,1607.12,achat,ES,2025-05-23 14:05:02
C00002,33.36,paiement,ES,2025-06-09 14:05:02
C00001,187.65,versement,IT,2025-05-20 14:05:02
C00002,1903.12,retrait,FR,2025-05-18 14:05:02
C00001,1828.31,versement,ES,2025-05-20 14:05:02
C00001,593.81,retrait,FR,2025-06-07 14:05:02
C00002,1076.31,paiement,DE,2025-06-01 14:05:02
C00001,542.52,paiement,DE,2025-05-30 14:05:02
C00002,728.53,paiement,FR,2025-06-04 14:05:02
C00001,323.52,versement,IT,2025-06-07 14:05:02
C00001,1699.34,achat,IT,2025-06-11 14:05:02
C00001,1497.5,retrait,DE,2025-06-13 14:05:02
C00002,174.23,retrait,IT,2025-06-11 14:05:02
C00001,1696.81,achat,IT,2025-06-10 14:05:02
C00001,489.35,versement,FR,2025-05-27 14:05:02
C00002,1492.8,virement,DE,2025-05-25 14:05:02
C00002,50.69,paiement,ES,2025-06-12 14:05:02
C00683,1270.46,versement,DE,2025-06-03 14:05:02
C00309,673.94,paiement,FR,2025-06-11 14:05:02
C00803,1995.77,achat,DE,2025-06-17 14:05:02
C00002,554.92,achat,IT,2025-06-07 14:05:02
C00001,80.85,paiement,DE,2025-06-05 14:05:02
C00002,824.97,achat,ES,2025-05-26 14:05:02
C00001,1727.47,achat,FR,2025-06-08 14:05:02
C00395,85.07,retrait,IT,2025-05-31 14:05:02
C00001,1545.17,achat,FR,2025-06-15 14:05:02
